Subject,SEX,ECOG PS,log_LDH,log_NLR,SMOKING CURRENT,SMOKING FORMER,SMOKING NEVER,PDL1 CATEGORY,PARENCHYMAL BRAIN METS AT IO START,LIVER METS AT IO START,BONE METS AT IO START,log_vanilla_logarithm_firstorder_Energy,log_vanilla_logarithm_firstorder_TotalEnergy,log_vanilla_logarithm_glcm_ClusterProminence,log_vanilla_wavelet-LLL_firstorder_Energy,log_vanilla_wavelet-LLL_firstorder_TotalEnergy,log_vanilla_exponential_glszm_ZoneVariance,log_vanilla_gradient_firstorder_Energy,log_vanilla_wavelet-HLL_glszm_LargeAreaHighGrayLevelEmphasis,log_vanilla_exponential_glszm_LargeAreaHighGrayLevelEmphasis,log_vanilla_wavelet-LHL_firstorder_Energy,log_vanilla_wavelet-LLH_firstorder_TotalEnergy,log_vanilla_wavelet-HHL_firstorder_Energy,log_vanilla_gradient_firstorder_TotalEnergy,log_vanilla_wavelet-LHL_firstorder_TotalEnergy,log_vanilla_wavelet-LLH_glszm_LargeAreaHighGrayLevelEmphasis,log_vanilla_wavelet-LLH_firstorder_Energy,log_vanilla_wavelet-LHH_firstorder_TotalEnergy,log_vanilla_wavelet-LHH_firstorder_Energy,log_vanilla_square_glszm_LargeAreaLowGrayLevelEmphasis,log_vanilla_wavelet-HHH_glszm_ZoneVariance,log_vanilla_logarithm_glcm_ClusterShade,log_vanilla_squareroot_glszm_LargeAreaHighGrayLevelEmphasis,log_vanilla_wavelet-HHL_glszm_LargeAreaLowGrayLevelEmphasis,log_vanilla_logarithm_glszm_LargeAreaHighGrayLevelEmphasis,log_vanilla_logarithm_firstorder_Variance,log_vanilla_square_firstorder_TotalEnergy,log_vanilla_logarithm_ngtdm_Complexity,log_vanilla_wavelet-LHL_glszm_LargeAreaEmphasis,log_vanilla_square_firstorder_Energy,log_vanilla_gradient_glszm_LargeAreaHighGrayLevelEmphasis,log_vanilla_wavelet-LLL_glcm_ClusterProminence,log_vanilla_logarithm_glcm_Autocorrelation,log_vanilla_logarithm_glszm_HighGrayLevelZoneEmphasis,log_vanilla_wavelet-LLH_glcm_ClusterProminence,log_vanilla_logarithm_glcm_ClusterTendency,log_vanilla_logarithm_gldm_SmallDependenceHighGrayLevelEmphasis,log_vanilla_wavelet-LLH_gldm_LargeDependenceHighGrayLevelEmphasis,log_vanilla_wavelet-HHH_gldm_GrayLevelNonUniformity,log_vanilla_wavelet-LHL_glcm_ClusterProminence,log_vanilla_wavelet-LHL_gldm_LargeDependenceHighGrayLevelEmphasis,log_vanilla_wavelet-HHL_glrlm_RunLengthNonUniformity,log_vanilla_wavelet-HLL_glcm_ClusterProminence,log_vanilla_logarithm_glszm_GrayLevelVariance,log_vanilla_wavelet-HLL_gldm_LargeDependenceHighGrayLevelEmphasis,vanilla_wavelet-LLL_firstorder_Variance,log_vanilla_gradient_glrlm_GrayLevelNonUniformity,log_vanilla_gradient_glcm_ClusterProminence,log_vanilla_wavelet-LLL_gldm_LargeDependenceHighGrayLevelEmphasis,log_vanilla_logarithm_glcm_Contrast,log_vanilla_original_glcm_ClusterProminence,log_vanilla_wavelet-HLH_glcm_ClusterProminence,log_vanilla_wavelet-LHL_ngtdm_Complexity,log_vanilla_wavelet-HHL_gldm_LargeDependenceHighGrayLevelEmphasis,log_vanilla_wavelet-HHH_glszm_SizeZoneNonUniformity,log_vanilla_wavelet-HLH_gldm_LargeDependenceHighGrayLevelEmphasis,log_vanilla_wavelet-HHL_glcm_ClusterProminence,log_vanilla_wavelet-HLL_ngtdm_Complexity,log_vanilla_wavelet-LLH_ngtdm_Complexity,log_vanilla_gradient_firstorder_Variance,log_vanilla_wavelet-LHH_gldm_LargeDependenceHighGrayLevelEmphasis,log_vanilla_wavelet-HHH_ngtdm_Busyness,log_vanilla_wavelet-LLL_ngtdm_Complexity,log_vanilla_wavelet-LLL_glcm_ClusterShade,log_vanilla_wavelet-LHH_glcm_ClusterProminence,log_vanilla_wavelet-LLH_glszm_SizeZoneNonUniformity,vanilla_diagnostics_Image-original_Minimum,log_vanilla_square_glrlm_RunLengthNonUniformity,vanilla_original_firstorder_Variance,log_vanilla_wavelet-LLH_glrlm_LongRunHighGrayLevelEmphasis,log_vanilla_wavelet-HHL_ngtdm_Complexity,log_vanilla_wavelet-LHL_glrlm_LongRunHighGrayLevelEmphasis,log_vanilla_logarithm_firstorder_Range,log_vanilla_diagnostics_Image-original_Maximum,log_vanilla_wavelet-HHH_firstorder_Variance,log_vanilla_logarithm_firstorder_InterquartileRange,vanilla_logarithm_firstorder_Median,log_vanilla_wavelet-HHH_gldm_LargeDependenceHighGrayLevelEmphasis,log_vanilla_squareroot_glszm_HighGrayLevelZoneEmphasis,log_vanilla_wavelet-LLH_glcm_ClusterShade,log_vanilla_gradient_ngtdm_Complexity,log_vanilla_squareroot_gldm_SmallDependenceHighGrayLevelEmphasis,log_vanilla_wavelet-LHH_ngtdm_Complexity,log_vanilla_logarithm_firstorder_10Percentile,log_vanilla_wavelet-HLH_ngtdm_Complexity,log_vanilla_wavelet-HLL_glrlm_LongRunHighGrayLevelEmphasis,log_vanilla_wavelet-LHL_glcm_Autocorrelation,vanilla_logarithm_firstorder_Mean,log_vanilla_logarithm_firstorder_Minimum,log_vanilla_wavelet-HHL_glszm_GrayLevelNonUniformity,log_vanilla_wavelet-HHH_glcm_ClusterProminence,log_vanilla_logarithm_firstorder_90Percentile,log_vanilla_wavelet-LLH_glcm_Autocorrelation,log_vanilla_wavelet-HHL_glrlm_LongRunHighGrayLevelEmphasis,log_vanilla_logarithm_firstorder_RootMeanSquared,log_vanilla_wavelet-HLL_glrlm_HighGrayLevelRunEmphasis,log_vanilla_logarithm_glszm_ZoneVariance,log_vanilla_exponential_glrlm_RunLengthNonUniformity,log_vanilla_square_glszm_GrayLevelNonUniformity,log_vanilla_lbp-2D_glrlm_LongRunEmphasis,log_vanilla_wavelet-LLH_gldm_SmallDependenceHighGrayLevelEmphasis,log_vanilla_wavelet-HHH_ngtdm_Complexity,log_vanilla_wavelet-HLL_gldm_SmallDependenceHighGrayLevelEmphasis,log_vanilla_wavelet-LLL_firstorder_Median,vanilla_wavelet-LLL_glrlm_LongRunHighGrayLevelEmphasis,log_vanilla_wavelet-HLH_glrlm_LongRunHighGrayLevelEmphasis,log_vanilla_squareroot_glszm_GrayLevelVariance,log_vanilla_squareroot_glcm_SumSquares,log_vanilla_diagnostics_Image-original_Mean,vanilla_wavelet-LLL_firstorder_10Percentile,log_vanilla_wavelet-LLL_firstorder_90Percentile,log_vanilla_wavelet-LLH_glszm_LargeAreaLowGrayLevelEmphasis,vanilla_wavelet-LLL_glcm_Autocorrelation,vanilla_wavelet-LLL_firstorder_InterquartileRange,log_vanilla_original_glcm_ClusterShade,log_vanilla_wavelet-LLL_gldm_SmallDependenceHighGrayLevelEmphasis,log_vanilla_wavelet-LHL_firstorder_Maximum,log_vanilla_wavelet-LHH_glrlm_LongRunHighGrayLevelEmphasis,log_vanilla_wavelet-LLL_firstorder_Maximum,log_vanilla_wavelet-HLL_firstorder_Maximum,log_vanilla_wavelet-LLH_firstorder_Range,log_vanilla_wavelet-LLL_glszm_SmallAreaHighGrayLevelEmphasis,log_vanilla_wavelet-HHH_glrlm_LongRunHighGrayLevelEmphasis,log_vanilla_square_gldm_LargeDependenceLowGrayLevelEmphasis,log_vanilla_gradient_firstorder_Range,log_vanilla_wavelet-LLL_firstorder_Range,log_vanilla_wavelet-HHH_glrlm_HighGrayLevelRunEmphasis,log_vanilla_original_ngtdm_Complexity,log_vanilla_squareroot_firstorder_Maximum,OS_24,FOLD
2,1,0,-0.10093775952018157,-0.0948779869571148,0,1,0,1,0,0,0,-0.43725277479451835,-0.005334770454528744,0.11169805580943754,-0.10460762313029723,0.4618656472140459,-0.1426362095669931,0.01779436369401377,-1.470376389578248,-1.1925848533544563,0.9806389675602663,0.719741688781181,1.5352101267312503,0.5772390644001817,1.5577864646497313,-1.439974543209164,0.299357305926273,1.644354927667868,1.240407399776672,-0.8662176430054614,-2.6170973116240375,0.05697407799637357,-1.497846076626307,-2.630140958620027,-1.132968618221246,0.5799120390142736,0.30115314645861796,0.9663510573296248,-2.3839912091210866,-0.22840535430887,-0.8511872725905397,1.3226046973743193,-0.39668052760403777,-0.0011238460251539611,1.2091919167667693,0.4486936145958081,0.585409452210839,-1.0617296935957132,-1.3674038275048312,2.4880274443250263,-0.837655534374232,0.06929093776766874,1.4851043931848267,0.48035262712649107,-0.9565371242333384,2.145426181664236,-0.5247627980658596,0.8370839272019027,-0.9581496215721182,1.242182948892726,0.7508908517265805,2.2988067110191657,2.7502766697958507,0.014861550811975613,1.5816587886583693,-0.40892871662535674,3.3661401607899113,1.7900733607284507,1.2047410885103746,1.1121417754730663,-0.4853090209753341,-2.146870579980124,1.6536057502935104,-0.010775299848620648,3.1488110062417785,0.15013227477533111,-1024.0,0.10304468964666261,1.570881012895793,0.18183701920060777,2.957344559403758,1.0079297496643846,0.15895762111583017,0.006483623177341413,3.2416560081099934,0.8309387495347423,-1.400281986060975,0.47667426633235915,0.33958426780586376,0.4035643289539237,1.7592654498634182,1.4409717132319866,2.914823668346434,0.015741022695265856,2.1906935099667106,0.19917341189140436,1.8932966849170696,-0.7929777546973188,0.06140117101075428,0.4610295748204884,3.982714242551901,0.24828352425735298,0.6820144176436054,1.6643973221010748,0.33480268379867684,1.1471290871922037,-1.1151110942975837,0.36412589206887536,0.4400707985576904,-1.20416712776161,1.3158698600662084,3.359605825637193,1.923493746166886,-0.2820542306571168,-0.26772094575106314,0.9891412370418735,0.8604108687415658,1.0657527388691863,0.20790348487490304,-1.2446054452737236,0.21169926891531773,-0.8665194520982159,1.3919117820498417,1.3283887412438764,0.15946967156731312,2.3013888998204544,2.2334872747602654,1.4791358999730502,0.09185175861119084,1.1412703738095757,0.9361737095667538,1.6383429835623016,2.139566464410092,-0.5676944547956956,1.1224235796759023,0.9078067386458964,2.8538263730696545,1.7679907705392295,0.255642403928155,1.0,GHD
3,1,0,-3.05454856901333,-0.5153564343633539,1,0,0,2,0,0,0,-0.7875776209293003,-0.6525833961031201,0.026675346351270852,-0.5315642667557845,-0.33285182081334425,-0.3009670596936703,-0.06819060890286614,-1.9020658537543922,-1.5463455783118032,0.6187947045511233,0.23017557197615707,1.1788573167608993,0.13583198222456289,0.8624369844628721,-1.5057772430110705,0.06484608791938891,1.0884360098101673,0.9387372291113375,-1.1227398943905629,-2.786794543679188,0.057500822931309176,-1.5882366910376424,-2.632487590617645,-1.2414026888970706,0.4727470258070857,-0.4025338175118207,1.0269276230544162,-2.4746103777070125,-0.5884233727223552,-1.5962885999283816,0.6346997340968245,-0.7978269710034983,-0.2149559868735551,1.4344719838012643,0.3010468197850944,0.3830435522911732,-1.1650406411866248,-1.6917516621744506,2.496098561090477,-1.3156167143706083,-0.3167176277574276,1.8270883808785043,0.3911446016345714,-1.1413987485136512,1.2244593814189482,-1.0158194826045615,1.4156907592935848,-1.336534086095072,1.3214243759470512,0.5449763034037055,2.932217154814492,2.4539893949959093,-0.23025848217309852,1.2352969457695948,-0.5348158842834332,3.2739499565870505,2.0070631749709382,1.2926795758516867,1.739404402477309,-0.372998652422336,-2.2853011226586117,1.4284767399875555,0.09271589810311129,3.41460934527326,-0.17801272859417241,-1024.0,-0.2573311483823788,1.4789790136688854,0.29535565448075973,2.883887001437338,0.6119536900759505,0.1580108543737682,0.006483623177341413,3.1448683049743256,0.7798377614256056,-1.5752388190647573,0.3208486797232963,0.07331072831672723,0.16675381212709386,2.291835317541545,1.2339787273221956,3.009490267276904,0.012929378782589108,2.722622215490237,0.3080194306602038,1.5035994193828368,-1.1360352838208012,0.06140117101075428,0.11688387351283616,3.8080959537046692,0.22363424348717564,0.7628811092633234,1.5250777610456188,0.4023487069549384,1.307175590470574,-1.1133233301419307,-0.00018986753382821184,-0.14236946272688714,-1.3827776728302967,1.489993913227317,3.1145496648120283,2.1386357799365583,-0.4832582093423904,-0.6368870068674466,1.3462818183887306,0.7321249480347335,1.049180682783138,0.5574157026049433,-1.2990449938950532,-0.11426785640646724,-0.86670152086929,0.5826045457098891,1.009625748451306,0.21410183177455216,2.09395149782832,1.642200492277281,1.794938350937643,0.017469953584701943,1.7030508147437615,0.7048555428672457,1.281084622151477,2.1097493542486996,-0.906993681750542,1.697950880991248,0.6955286321800707,2.8415959276742715,1.9499395036450717,0.2534824214128262,0.0,GHD
5,1,1,0.0855093388189412,-0.6609264103454284,1,0,0,2,1,0,0,0.33147757872401007,0.5243001663113968,-0.16194491491690893,0.24350804043418783,0.47471255575067667,0.5505580321548263,0.042969482790410296,0.5762027162742949,0.39205660709950735,-0.1453677364760297,0.8260962852333785,0.17864435957094735,0.26582739574315073,0.03014275770319952,0.5257832879778019,0.7164468695569395,0.4286636484630204,0.26898338661218624,0.5387586324846015,0.3650806344901331,0.05523047972573839,-0.38990004376636034,0.5220245696605281,-0.5397013381969608,-0.003533587107145822,0.5353182188489123,0.33801860325338867,0.6358857198499679,0.3154261106976208,0.6243639459743758,-0.6654654895877077,0.23996822061900897,0.3731781570667221,0.3625622378532976,-0.19164610299456072,0.4765779084610546,0.47768434447883246,0.5064252781056974,-1.3759888250958798,0.05392280876417695,0.36849574566979526,-0.9466943327073444,-0.1217975206737764,0.24568364105898854,-0.7694072231175336,0.6623766776702266,-0.864872800797059,0.45839671325549897,0.21706662055500217,-0.5327361030705886,-0.4535891123386255,-0.7120983371030385,-0.07576210712142374,0.5652913314588752,0.4734679800781395,-0.5324586575878038,-0.39338095965652625,0.38032091475971036,-1.0320896004999653,-0.09044297238286912,0.19868348411214912,0.34936267183641406,0.12469807758759381,-0.46308710306254236,0.4916933930602168,-1024.0,0.2461529286729247,-0.7104146771272524,0.3357011452830765,-0.18369681570398658,-0.2540462784620693,0.1561069313246263,0.006483623177341413,-0.013664196100329234,0.3824364543015045,0.34266356917607854,0.6017761608506956,0.43952908718396955,0.05896019483614831,-0.3441578187418586,0.30740058201940235,0.07112052137360637,0.048132828373119094,-0.09506458081897223,-0.017418398144784252,-0.4449364130635136,0.268970255101361,0.06140117101075428,0.5267089972017643,-0.32487729135803156,0.11923779794263756,0.3943045902978295,-0.22608707816817344,-0.5128231341293865,-0.39227711135442395,-0.7274927885214225,0.19436763028039242,0.13685978616408714,1.0034614752358482,0.21027386754360747,0.0853473981675988,-0.7114817769976515,0.22740675508433336,0.145012034488861,0.2632566010087258,-0.21551767934680247,-0.3822680070382902,0.6042608318147622,0.34497249244321676,0.03197961088817473,-0.008254520888173623,0.17451269800859381,-0.854346402137051,0.10025668550337269,-0.2930868999777387,-0.8590136092955645,-0.37288052447732656,0.4247166048382504,0.31760466955737404,0.3209770255496355,0.11801704167865591,0.39916414279032336,0.49712838305147217,-0.25061196146074344,0.669496382686924,0.1272631707590226,0.3970355523182933,0.24914476856565934,0.0,GHD
6,0,0,-0.02445607282896347,-0.08608814831272085,0,1,0,2,0,0,0,-1.4723237778819755,-1.4514321059872042,-0.13275696499188916,-1.5243638474798253,-1.4635919484378075,-2.0784832975759286,-1.5711279457191087,-1.5413183200360778,-1.2489352507785891,-1.7532197538563157,-0.897840523822102,-1.5409915392619553,-1.6671213389214814,-1.8182294769241953,-1.549643547691131,-1.087643055389067,-1.2043817948987157,-1.3032881671534657,-1.3246336666103269,-0.7311234262021363,0.057148477620258986,-1.3131066553401665,-0.31122872582845884,-1.042825081001473,0.4172078841975411,-1.233118371500898,0.8193262647348067,-1.0445985520837204,-1.2996294152085048,-1.516413363770097,-0.5414201094805727,-0.8040278724056054,-0.31843258673921326,0.8455946672883773,0.09297690595759614,0.03733462318445074,-1.3384921381051964,-1.4209953290637622,-0.8475833354765848,-1.9416378799541851,-1.519542461912135,-1.0251460510568853,0.2576112354951997,-2.2789593983333867,0.04372420423481559,-1.4689981939712808,-1.0065342099775638,-1.8368303788903033,1.49147699256167,-0.16048861311239826,-0.6198693379883001,-0.9408930172221213,-1.3335807399027004,-1.2452288541980925,-2.4826867148973735,-0.5771946455870268,-1.7989845648714389,0.17687864965916175,-0.16791992852849366,-1.5147307331020714,-1.1623756751286694,0.2544847775211387,0.26474290248738985,-0.01452881439377655,-1.2640953934346055,-1024.0,-1.0613488879404531,1.0260040618478214,-0.5151323085545816,-0.8922699981190587,-1.870665018046894,-0.09230721088505475,0.006483623177341413,0.13115650632177403,0.7880232371860195,-1.5985503044116587,-0.8547200120863903,-0.3693221313459223,-0.04676872277301445,-0.34706839295155095,0.30030740335769657,-0.778313190272866,0.010099044202163968,-1.3552819762349964,-2.5537251543769037,-1.390382811669596,-1.1526653736737782,0.06140117101075428,-1.7650622319921845,-0.34398337301790993,0.11309274733961104,-0.06952212967889372,-1.2680933943248667,0.34187368301183746,-2.1373642245390903,-1.0047678381711285,-0.9320022740341124,-1.6215184304390184,-1.0727292033936529,0.6501244021704968,-0.43186135534561143,-1.200191693331053,-0.6216352084161396,-1.2959827742804677,-2.4997064162837033,0.26056256213872886,0.94869524682016,0.3811433257729245,-0.8383008655610216,-0.1556675096199942,-0.8604062041472836,-1.1559131377724958,0.6011603936597688,0.17510333060797695,0.6549081465420027,-1.0127392326317173,-1.441283727225594,-0.4092436426303567,-1.642851068607739,-0.26498122034343696,-0.569312232235149,-0.7991558767408029,-1.1912356055569013,-0.9952928022575631,-0.8791079838624539,-0.4380451023919144,0.9364568499933111,-0.25080517040336686,1.0,GHD
7,1,0,-0.06932835514423477,0.24647172467400957,0,1,0,2,0,0,0,0.39747524915707916,0.6063820771040848,-0.2978613092040126,0.12498400234780238,0.36803053770458055,0.6038109502165906,0.020319294202119812,0.5524487215303217,0.5119068638902305,-0.0013246900804821723,0.6770328063055598,0.2376208082337435,0.25596210345724,0.20145579602469116,0.5114171957749591,0.5386149087152726,0.5406972188329436,0.37024200535129964,0.9292210329633447,0.4293239351224577,0.05534989642666938,0.1762657100086835,0.603729875513931,-0.4334215679310005,-0.2010019879801962,0.08111279936015647,0.09210111556735882,0.6945619639202351,-0.13886583390531979,0.7618160305683055,-1.4679315123664678,0.30432208313722836,0.3908256935632467,-0.04845796479340359,-0.3454880441477304,0.46780824349372224,0.18632898259297295,0.6057672173054997,-1.1912440087503358,-0.11133054245786381,0.4872160493852775,-1.371849034332388,-0.26405637777392976,-0.0740305591614558,-1.2295266366706448,0.8059424172874009,-1.2586905953436818,0.5994459861522553,-0.04104814256906337,-1.8748333586123669,-0.47251678714787126,-0.48658073936864904,-0.10324989852391069,0.6015215973645281,0.46234006038944436,-0.5456725384405223,-0.9863635588514278,0.22545928158280015,-1.3852331739220414,0.4974248067475104,0.5824101465972359,-0.0596615193343823,0.20659614926745568,-0.45346314775470153,0.5276060459312152,-1024.0,-0.02932313752660108,-1.4514473248675084,-0.09533936250548462,-0.38788421534573764,-0.46168611212723165,0.05054792030249567,0.006483623177341413,-0.007853772409397133,0.2048513512511133,0.3856089272969385,-0.21177568529605048,0.48903094366354205,0.021834803747647895,-0.256101843059571,0.29073009345938394,-0.08083102436373266,0.08874363653897513,-0.12010011351250384,-0.402322676837006,-0.6412217798042905,0.41300233395844443,0.06140117101075428,0.6059972103055559,-0.33527409557234356,0.10266605027261688,-0.05534907106343352,-0.2569825884096282,-0.656878368462895,-0.7678085090840957,-0.6136718340074278,0.5551863315360099,-0.3716822048523014,0.8925781608607862,-0.21417699484484448,-0.12626084196539478,-0.985309565691835,0.25833843047985633,0.5436617488232239,0.24451809504185176,-0.8669240529321843,-0.8978463707526633,0.5285964478186242,0.8427282071052629,0.017537285091782113,0.2806943097682837,0.6582032889707946,-0.9069766805319778,0.20273497254666703,-0.05195839433633541,-0.014778198267602441,0.25520926052635423,-0.16100902183978563,-0.9934272534416153,0.39360330199798715,0.63111332785986,-0.3523853921570412,0.5160777939147986,-0.2639621071494524,-0.062497025507229735,-0.43988386688113174,-0.8062560448224229,0.021009305336535066,0.0,GHD
11,0,1,-0.18200337071736294,0.7997734954852024,1,0,0,0,0,0,0,0.9725646145882236,1.0554958158929686,-0.790541075752316,0.6821037522979437,0.7517651435724833,0.9887189104332806,0.534036740290378,1.3906385129703436,1.4019324609146295,0.17005354837805026,1.3874452377910786,0.1763828409436082,0.6490149891431672,0.22398225819953688,2.0123490183353865,1.4867536424378993,0.6507490572840584,0.6246352716398701,1.3207659203801614,1.2256223428455855,0.05601429095580685,1.4757355427331584,1.784350992409094,0.25760669699952243,-1.329705695637686,0.43502870746707406,-0.4692279106298797,1.5344995972315985,0.3802777224904646,1.5574962761717825,-1.6035383495708038,0.4903542121078594,0.6392415582520065,1.310566596142603,-1.6150479528770165,0.31790123541815174,3.1948327189250016,1.2120383674365438,-1.109034832829964,0.5332095830222148,1.076993844966698,-1.7622194671303384,-1.0011916193882076,0.3597081614500593,-1.5890559596881748,1.0921713156355446,-0.3957953698328729,1.3972971744824272,-1.0931979953597986,-2.5751639799842887,-0.6988030132099948,-0.4420522972128553,-0.6784296967859562,0.21598203055342477,1.8060840972089374,-0.6156513904024143,-0.8067820365351552,1.6693534528112173,-1.5029474241703713,2.524569527358375,0.4182073002435901,1.4356967769287874,0.2623403721183608,-0.12389250019696253,0.9250836588709294,-1024.0,0.19772564482178848,-1.7961595367366159,4.099257804266594,-0.5930210871815155,0.38914785587501044,0.1608408857014504,0.006483623177341413,-0.8304307869007609,-1.4831344916413973,0.3856089272969385,1.2859877941516578,0.7776166275042279,0.12503828821614202,-0.17070554885656392,-0.4806992052400674,0.7861972078771033,0.4505708985331517,0.3561841315648056,0.2331816114079599,-0.441101214369627,0.9659233876666379,0.06140117101075428,-0.39540376326255217,-0.3545999635889322,0.10555663069374116,3.4088916817449917,-0.7165946693284357,-0.8608334252920764,-0.5617318997694277,0.21085103760987814,0.6810819841344724,0.6718603321203416,1.9730366697171862,1.7210369917364168,0.7791774932033558,-1.4705771806285144,0.25507604233152464,3.2095515975947952,1.8823953834767921,-0.6314363863044203,-2.2714322524459076,0.2962956106393194,1.9456880248817914,0.02982886960285463,0.26641262625373036,0.7238804649581926,-1.4634047777673358,0.2484993024481048,-1.043346257210865,0.2789532585978729,2.5558678807870057,1.460073935404024,-0.5203779673352498,2.728941489593892,0.8629061227889748,1.0682818203551974,0.7048465207639983,0.7502729405278326,2.584927294428362,0.5761495409564567,-1.040602273040505,0.25994485223091995,0.0,GHD
12,1,1,-0.21901230661922744,5.00307199224931,0,1,0,2,0,0,0,0.3790670570169373,0.7531912102959701,-0.02165244491913348,0.16127900956291738,0.6146742472682686,0.5880894290407988,-0.11873314440958775,0.5229016542883909,0.4916592376890525,0.14147604552975812,0.9139343148530795,0.5148156505688212,0.3024936722076141,0.5354858887683783,0.5755441673818004,0.6187750455128523,0.7373599488859633,0.4145689345829403,0.5622427318332642,0.040172261490517364,0.054824726134541146,0.39252184489803466,0.06784139114432394,-0.28549651058697206,-0.2580873130800965,0.494798794365259,0.018255425440560687,0.47566065667777246,0.07094184439548878,0.7502282034836677,-0.40928737303058565,0.4868569943875622,0.5938852952545691,0.30713447994265386,-0.4075745817494306,0.5867686141681873,0.400047435170485,0.4661379841752961,-0.6067213079585531,0.382804922418316,0.4505747992587304,-0.6214592816606622,-0.1850393183162136,0.3750252296447619,-0.8630603838111992,0.7430396203600298,-1.090593771423063,0.6117233495621526,-0.2684139355040863,-0.5992378882082299,-0.06272666114289491,0.14239724027712444,0.3094800953081951,1.0881650829966412,1.2734440544484344,-0.2504073457736359,-0.12887715723549453,0.381931582743282,-1.3915683831815777,0.6694818522999318,-0.04952351351174404,0.1456806214049601,0.09828488368095847,-0.2881724972622577,0.4082042048087025,-1024.0,-0.12110055004455408,-1.0032460758960593,0.18980572283467317,0.023097389614255802,0.22543464024413254,0.15418899167637354,0.006483623177341413,0.481892343311699,-1.1140458347365398,0.5149440666236893,1.1151205499210903,0.7499273259328377,0.020892303950707364,-0.07690034369474326,0.4910643144872932,0.2309903666371543,0.08911881988556151,0.6186314022712643,0.16000171093410942,0.3127908148273445,0.7756397486339807,0.06140117101075428,1.1857357542918077,-0.15272674594307042,0.15615419538727995,0.2463984624609824,0.10136266999040121,-0.2895343924020576,0.07039113305039232,-0.4984863362010605,0.094361805996158,0.16058462129131365,0.7844247706413492,0.012954879135858148,0.32686793681188053,-0.160557019355246,0.3414538726588368,0.534924680300677,1.1643174429447387,-0.1472557050673815,-0.7011488393058486,0.5748324214739451,0.8637796474415598,0.12027607678364095,0.15111291574101535,0.6680852203492071,-1.124887426688347,0.11567730253492194,-0.19413840889902034,0.27154922481531363,0.4800679312046439,0.20124522319326238,-0.15173777004032785,0.4661953764101143,0.5214590634268689,0.8541889622008879,0.5371650356141779,0.27062848330612815,0.3790776567205908,0.5828087803529568,-0.04180000768030237,0.2447833001909167,1.0,GHD
13,0,1,0.21949982325786888,-0.2206833355420954,0,1,0,1,0,0,0,-0.6947315689553324,-0.5552081964093034,0.16534317977949484,-0.49179635333862187,-0.291625921774792,-0.11935135809752995,-0.6018785056719653,-0.6606238297965213,-1.1207193301736649,-0.525626648814052,0.10995129905135666,-0.6484292318061198,-0.46917046782520583,-0.38921370272317457,-1.4182581815751953,-0.06732062873526394,-0.1746147982588726,-0.3376572094470709,-0.861288532337075,-0.5443040885374565,0.0563756981753792,-0.7864501278089763,-0.47789573481297615,-0.6769326223788532,0.5859184338270561,-0.21193705005640467,0.8372900659708319,-0.7880238841993669,-0.4039818146242525,-1.1909730328593726,0.6241053604836171,-0.21366768861290106,-0.1729607827616562,1.223898994905559,0.5819360967189092,0.0009667549583344384,-1.1944768333495481,-0.6917276271800643,0.2726723189951522,-0.5714873144630676,-0.722291158952102,-0.1399467134300909,0.3874355654959267,-0.42790490526304037,1.3049392861275508,-0.7724118987311382,0.01604608031257277,-0.9877513779252118,1.029298537534079,0.5365133127886442,0.2515409620091639,0.0009847662302226385,-0.522780534270977,0.002669578158828386,-0.6298664573302568,-0.3557900845484266,-0.3458539063670461,0.7300804795050526,0.3738614130242718,-0.8183567474389473,-0.8065845773431078,1.3266307611338972,0.1939709514280443,0.5861741539301044,-0.36633465636964846,-1024.0,-0.15632541955364934,1.3705951456896224,-0.39656575285587436,-0.398724692682433,-0.48712081047229694,0.1608408857014504,0.006483623177341413,0.2382034847259924,0.8400207767230802,-1.4362112282526303,0.10975697135071186,-0.32863059231751823,0.5289311984999386,0.49566819795496503,0.09164490255031177,0.18674519991461672,0.011182336940470874,0.004279298037539794,-0.5998325756344793,-0.014945500245014422,-0.7932521118723349,0.06140117101075428,-0.296435156724753,-0.2918195827316009,0.13883395919868174,-0.020976756760192575,-0.6336699221317261,0.3439621971978095,-0.26365569671834327,-0.7839103221147299,-0.053344090999550536,-0.4575849617329604,-0.7774297484683586,0.7169728765877798,-0.12917453680078708,0.13148337955854197,-0.37151527580284344,-0.976348373559665,-0.6992639938596293,0.4368818786488549,1.0286102334350857,0.1359340748094551,-0.9919820202158737,0.12176817789199235,-0.8625281525342412,-0.5331296037456664,1.5434503276446792,0.10810256522826028,0.8779896926628973,-0.2552377614468887,-0.7086645119602287,0.2529367663622395,-0.6571046053570209,0.2804114462648904,-0.0694855079809542,-0.003770111624570281,-0.7376949735121908,0.013401317774851963,0.38396814553855907,0.13416434704078117,1.9951261310359762,0.25994485223091995,1.0,GHD
20,0,1,0.24080807069740331,-0.1261776683977306,1,0,0,2,0,0,1,2.496899864219045,1.4073551491677192,0.2175961442596534,2.6497297747691775,1.2226729400711727,1.38987443198934,2.869990425447278,2.000216155703455,2.252991389035435,2.2920806304438255,-0.1515974757118445,1.773197286287064,1.7646826505430986,1.2099293558410584,2.1225707542622465,1.1479377806314435,0.5748638828300563,1.7069512454486087,2.336761703944867,2.2460623637335395,0.05428967667989735,1.5501743714777805,1.652201814730216,0.4553140235309109,-0.5739501935765043,1.0241847364593835,-0.6921749453539582,1.9047382959021477,2.38041059424263,2.725612575797731,-0.24524692993997277,0.5709824045530897,0.7086831394058071,-2.448018862607938,-0.31635482742867904,0.4408430215506799,0.5229163052336551,2.5048534296159253,-0.20529761914178427,1.693154527379653,2.3800841477622345,-0.4099430591661572,-0.5701207862752673,0.9057130244056509,-1.3901308422554202,2.7280071530675007,1.7156291641285246,0.20817760216596495,-1.186500512875201,0.06750862892072816,-1.713384732110538,0.7022366577224339,1.2655475982397755,0.665482444457892,0.3277715459182852,-0.5534632855777383,0.15393778130576813,-1.2309182445812954,0.3158600831807767,0.08116263953591106,2.562881749602338,-1.312567277511551,0.11096516261457412,-1.4305473851959203,1.6029617104333689,-1024.0,2.237561031595148,-1.2387127483398834,0.07473004281075485,0.17994026384443,1.6936706874238046,0.1608408857014504,0.006483623177341413,-0.858402210728958,-1.26349840824023,0.5686962520747415,0.06013079065888636,1.0033561711867387,-0.0068820381288551445,1.8465395162422618,0.23619780449804514,-0.7341867459361617,0.18615005865859577,-0.5025999251719523,0.819890403632007,1.3829157958182798,1.0378472021387382,0.06140117101075428,2.2622104116054946,-0.3744553267279689,0.2014814418616192,-0.19938430149631958,1.1408093789854905,-0.19742826059352597,0.325923924990439,0.3845459618814499,1.4677757604404884,2.0613338813734985,2.4513004874794357,-1.4484228953905378,-0.4414359323082083,-0.6382380400233691,0.36772397078028474,-0.20991924589800162,0.1913488092245589,-0.5691840005875869,-0.8078561031465655,0.27455713702561524,2.0984668097950534,0.22662153622282788,3.223348623845285,-0.24451643062148348,-1.195393912858696,0.07284508525648964,-1.3115150739268768,1.365668267911972,-0.10842854288913975,0.5349722250055761,0.8215811552426654,-0.5546547801640302,-0.10763990711428438,-0.04234301887418158,0.8475095702728722,2.953723001398365,0.44733458421778904,-0.44445204713730097,-1.2852875484742556,0.25994485223091995,0.0,GHD
23,1,1,0.01616897996914619,-0.4909008414649255,1,0,0,1,0,1,0,0.37835743318372955,0.648526806610094,-0.07991085973585613,0.37332238033426324,0.7037319151920854,0.6092647525666678,0.2633211941006773,0.6119382048782896,0.5481153727778774,0.11386532218291189,1.1075796291451625,0.23631459461863086,0.6078766747723412,0.3940272710692145,0.6316454059990895,0.9444337213105279,0.6273016388386518,0.39994750795863826,0.3953907133551027,0.27695428987148063,0.05492880350349683,0.9048995625678845,0.4651390496637064,-0.03117074159718301,-0.13734930078777938,0.584409084453936,0.2669356248475472,0.5898117842184786,0.27684492812902556,0.489216848779525,-0.20792530623508126,0.4342250647351802,0.4901288111848908,0.6832389664964512,-0.4286532068020346,0.3550397059485091,0.9873426826086059,0.5003865239967024,-0.6001652214628374,0.2547762601257642,0.37892338725706004,-0.7299648159010026,0.03308211598891587,0.3817228710479841,-0.37226959093779266,0.4672207118877106,0.0663469546815137,0.8587200020692799,-0.022928196932626068,-0.5890085939446021,-0.18393677495497143,-0.2679391730136898,-0.0983055500436545,0.7066397030662379,0.8951123677236894,-0.4772195801890005,-0.34331591794822147,0.8800449982222323,-0.20798687789892156,1.180215825821772,0.19409380714013474,0.6957742378270768,0.05907922555239447,-0.07864436066902016,0.5781591563899812,-1024.0,0.259832809313046,-0.7610536452427271,0.9461111433754164,-0.17824009218801543,-0.04193789905759511,0.1608408857014504,0.006483623177341413,0.07060025199111628,-1.3115285864219894,0.47631033287118163,0.590654853270361,0.40733778973689433,0.09030993369499685,0.20826938844043483,-0.05768458854315389,0.24134405266581993,0.05669415574148997,0.2082511703640617,0.15172170607464458,-0.2867474032060685,0.6419586416267501,0.06140117101075428,0.6297610457030434,-0.3066747394602659,0.11923779794263756,0.8736111177381434,-0.2209104485115747,-0.3216309500338723,-0.23853526373314327,-0.15807086967333644,0.24267457179444984,0.5333402174546166,0.888737902776384,0.6127048001353607,0.0874637479818259,-0.5940199856563539,0.30564704181386015,0.9668709561862642,0.7439085680150813,0.2463384516155697,-0.5789146589939664,0.2519735374450415,0.18635331377958225,0.07995810256193105,-0.17534036894668897,0.7742963272248857,-0.6376377861636545,0.1030579784126767,0.0401377934580402,0.018215951256316542,0.9848682510413803,0.1046052801903556,0.20627709190457036,0.8123954667244553,0.530539378938617,0.4070230997478097,0.4924927477412653,0.27948796426183903,0.37438519989058977,0.128292704294524,0.6238838139334608,0.25994485223091995,0.0,GHD
24,0,0,-0.03473042556955739,-0.13970289648080217,1,0,0,0,0,1,0,-0.2972579825219861,-0.10636532888911823,0.3556511119459559,-0.45761925434523176,-0.21595628566534011,0.11219284369742012,-0.794817563174972,-0.0631482309719511,-0.5977946053859142,-0.732356844720815,0.009933072882672518,-0.4455705212755876,-0.6485859560858399,-0.5810749826272172,-0.41362165750131435,-0.2119799280185963,-0.20309152069127384,-0.3961619874681128,-0.14999675429145853,-0.18687792585552718,0.05431423819552244,0.07827109919840931,-0.021109661841133096,-0.007024277209330487,0.4842481549542733,-0.045514405086889406,0.24230943108147743,0.10587412928690294,-0.2796117449690228,-0.10818119642366625,0.3153557192438178,0.18152205933652266,0.2192532123926049,0.19659755292894784,0.6481330422119598,0.12884086780280013,-0.25729321278485257,-0.24184221461936076,-0.9673732015380964,-0.06868650894938133,-0.35735429763756216,-1.1126690700493433,0.3454583146605169,-0.16266813811447833,-0.03031400753082611,-0.114900753823171,-1.3490508882103112,0.24185510269347588,0.2353502392057751,0.8460530677163762,-0.3895307756561048,-0.6382860267515829,-0.2607063724909424,0.05406453784242266,-0.15708122309791972,-0.5167653985978317,-0.6466453149930681,0.18311947583866395,-1.0747027608520756,0.3644311354087401,-0.22500693829430568,-0.33925188228869946,-0.0373439524006667,-0.3693102357485907,-0.264719868906622,-1024.0,-0.2878040851291624,0.3336280587397939,-0.35903097190109395,-0.384236684888738,-0.37131206642074416,0.13105664846681883,0.006483623177341413,0.07142301104869649,0.7816185177368532,0.47631033287118163,-0.38049685655659304,0.13193095084075654,0.07972337225551474,-0.4815373558165122,0.027647078102858966,-0.16428977273132114,0.024472124749487213,-0.3424953415759821,-0.42974380258862005,-0.43824983208156687,-0.04531862530554984,0.06140117101075428,-0.22266157483167018,-0.3151140280980713,0.14335688516452558,-0.11546177891288122,-0.42798237990788157,0.07759878221443135,-0.37733061230521875,-0.09866238814445459,-0.043183239187867886,-0.6604136317894813,0.01417941227524932,0.11217292501704729,-0.12433054391500105,-0.3989888726448878,0.2291015793794781,-0.2634093431278214,-0.391796307485696,0.28804351091163466,0.6583590356697379,0.5828822497028591,-0.10927041563552431,0.10356502740844326,-0.7337044322726872,-0.13674472680608218,0.3953253086762713,-0.12051408979103402,0.08083596334290351,-0.7185034485952874,0.17495904328474798,-0.04509139236998938,-0.947258173720087,0.007067695123778002,-0.11862219782719513,-0.5140454982258604,0.050898652031959445,-0.4613337514540857,-0.21259306827250557,-0.4377192478967024,0.20497513960021616,0.19281859129858164,0.0,GHD
25,1,1,-0.1655499604665955,0.3741000050733617,1,0,0,1,0,0,0,-1.6795408083972896,-1.5880576748642037,0.07716697607817892,-1.904753520257898,-1.7563854364633864,-2.0784832975759286,-1.7018991027445385,-1.2297395846293855,-1.3892855671747129,-1.945401013951046,-0.565531244034131,-1.6728248994904835,-1.7161823773891283,-1.9420175241571336,-1.493753064413204,-0.8099020360627446,-1.1844425361276132,-1.3581531486029534,-1.351724252847961,-0.9296977006598524,0.055177314615184166,-0.8441270964733256,-0.3900529975601992,-0.6295477069685461,0.4522011464074247,-1.825800270503973,0.3718603426885511,-0.8308933088918368,-1.9657244608920736,-1.2907018285909988,0.065016556945012,0.11157974538145699,0.09251860925966358,1.399204433128132,0.3460788446203166,0.3567853084712112,-1.327518887679637,-1.5471299544391002,-0.9028100370964453,-1.6523333926940376,-1.7123164093777168,-1.1632639881240208,0.3391524153804513,-1.4703745602798426,0.4371965766051095,-1.5468737711433496,-0.5221899239631912,-1.5650664109731334,0.7704988840089854,-0.17588303998880367,-0.4035801720206391,-1.3728065192198347,-1.3012038507148307,-1.1341777663159298,-1.2000829384267657,-0.5782579720629749,-1.5079339417831765,1.0600636585347087,0.1440679963031425,-1.536042773479931,-1.254566733144208,0.6760701553382386,0.1407366416612408,0.1978143390749149,-1.4251954463236594,-1024.0,-1.7051727167993773,0.10789791430570579,-0.44261731014509,-0.8827396725083296,-2.0587016075182696,-0.12347661637416071,0.006483623177341413,0.09501627882469899,0.7602888470900266,0.34266356917607854,-0.8215352548754871,0.035295183988802256,0.5281601962625732,-0.5233511612506944,0.3838953833249803,-0.4626616538460043,0.026163875168157505,-0.953607801877409,-1.9610731300497277,-1.7747021118253572,-0.169297092042159,0.06152966101255928,-1.931805344537828,-0.31090989482017334,0.14556786430400337,-0.287915290622356,-1.2844236240391447,0.0046107832947546576,-1.8279642146448436,-0.8229704166952468,-1.17993667092896,-1.5195868327935702,-1.0704862509277033,0.7123072523664594,-0.4320859033461203,-1.0670045012654261,-0.18612910108023778,-1.2493127716993755,-1.3260286371321461,0.186450738653593,0.4810293585320297,0.47276525899023225,-0.5060029432430018,0.2728772972904464,-0.8575429820867955,-1.1723114817767635,0.36406744588423773,0.05746820024979275,0.45326135210429497,-1.425100938780299,-1.3515556987835498,-0.2703094276959784,-1.189945386726025,0.13481639470147125,-0.6894457737870867,-0.7870814384782855,-0.5993314837131092,-1.2126421736975017,-1.0735624548195826,-0.42709365659913284,-0.2960019381506288,-0.3034831807014485,0.0,GHD
28,1,1,-0.1655499604665955,0.1480819796509572,1,0,0,2,0,1,0,1.21221853487871,1.4745488957401423,1.98244337234062,0.333549601803034,0.6014549419506287,0.6662539300114516,1.2055942626402736,-1.7794543145669226,0.745637416316983,1.5798505861596028,1.1078795335295086,2.6119811760121916,1.6164332237826409,1.9454287068075422,-0.8654684305993455,0.9974144073814772,2.192169052942743,2.026445324465472,2.134524812509046,-2.8527688224728203,0.05146378086997317,-1.2081196861223003,-2.6376085560992553,-0.5752710478441301,2.2991188711873773,-0.19625428795008787,2.7892517708169056,-2.069743995454722,-0.42296444583525217,-0.8808554594624228,-0.035888806800201796,1.3372543668306553,2.0069327167002955,1.0754603773629048,1.9955236811547152,2.6685346538157337,-0.1253661223132997,-0.6398098811574103,1.7657989029554069,0.3772716937476254,1.110131443020594,1.9885297382319878,2.34423310243285,-0.8371508131143499,-0.3882663654427284,0.3736555632584872,1.330121929233821,-0.45112725829545686,2.8378542685463817,0.4395543558323439,3.234892259496125,2.5016447429918984,0.7585809047648011,2.5576056752797425,-0.017751287027556503,3.9859003602148197,2.5316319876399778,1.4805256278082661,1.0578104930472723,0.9698770701923597,-1.8934280462518682,1.7633855983779079,0.0741637854230078,2.9301236322857047,1.0758147209293092,-2048.0,-0.16596516632295616,0.8965355131225893,1.0302083308690397,3.5676294523452645,1.9716452549054724,2.3455477749146314,3.102240620255307,3.7594481629641807,1.458458798434975,1.1092953174820268,1.5420939354156968,2.252960506192498,0.19727085474207634,3.1068653545294302,3.3348533918875156,3.2068893883936593,-0.30508272846054224,3.191854493304933,0.6732327188583532,2.8135702104500515,0.1805017258422754,-0.25193768174792835,1.467462924226802,4.932406884644943,0.8928137149124081,1.6559497088998565,2.467888993566074,2.98279761662238,1.6763448027958334,-1.1487422516837371,0.7057472211882159,-2.5139346544571795,-0.3339705678593956,1.6465062648115825,4.2870954829683035,2.356628644118447,0.2893641659788506,0.4812246442891171,1.8776532701333035,2.4185121605506907,2.2796893296208527,-0.22367281940440747,0.5800244330325994,0.2523901949392645,-0.8660773530945913,2.4786145434780757,-0.4534412866705337,0.13216650531947882,2.433094812097567,1.894514404043612,2.7107259797409116,1.0926800532504566,1.5151085256258283,1.617858375046115,2.3058515851006525,3.352192239661713,0.4096375757120451,2.5192726174797837,2.3969575875901317,3.922463121539485,1.9297268915115806,0.7764420699928968,0.0,GHD
29,1,1,-0.10802406315105231,2.6125830367731138,0,1,0,2,0,0,0,0.525375344677604,0.6914963341450019,0.34395771099762157,0.8820342477629615,1.0911493456852919,0.4201622957479234,0.40513680379793243,0.25007507672145307,0.07728084238783521,0.21311663033966735,0.9016770086100312,0.22714684504851543,0.6319467842462585,0.3835017394717182,-0.013930466080429428,0.8387776228199247,0.5904641657331032,0.46610617057864234,0.19853216485993522,0.2256737743400687,0.055596207214350775,0.13084068625200873,0.5939965833776961,-0.33632601156395364,0.5647392163692181,1.2284241160836904,0.11354526237542978,0.4482833164048566,1.027621144021064,0.12461208067242899,0.9696272158747813,-0.0345934055347278,0.026220320509551608,0.4585154074368812,0.8363869022309115,-0.033859272201198325,0.11594716558183912,0.5111102719403674,-0.5048040664418048,0.13406231928195708,0.4819458221274972,-0.8127134460829353,0.35017086204723535,-0.2861268261818209,0.9797426807191467,0.5084568320548833,-0.28324593120228386,0.1188097047926161,0.1071419476625264,1.2818082103302846,-0.08648131815720407,-0.2967231342328069,-0.9581025928409708,0.808770826808947,0.4932796234462753,-0.4832179142378135,-0.5687650051104277,0.7326863700797028,-0.3325670878048012,0.21358588329199663,0.20012223907550392,0.7012861362846291,-0.11189981100037802,-0.15626019290055504,0.8266171736756746,-1024.0,1.2420194284388968,1.238271332289514,0.29729479941163134,-0.3319050586600292,-0.12519151296559,0.1608408857014504,0.006483623177341413,0.053439060646436706,0.8241881875476965,-0.6301553795706344,0.39458339430807543,-0.09397454623240349,0.05871917854107581,0.20893150764985313,-0.09573111677774421,0.0032593294371898833,0.012341952739540718,0.16245610686083561,-0.593911575545106,-0.12523103642165548,-0.5350082269752293,0.06140117101075428,0.7285615100404533,-0.31207677248796123,0.14335688516452558,0.6014598552773904,-1.037749311171931,0.21367049596851723,-0.5704986422064922,-0.38868928129552477,1.329310176863245,0.7142676885318698,0.10336244842486712,0.6640512659123549,0.08377739946531565,-0.49832479538434704,0.04519065847733989,-0.2928918137043929,0.3840873036815981,0.4408158631909278,0.9426239502578473,0.5319099295138725,-0.7162029054023228,0.08723332539230123,-0.6682194905109418,0.01224517902486822,1.225554499411461,-0.13227672419806444,0.44296680752889583,-0.30336439208482996,0.021071866390594083,0.489674889364532,-0.6571480440094846,0.6481338140258264,0.17760241333500104,0.20792852828893713,-0.12670408641873243,0.06339813071654837,0.8948272254733688,0.13044118358846415,0.825886060814857,0.25994485223091995,0.0,GHD
34,0,1,-0.13659933591416917,-0.5269193362304285,1,0,0,2,1,0,0,1.081213777676124,1.162081677042246,-0.5904784389989269,0.7361078016061557,0.7984840259206847,1.0695594597195766,0.6516680563844524,1.2875943784191866,1.6165499652505972,0.35372212835601524,1.2960476984340343,0.40626576390492913,0.7733149369767433,0.4169766345241728,1.9165347308433902,1.394268104862162,0.7212602879331879,0.7027360685875617,1.4584584776780258,1.1912238259941739,0.05579748375692948,1.2181541226278245,1.4551331091893098,0.19983887034089307,-1.217186721629544,0.43051844627686525,-0.5055185000604728,1.4611591846038186,0.3843581832928267,1.6624604079470264,-1.405166153174907,0.508799173748039,0.6495621805936254,1.0369296220984174,-1.270790199918034,0.4255173878637601,2.671623022174,1.2839405526601968,-1.1694648967778163,0.6447009446050395,1.1628393357226827,-1.3038297055376245,-0.9947430241977936,0.19810792425171234,-1.679630486350685,1.4936234071252057,-0.08228745814594193,1.2103767253220026,-1.1333651730149144,-2.438789928089572,-0.35015761884865554,-0.49299621737972604,0.044574415088339,0.38762779110988044,2.6709452572125416,-0.5994213068856197,-0.7040057352730402,1.4211502930348754,-1.4470104078456316,1.0613596436718378,0.551239365092618,0.5233852125848051,0.2504504942750548,-0.6437144788306222,0.9186163690424964,-1024.0,0.3358773423847881,-1.828334269360267,3.295527754222354,-0.40280153829624954,0.4960606489894577,0.1608408857014504,0.006483623177341413,-0.6432679404482128,-1.3308645170267355,0.4468983402583189,1.275090891078945,0.8638245442453681,0.12059411140172642,0.39480417382158656,-0.12055514912822579,0.05433329125965541,0.3930020911339543,0.7069379708583287,0.007303547847762791,-0.2668174699648205,0.9941969653741853,0.06140117101075428,0.18140731934109636,-0.3646580037813376,0.12688906549947146,2.8989322571191574,-0.06737005304116886,-0.7336287458661497,-0.7550267805294012,0.10639503113368902,0.8750167768638591,0.5120144974001921,1.6877679637467182,1.3239435843110599,0.6214544708822358,-1.4436478844836569,0.2853145404197546,2.3318695187091536,2.876922839888286,-1.0779392912664796,-2.109226068733517,0.21249512085133695,2.1995161911467362,0.05581491677525127,0.48108587188796104,1.0234334568233687,-1.3905093959855992,0.24609763720841324,-1.1524856488645017,0.023666160645552374,0.9566228464893264,1.283548481827817,0.030314284561021823,2.637746517328678,0.9516005994895942,1.0626637593950796,0.6981075507786824,1.7355089442174543,2.3156083897699675,0.5759184540265564,-1.276882361677702,0.25994485223091995,0.0,GHD
42,1,1,-0.095637943628425,0.33315779559171843,0,0,0,1,0,0,0,1.0974816355909014,1.2296973158855444,-0.05406955065787348,0.8138031112982482,0.9426387237999162,0.8830526144522978,0.5065427574116619,1.0397085801008936,1.1323555569866797,0.29533506629873335,0.8796172147158982,0.4888122479001875,0.6709310972623598,0.40724410136357947,1.4981429452128965,0.8816084828628151,0.6610145588504638,0.5948608946101155,1.323181762530443,1.0766988907911956,0.054968930034969846,1.4344845531148844,1.4258504031971728,0.6660696871415315,-0.7185615961357125,0.7135085602286049,-0.47669484163411807,1.260888912881598,0.6002284485007395,1.489036639625442,-0.8529137992716049,0.5858043673939074,0.6760617916618474,-0.04735686292295681,-0.7587881831277192,0.33795703497866625,1.5241389924139719,1.1879168528115933,-1.584901492743739,0.20685701196584128,1.0692184458865412,-1.7786833485013855,-0.39610284944774177,0.075607401637147,-1.436166683543599,1.4675947647138667,-1.0405824576299356,0.9754771464934551,-0.9962866085552912,-0.9684157203271513,-1.232217938942248,-0.7993600839380056,-0.6974313857536089,0.5112899397320024,0.3721156079275063,-0.6064294335816391,-0.9723459217046261,0.4552788462416676,-1.7601440893824303,0.776627423387667,1.3155628226327656,-0.3377583180719914,0.17305696877024543,-0.929200677476203,0.7922246139781808,-1024.0,0.650101065935278,-1.4570068239498257,1.6456554735398474,-0.5925699287173201,-0.07334088545606325,0.1608408857014504,0.006483623177341413,-0.4460526183249339,-1.708426949338801,0.5588075492090909,-0.11361666750770236,0.8362573430352084,-0.004288801164355946,-0.325906871965067,-0.04488140323637641,-0.20650554350071548,0.21147543026447307,-0.4323247137912724,-0.164612115716326,-0.6282911225541952,1.0570511269223657,0.06140117101075428,0.48621867021850246,-0.3734268907458385,0.15409659259854025,1.4431861304641862,-0.7578107899145339,-0.27727851411919313,-0.7517976155775787,0.6421387718128451,1.0049679967432574,0.44033257888958,1.6235015576229437,0.3154739086174131,-0.4305632510552458,-1.2205265861966537,0.35699908048589646,1.3839260166199083,0.2129838841977388,-0.2857206320002981,-1.3322418029562058,0.5600699248553236,1.8536237787222178,0.09988820861987567,0.8642703664428555,0.8209641775750293,-1.3913616313127062,0.15641900985571602,-0.9475558164309119,-0.4876414450293555,0.589778507896627,0.6648414348845655,-0.8253325212139281,1.2748958171512341,0.5932873416719474,-0.24311434130653253,0.6516942806768604,0.14850476670603768,1.153553058536702,-0.44339362190665593,-0.7950182593672679,0.25994485223091995,0.0,GHD
45,1,1,0.0592249064021115,-0.40366556940852605,1,0,0,2,0,0,0,0.4104621794229045,0.5941233510654568,0.33350301821664585,0.3272096341728409,0.5451072267133779,0.47270058534450693,0.2342854913405634,0.5251461579823987,0.2042520398998819,-0.08757442433476385,0.7240643200248223,0.06717546711989536,0.4667127790599962,0.07941746435636786,0.6487878504878831,0.6184032364296067,0.42660514355227935,0.27900073292117655,0.46062013794902684,0.29756392055356173,0.05383211880546445,0.9253086646212141,0.5344639961579732,0.8924180121837844,-0.058539152652071276,0.4882021138148705,-0.13438715198508247,0.6995297007136,0.28475785759994404,0.4648297779819476,0.6337063440843294,0.5161928400629635,0.5078255243344952,0.6270978676561737,-0.05149685277024749,0.1588518407411031,0.889935352725839,0.47091303980829,-0.8535244383423349,0.3828561242333167,0.3584072670422954,-0.5529276806380035,0.20404141653780852,0.2039770207309082,-0.3429926992418841,0.45300797477979615,0.3478729422474601,1.0021082195450812,-0.465241944942594,0.5544469431795858,0.11567315221224728,-0.6204554839813404,-0.11239937183282925,0.554546383718079,1.6589830748756065,-0.5114839822922264,-0.4622120426357059,0.676555931574382,-0.10303517719467783,1.2397764903562758,-0.028135548076664976,0.2722301463824218,-0.11758215620250839,-0.11436659458484669,0.48502088281419636,-1024.0,0.3723632783051891,-0.516185510941978,0.7915925379267876,-0.39133381677469575,0.10101133180713869,0.15990095693039114,0.006483623177341413,-0.08901519845174245,-1.4642946984996277,0.5637994454134626,0.5512443489974557,0.5129634607998321,0.14865067286661032,0.06185795094743513,-0.1556282419074487,0.27677786880995264,0.05444668506118389,0.42110105609246906,-0.05207759659199972,-0.2743761627914711,0.7763798642188374,0.06140117101075428,0.3369974525839017,-0.2926829701944737,0.16216035268764875,0.653826981354371,-0.23802305942011287,-0.07105881992449832,-0.41139443658164343,0.9001370912206759,0.5123340527666039,0.18263374703293708,0.35641105310845794,0.36737095351323085,0.5053841138357876,-0.6835511292109985,0.3615079283919662,1.39620608280072,1.6394236442434378,0.5075498251384591,-0.26365525057686395,0.2881764187267897,0.3070975194251468,0.13406746286982124,0.03274473421951498,0.9673037913063065,-1.1085218946520126,-0.05145662173269254,-0.03990458197416002,-0.7231565022538596,1.0508834194826415,0.5565318553697162,-0.2679820753116186,1.0617604320331493,0.7327840875562032,0.3684028057140775,0.4208045007583628,0.2966716816896204,1.0711077415805983,0.13060925167595044,-0.20333646718971443,0.2577965362311406,0.0,GHD
53,0,1,-0.5374027883606621,1.4676266114415057,0,1,0,2,1,0,0,1.0065979382215755,1.3957440814842648,2.800879844056077,0.21683663552147384,0.652652607246363,0.06670767539700247,0.6868162772920609,-1.2735273816082326,-0.7232769816358608,1.1754407147165373,1.1564163871510869,1.7754544281261369,1.1965247121312381,1.6496393904999955,-1.226877481988348,0.902262536666205,1.91567566708597,1.6198246698195298,0.5260910282744079,-1.8426123636865104,0.030139848569319602,-1.0732765027378064,-2.412759519381616,-0.33073843146959386,2.9390951014909534,-0.9289840017440384,3.3029256596433054,-1.8830149544295944,-1.2889803254179366,-0.11994369955559187,1.4361975342483417,2.2294039826216,2.811161237432802,1.463906997231272,2.537812687582225,3.4803640600541303,-0.6213544559769612,-0.8775940791309951,2.0240293961983324,-0.16974619811025157,0.5269676486357198,2.4343982515674787,3.05570578374477,0.11667041768931911,1.8209035573779113,-0.10111706150927538,1.831545769344365,-0.4966188311026935,3.164890670303402,0.6506594214881698,3.64869104709577,2.4377626620468686,0.8746971850607433,1.9462239807818598,0.7870030891868828,3.0268141275661256,2.957710441124883,1.637871668408142,1.7955965991466287,0.30617182677863797,-2.185379946397478,2.2807928114504716,-0.28168004869465685,3.1082200454598143,0.6902956162648272,-3567.0,-0.374999047381785,1.1662152537314108,0.6267781121213449,2.8857897145558367,1.2321563985552402,3.2378686804767103,4.356637071633051,3.1942505205681955,1.680935502576326,2.0997405248057306,2.21246789495453,2.9570544037255204,0.46379153431660386,2.75682749851586,3.9971526265730293,3.2097213635685358,-0.6036112469239886,3.7006485614876294,1.6095180153964106,2.0756428822384754,1.137752661743527,-0.48361448512714517,0.8465465152733148,3.956057303146395,1.1758060676706117,1.1777462719009597,2.022352294950877,4.135851043619793,2.603263783114956,-1.1481194484957382,0.46968594928355145,-0.638475031232362,-0.5370434677988036,1.5906746546634452,3.678055638886397,2.9618670677831433,0.32322923153250627,0.6174666564223303,2.5733487755369198,3.162766691531497,2.5481810591637304,-1.004245367539483,-0.5016980130616645,0.3881906663588572,-0.8666810297704157,3.226020278787789,0.7049258118130746,0.026456469431568947,2.8537568057713005,2.0696382254323304,1.935076148215178,0.3332085303741891,2.3863957880024858,1.5170658728657436,2.5458222966039474,3.4168968342569137,0.24087665374748093,2.2129606132554653,1.4572036277404992,3.898437017504807,1.811763703870273,1.0036950699894742,0.0,GHD
54,0,1,0.20107019953396923,-0.03332578694623345,0,1,0,1,0,1,1,0.41801034168875395,0.19168900407705733,-1.7877678952688851,0.9523427203666098,0.6768268168336782,0.8684820967502361,0.8840383842081947,1.1294987643202676,1.096129788935189,0.6404014517192417,0.5899802418346712,0.7116079322030048,0.6989454685890654,0.4362658664286302,1.0368116072233153,0.9163263668849304,0.530939779992439,0.765881580647273,0.6981938732182313,1.3051943766431549,0.056397102000128194,1.210212098647553,1.306875205677054,0.7771906585664166,-1.8514073516984053,1.5303051179683824,-1.8175179621942312,1.1090098318633166,1.763841043800613,1.4880411024748927,-0.7199677468503667,-0.8157400085342167,-1.0541458272756383,-0.5882199874022676,-1.863051897189506,-1.4098293295159026,0.22223253205501933,1.1956609761343098,-1.3450053296815343,-0.46638874290610066,1.0415625443001402,-1.5099947876046687,-1.8383580755257871,0.4491197018811163,-1.1226799107613867,1.4485772852371746,-0.5666626590546494,0.5119456989157958,-1.7961090826395212,-0.8300826973110648,-1.303903235630021,-0.4367279257473376,-0.6160992084734828,0.017852400413084373,0.4147225797709148,-0.5819625523714379,-0.5728810265904991,-0.3411491386836567,-1.035967942309336,-0.3589109022876135,1.3204278584252953,-0.8208068909584877,0.12901480224940134,-0.9967763332245234,0.8998446387403098,-1024.0,1.315370181342137,-1.1632456973134826,-0.1793046894419801,-0.6080144237949326,-0.8186717468807159,-1.9972275817259908,-2.8402690540649513,-0.336654351846523,-1.5182929735800552,0.05342056809668441,-0.0575739992209164,-0.8430527373711497,-0.013282014250168533,-0.3044498171452963,-1.4241574291620613,-0.57981181190812,0.21604775089096417,-0.6583115401530254,0.24326006256704052,-0.8465742897048384,0.25042429543843925,0.19580266838962293,0.905483940466235,-0.376604203461365,-0.22209961124846153,-0.19054084187104417,-0.6638452967891371,-2.9464520494311275,-0.2260441063299242,1.264662901663433,0.3248738045273779,1.3304296865867118,1.5794545050090667,-0.6765767566086545,-0.43328398302578125,-0.8882086116422008,0.31166946848725163,0.23614250798183786,0.20956379545404868,-1.794489318732085,-2.004363667802012,0.5609050399084339,1.0078399211781885,0.0492872379015172,1.2703375384566857,0.2156951312902631,-1.3119342900073814,0.1301597998019912,-0.9364924043839817,0.025071842100462028,-0.6914611024510535,-0.2877525207951258,-0.3186109298487043,0.03393726422363971,-0.04020904473970817,-0.18463580219424633,0.6527269920006632,-0.29512305210576945,-0.5852985509176757,-0.4441258092839722,-1.2073353590145282,-0.4662902702372768,0.0,GHD
55,0,1,-0.1258401463429553,0.7997734954852024,0,0,1,0,0,0,1,-0.791321147313045,-0.869078342765456,-1.5796419184064987,0.0029748282432680703,-0.04618439507579735,0.2847904071468909,0.01908231454867486,0.028545672299933017,-0.19075772364075924,-0.38790965398191435,0.0038492220671652523,-0.7303685793557322,-0.026492153284813434,-0.4661771422610906,-0.15559120135226126,0.04672449854067171,-0.6117719397902842,-0.5818381490666044,-0.6396740491281915,0.4248787850772342,0.05637614931443128,0.3698760581230395,0.7240421365236781,0.9492392438579237,-1.1701371597292427,1.0814970052893824,-1.479539013519655,0.3101028378408279,1.0914784279001974,-0.3598159301179664,0.8630540152003497,-1.1429487206854771,-1.9015124540148172,0.18384646669592494,-1.0583611805438442,-2.373069128771164,0.13532412279593448,-0.05186174582826669,-0.43606594412472155,-0.04647124523997695,-0.3165407276930384,-0.3727042522478951,-1.7145075376776484,-0.13650410301224444,0.9828601913828641,-0.26622840760270544,0.5501672141226628,0.22394126111789572,-1.1652504645530342,1.0360308338951858,-0.617189363130092,-0.6618750389146727,-0.6750580342260202,-1.1492264061772033,-0.360544197621059,-0.5919326624483043,-0.8161226259476249,0.22354812920708733,0.5247600890506389,-0.2399296044897805,1.2847109072127558,0.184359742323249,-0.12122742705933874,-0.8457532690692493,-0.09145987008019223,-1024.0,0.57076519246589,1.0243761768759827,-0.03644885312403065,-0.9145043232769055,-0.3611837298348632,-2.173547117711145,-3.2039355547065105,-0.9417930787719276,0.1650476385761925,0.045545196894404436,-1.3356971911056088,-1.6714506087691556,0.022290014544807904,-0.010789522142052534,-1.9201465177017292,-0.9662989953947703,0.19182118629585004,-0.6120480141728663,-0.4766786856156393,-0.6825644940809202,-0.13899221479539392,0.2073276373345513,-1.1227917903044564,-0.37568960557261755,-0.21884717768683254,0.033497365086232585,-0.7746067957352263,-2.5636829816718834,-0.8107483422995947,1.4938461952401454,-0.3099514507757511,0.32701775049209697,-0.03725029924666336,0.12706981717848342,-1.191369734200126,-0.8501486085420819,0.2532828958493056,-0.3121299946792806,-0.6118494423046003,-1.6029119225451278,-0.5263519663790462,0.5505437654031093,-0.5424450795599812,0.24288756155191132,-0.6270270437272555,-0.1507635339969677,0.9447314009496556,-0.1262344038261398,0.19043026395133897,-0.12210901539460461,-0.40554745230900974,-0.04986370646174501,-0.5858731441625615,0.0124189801941882,-0.182865686287094,-1.3487527367451158,0.0050092888996285286,-0.15971618829636,-0.32494556488826454,-1.1828176682636902,0.18421462260620672,-0.38400087113800496,0.0,GHD
57,0,1,0.2864385717216219,0.4243260656156132,0,1,0,1,0,0,0,1.170378356921308,1.1252246646662276,2.5872098669816377,0.5017572756499318,0.3914994341843765,0.28785261930196354,1.05216940698013,-0.21956403388117196,-0.2216337584107891,1.2940994080128663,0.6105931904071352,1.6795045541011258,1.067100201244348,1.3058845638733665,0.03685112159643953,0.7822073320540759,1.423300071060883,1.5333799261929555,1.0753809725979477,-0.9981766092413739,0.040349944094908295,-1.1251268871197895,-1.7795243935944207,-0.4570266751143347,2.713315388372261,-0.9735733267053747,2.980040101650586,-0.963236115892047,-0.8248661650874041,-0.038596928669642476,0.9748706673255779,1.8330495181746558,2.3687363866904882,0.8497154541599655,2.5078607895060436,3.0200443310237786,0.048077569386748065,-0.3135865358220293,1.8986353899631467,0.11738388778477456,0.7705015268278115,2.3154799975828575,2.793212459720435,0.30900983363094014,0.9355049711442247,0.151293140544828,2.250648552882564,-0.31963015925455524,2.853087970574368,0.5109254395032738,2.9501390587987273,2.4099328851782404,1.2833614648882437,1.8930764145995798,0.9739615528829411,2.3863385138574102,2.6182864120842204,1.1240198866329116,2.0624250504649106,0.2760881649868363,-1.5346013333164927,1.1547983891593048,-0.18504160327243635,2.3703044270309612,0.8486172470129861,-6160.0,0.04531644987037804,0.6167093637661226,0.7868070867820818,2.3335699847898415,1.179958583402277,3.0083788566248924,4.034536194893743,2.463222344546941,1.6064350447441815,1.108848506488398,1.792439359854696,2.357910054385951,0.16815284476749703,2.714177108893803,3.3318716461892106,2.402513798134393,-0.5447936993367333,2.880306218611176,1.2910526705969811,1.9556582042560409,-0.11135456064829655,-0.4150318775793946,1.1428637767329426,2.7269012113330073,0.9954141786058782,1.3160829020258524,1.8409405471589617,3.6214933145286548,2.1747414936900857,-1.142043295532493,0.9443468529609956,-0.9934724126074863,-0.5181260228662814,1.4086085650018199,2.613173589040153,2.4994007904018605,0.20489570459047945,-0.11067239838122915,1.9821008878046353,2.6923872103621194,2.2808103785418283,-0.35953442931279433,-0.6290378497403426,0.1215733167381585,-0.7886423833783683,1.1536640919905077,0.4651763229751957,0.010177024595770665,1.5522962594221166,2.558661586482942,1.313062604582765,0.2800873368580066,2.262737331124826,1.265658303286792,1.2821098923678669,2.2239025920563242,0.3332945544210586,2.8231086470814994,0.8746091491632053,2.675836128080811,1.4025408178207333,0.9444140985914309,0.0,GHD
58,1,1,0.37256879972794116,0.4968863699050846,1,0,0,1,0,0,0,0.4237171438987395,0.7111225940144522,-0.18731278191527848,0.8316677596430659,1.1977847904792644,0.46298900381242747,0.3278148228656218,0.6081994254528583,0.1719451685898557,0.22849372106152901,1.2296789596222255,0.3234646132020334,0.6994528936764015,0.5354806438331937,0.4675445752411836,1.0623578841607653,0.801460267580096,0.5619809899266835,0.25056565418317966,0.28064561600883364,0.05511652164870609,0.5960129390906636,0.4793340165208181,0.2771568109878578,-0.045612994517491755,1.2613737092645174,-0.09830737671832135,0.6507468966350614,0.9147172050952065,0.4824250182005208,0.6453974268730417,0.04503854151176388,-0.026555646251611033,0.6253569664175708,-0.10105558903265231,-0.12913765548436765,0.626037901640531,0.6293583129729752,-0.3055894875466346,0.9617028792300858,0.5781877976771763,-0.8312672909450798,-0.1347366198082027,0.37520031566172357,0.457840445032359,0.6076634580974487,-0.49956055059203136,0.699895619245226,-0.19898499155466917,0.1543918660968605,-0.10950671593970492,0.10277171512263547,-0.18495100677946688,0.8989146990755849,0.5499938356947849,-0.5048567247628751,-0.21594316319858256,0.7600293522364919,-0.6229879061850077,0.4677629023759415,0.3174609899484657,0.3729279409118611,-0.11132333433352781,0.002041026132364628,0.844548791110636,-1024.0,1.0530594344706865,-0.09037378362822747,0.6029344505915575,-0.38446293752555233,0.7953243847350706,-0.22179404932515448,-0.5383768677316424,0.05482259234022515,0.5426129167659001,0.3270139206204329,0.4864515681865974,-0.1604699519244315,0.11847836777748184,0.36355996843802735,-0.402059110157567,0.23884200885572407,0.06774653701472316,0.14470664579747436,0.14552678175547526,0.5422675601331692,0.12529477846931644,0.09475785735337228,0.7882304669914677,-0.30191235924394055,0.038859023345595045,0.6365098170542006,-0.3232397455059258,-0.6738423117462504,-0.08469073921463448,0.3142711297545138,1.1543740660068307,1.0432978136513236,0.5486173157930991,0.5636260567578157,0.08816643045482637,-0.36316157877718913,0.2779918072506808,0.5478615356118489,0.368460345458013,-0.09211421800927919,-0.17939872714876903,0.5573972129345824,-0.46935915681352175,0.053343251615453766,-0.25136205881348883,0.5956829638882031,0.045674414339817115,0.0012933949236452846,0.08071349337972827,0.32030505543718957,0.2273451352045769,0.09597599873696425,0.27742023534813265,0.7161669289150867,0.26819746252004956,0.29587729095578946,0.2481844149216335,0.47425250768800115,0.3514182625422293,0.1278566376861744,0.3019106718524812,0.17391455947610426,0.0,GHD
59,1,3,0.08225641780330864,-0.37880525701731604,1,0,0,2,0,0,0,-0.16427600411510113,0.07031124197230626,-0.13799388142484312,-0.14394563626536136,0.15603454097171246,0.39936866102704266,-0.18187647687096156,0.13710672978941066,0.1451086822862826,-0.3446672193621121,0.7489124167739307,-0.2648296753157476,0.09199014981007879,-0.11722400868435295,-0.1681751352829126,0.5600268171577375,0.19255063380910978,-0.030926555736050486,0.002925790416897296,0.08772048950667316,0.05514212261112671,-0.16437397249441757,0.19445618289611324,-0.4716978253453232,0.10370770626618529,-0.006420490529780432,0.3370999857733612,0.19371946527057796,-0.284453915585319,-0.14447141264528268,-0.0680654501526986,0.2618843354780514,0.32668238914521325,0.8823573189190395,-0.14685309345524705,0.4040862777003768,0.12270096761482444,-0.003097756841676634,-0.6074791955718921,-0.2508915124432916,-0.15959584794185455,-0.9041982528432636,0.08323880411400537,-0.05777615814850892,-0.012637498040039906,-0.03714188414260889,0.09012234925269157,0.21789721962870348,0.36054251369323465,-0.7137302684025001,-0.3338782659524912,-0.6034035880895999,-0.15963847830001426,0.09502368383100689,0.5445794839230955,-0.5091058495124448,-0.7658915184666015,0.7916113660587764,0.020872330890812914,0.30099862386440096,-0.15458277114071492,0.884795613677649,0.07095077700204556,-0.07320133526456392,0.16395082099584402,-1024.0,-0.34044486708024546,-0.5701122861983349,0.16395476495367703,-0.3940143743796205,-0.6126888366142998,0.07241931148368475,0.006483623177341413,-0.02167589968482557,0.5159404868900165,0.3856089272969385,0.4989088868813639,0.3025466530088273,0.18255933183622375,0.15670892471227732,0.20376557457745464,0.005502472357966938,0.0445534212446376,-0.10758207271724356,-0.37472529344475775,-0.6658193184040504,0.2569915067371306,0.06140117101075428,0.09571832512442907,-0.3227736982446724,0.12438158203134565,0.32220330218291776,-0.3268379846473778,-0.36607602638396913,-0.5917726512936635,-0.6626856268502588,0.036553050967953166,-0.01850377047511171,0.5644984975451591,0.5498253651253148,-0.12757655515928248,-0.7035955422831831,0.24925409705825186,0.04485798533181509,0.37601704427524174,0.06801924963881027,-0.23359899822240146,0.10420093291795214,-0.07490869975085145,0.08676413663636384,-0.7286656397774837,0.4783003506283863,0.045305219436161295,0.11903048995710676,0.6335624386943216,-0.4734151986744488,0.07833580756827337,-0.16359215906824495,-0.7878363489785702,0.4570497906851929,0.5842942823019082,0.2927040741993736,0.3056734004278423,0.04944775229146653,-0.07763327146205623,0.1290307867421968,0.01315061738733113,0.06631281607973523,0.0,GHD
63,0,2,1.9894888602606327,-0.1143747086013141,1,0,0,1,0,1,0,0.3401631653925585,0.5171176823432728,-0.12582711099448612,0.07790776926290914,0.2825415350312585,0.6422110704080887,-0.11582642014710774,0.6315752403445661,0.655124468017029,-0.4090402782848377,0.7684710076943934,-0.11513939765453644,0.06578874689933671,-0.2756778011024508,0.6730842550595185,0.6707777728000547,0.32357676708766575,0.1779304102262186,0.673831782060193,0.46300458864017957,0.055105013746349636,0.4213979588530655,0.7774192510725632,0.05260211181263906,-0.5312615888648148,0.16828387268916178,-0.1766692223673619,0.8693527703858878,-0.02107005091314434,0.8200582918232326,-0.4665838704900634,0.4992674792638862,0.614018879080786,0.43775460226178065,-0.6820500369779757,0.40744435343646246,0.9634748000843977,0.4925963342516365,-1.364658616285524,0.14049443192737632,0.3382171048675951,-0.9247632777022219,-0.38816261069170915,0.03360645753296424,-1.0243766499431255,0.6042869523667619,-0.21838922183704962,0.9051662084093003,-0.5092643064149069,-0.7812190412314087,-0.13766644777031684,-0.7194105441979203,-0.06856773040352908,0.304024582093571,0.6960705978063698,-0.5926666490566641,-0.6228762335865958,0.5221079700249707,-1.0547639221487333,0.6193748238491189,0.47316473569319994,-0.28620238275098064,0.11410576930787207,-0.39804119566751894,0.3921556537506865,-1024.0,-0.07922053095616474,-1.1915156626677916,0.8916064562116615,-0.39369718360724315,-0.16793720945197127,0.1423754857351136,0.006483623177341413,-0.25231447659470174,-1.1831980636842794,0.48984369837917896,-0.18978786542876436,0.7157507213939981,0.05600698030298973,-0.3383262557960436,-0.028750880817100335,-0.11416106432752192,0.13115620696822441,0.016299865016790392,-0.22223427575216023,-0.6341701311205705,0.881058312854956,0.06140117101075428,-0.19447012420290857,-0.34363755589683126,0.15409659259854025,0.71025973617094,-0.2167980606309428,-0.407529590823749,-0.7596849144770107,-0.09012114059407736,0.24585633374972057,-0.10041747157104432,0.852606897375213,0.3390612579780834,-0.12726203949066825,-1.1135152818653349,0.31122573338414933,1.382471975511893,0.5621342295326823,-0.1461439071785263,-1.0258092346332808,0.17333504889413553,1.1939940831215707,0.11392271850106511,0.00508351727820485,0.8641781270888278,-1.2260317084001284,0.13452468756833003,-0.6323611817473498,-0.43125792618917735,0.3983101665565086,-0.13820843061802707,-0.13090499729878913,0.6788073938912709,0.5113999544257446,-0.3350244356668858,0.5088748089270854,0.17981742739461284,-0.037395250955929556,-0.44283925226600224,-0.5120830819305017,0.2180981632379733,0.0,GHD
64,1,3,0.09656725118327626,0.7963645998169822,0,1,0,1,1,0,0,-0.9817142225496737,-0.6684708137539761,0.08323514547272792,-0.6006887398459064,-0.168308693499037,-0.6373363224146796,-0.7247332127001366,-1.043703419991092,-2.2811822978576455,-0.8923476693965561,0.009598553874679453,-0.7406327925500139,-0.3777240651973406,-0.5893160893711183,-1.0817208343616587,-0.3813613102047977,-0.3192900689200473,-0.6583565713015755,-1.7718514543426325,-1.3691473448914995,0.05702538346213102,-1.336988381671913,-1.3779447244128145,-1.0342934127743542,0.4080446324048052,-0.47029141457528795,0.19940158177081638,-1.1032029752058026,-0.869289141786935,-1.635477775396564,1.6965440536944645,-0.2633134273261116,-0.13533836583907846,1.0306261915682409,0.4856688100541191,0.29487288359733393,-0.2374988473290233,-0.9240462430727894,0.4156693116533136,-0.4118739823881242,-0.7216390394487459,1.4058078639282736,0.2616810453409735,-0.05691021132206737,2.950888140620292,-0.9110741497189218,1.210154169597713,-0.8255811067110236,0.5620695581915268,0.6070781679548108,0.9204728659187961,-0.19391384388878802,-0.7105419892519814,0.03548156933709538,-0.5078690343477434,-0.17381547655843682,0.6715667252719076,0.741953015969822,1.280952219244342,-0.20883248618075115,-1.1356322565597565,0.6436101707728819,-0.14837484983036983,0.7073133492051238,-0.5449412425875586,-1024.0,-0.015052641409970017,1.0567560877625939,0.5034310700338894,0.014253821524073515,-0.4095746885626969,0.1523500210661751,-0.005623015132430655,0.3818124348024688,0.7620949771515708,-1.2873892644320064,-0.6296088222382717,0.19887121359513876,-0.03174604397332625,0.5724727989100131,0.9420139031323566,0.4683735473085618,0.017724950903661513,0.5801569307850946,0.2928779953357255,-0.0063139398068348925,-0.8327533564551004,0.06219258102785836,-0.16402399340920884,-0.21147943762021845,0.21107074055150526,0.9413786171104397,-0.5291969635504125,0.10042457018946992,0.9012323102192306,-1.0378726057389938,0.6844303184439289,-0.25336729473281266,-2.052861487611017,1.290975879225241,0.10125074045207205,1.2820155897867958,-0.25024214429397135,-0.7427270874116109,-0.2246723126964204,0.5254286271048151,0.6268072208765093,0.2422210787896378,-1.7030243345247862,0.13598022655792413,-0.8651280203288634,0.13981824268458648,1.9903994012078527,0.1273148618864186,1.2625556778103102,-0.5918547066334023,0.03592556060437475,0.31628912577013485,0.24309907122668176,0.7409057239466641,0.4491849457621913,-0.41491705439866117,-1.5990392800718953,0.31261099862158664,0.6888773859698076,0.1352032263345976,0.9331127251830856,0.25805637724765684,0.0,GHD
67,0,2,-0.18383913248157552,0.5540684792539035,0,1,0,2,0,0,0,0.8064066311285538,1.0093824733569223,0.19529468907672684,1.0749224734009375,1.3202329841870146,0.743266273145183,0.44715048671009383,0.9922608634197646,0.814371145695818,0.21986646506576352,1.0206146000341287,0.2928321709290944,0.7080220615561479,0.4156647723891628,1.02975579484334,0.9444112538092567,0.750877829349084,0.6066992349155147,0.8818957875679483,0.7966456478038344,0.054248591746773635,1.0068923524801139,1.1932721696878796,-0.1386399352826078,0.08718609619221954,1.369182737843808,-0.15201389664956313,1.0832547069746508,1.1372880459712251,1.0007205049318901,0.3310116344060598,0.1888261138621589,0.26805555762868893,-0.0548884639458903,0.24888684199041178,0.12116090391709726,1.2939486001659266,0.9625026468933606,-1.291961995004681,0.1453246501725744,0.8293867424052274,-1.1905418870017652,-0.06605712639015808,0.4407417326295627,-0.26034077575222786,0.8068622659813959,-0.8546055475416764,1.138585902444173,-0.5024055155285191,0.42326229280012667,-0.4746992593710527,-0.7629862507199454,-0.733592805467474,0.6389184979900228,0.24460035478374254,-0.5981654972939893,-0.6425987795831766,0.4178045391316323,-1.2239659183973501,0.09225029749401396,1.101505662218789,-0.09585863883393199,-0.0698380865785826,-0.5496311002597124,0.9660905357707701,-1024.0,1.1217479350854624,-0.30284007954900477,1.2364704197984986,-0.8733705737652635,-0.13104576727984216,0.12788294549451829,0.006483623177341413,-0.37875012035198213,0.5528237055700654,0.2910762350599419,-0.14037035859512245,-0.04714599490200136,0.017745096972930054,-0.2682814932065383,-0.5599354494224622,-0.2092655809328541,0.02909489490474248,0.027335293556653834,0.2546413704576086,-0.6354348977699896,0.08099513316756013,0.06140117101075428,0.40702323369284304,-0.3648247441483522,0.05518350778971143,0.9139721729978602,-0.798899486273497,-0.49622640487437236,-0.2263900808741953,-0.1988834051282751,0.8390712848746186,0.73472654558838,1.1954860843194122,0.40963613246353076,-0.4314160392191395,-0.8298554043504669,0.22897039305065145,1.462222347642261,0.0177545684012304,-0.051645525869294065,-0.041792322893530125,0.26471458481739474,-0.1607413590215433,-0.061575612250882115,0.4401161194417763,0.27830326119366805,-0.5054535268861906,-0.06038049639659931,-0.7376894484681609,-0.6344396038437061,-0.16254434590674702,0.13794737976596613,-0.8070169503887716,0.75965883802967,-0.07570521130492398,-0.27205488363372354,0.48659459244069675,0.21497977633875628,0.31553430864279675,-0.44216940845096164,-0.32283516857568506,0.18578083413716578,0.0,GHD
68,1,0,0.4336577298067256,-0.18594802775538805,1,0,0,0,0,0,0,-1.9414520224550929,-1.892329996808326,-0.6437825816121804,-1.8616291963866314,-1.748905699031044,-2.0784832975759286,-1.942528557514617,-1.6481253961752456,-1.771077686542119,-2.1664089472101247,-0.7301012955700902,-1.9356339699593403,-2.0253274945142166,-2.2154080038463975,-1.5418803052419503,-0.9587132419709158,-1.6297127518458565,-1.7806264531609826,-1.4976316809807115,-2.979865387109764,0.05758502460289469,-1.60011208641811,-0.2464723483974642,-1.5397792744956598,-0.8093006561894227,-1.7856158459848306,-0.7187733021798461,-1.2956213468158924,-1.8929072089149013,-1.2538506641396845,-1.4230058547549267,-1.816265551584162,-1.4166026793418245,1.5449820012616118,-0.6394636854954688,-1.0671290135208382,-1.3553742330017777,-1.8401936102365508,-0.8258477540400238,-2.2655495110221837,-1.975024696828454,-0.9077817621348875,-0.9458762694638932,-2.077795647951053,-0.7075970568412858,-1.8499087821140803,-0.9047665816163345,-2.133431006604955,-0.14001272271351337,-0.8082079896142151,-0.6440982648446466,-1.5129323054360677,-2.5605028891279686,-1.7842174995388322,-2.42719987757499,-0.5961505720756058,-1.7548878756290052,1.3368430905256299,-0.3167605475853994,-1.765124584625685,-0.4282771227598051,-1.870325291440671,0.2722189989427401,-0.09385862436061543,-1.846886102590966,-1024.0,-1.6939477884956584,-0.11294257798171485,-0.16986497357042346,-1.1464566740423654,-2.3117797541553546,-0.31327390133632715,0.006483623177341413,-0.08315954883734616,-0.5704246505168535,-1.676198710486164,-2.1944647069484553,-1.239002309606508,-0.3780189801241613,-1.2654847587071822,-0.5844782802616316,-0.5579304651956757,0.01275263593138807,-1.397631510154785,-2.28455696013972,-1.801627308446554,-1.958185855387821,0.06140117101075428,-2.1038301431705944,-0.3798274169000467,-0.33911150928843414,-0.07069418628957924,-2.234453940402524,0.2608518389224389,-1.9217443335797124,-1.0074438488667272,-0.9893970576197907,-2.401221561285314,-1.1860049236174575,0.9022473521645611,-1.1887914311408048,-1.0993036456502867,-0.9978340074264678,-1.542080313737357,-2.438853576652462,-1.4254892337557559,-0.43094401776771424,0.5252342179881823,-1.1564277934152383,-0.83655288999014,-0.8441700567844386,-1.8340107254958473,0.19792752563426122,0.19046406518367623,-0.31166244232720497,-1.7583310745158331,-1.357682249940735,-0.9561857980263678,-2.363549030881168,-0.133692152291487,-1.607372923166768,-1.820424184090215,-1.4033282881978,-1.4518181187247698,-1.8446141006196544,-1.1770128609727946,-0.9582859902616953,-0.5960092571477833,0.0,GHD
70,1,1,-0.022748327564323902,-0.36696850130808406,0,1,0,2,1,0,0,-2.5173890312138854,-2.3181369184840848,-0.37592640791335435,-2.4364170865703803,-2.120511321315272,-1.2836797576735592,-2.92039905387128,-2.619464559380914,-3.425802298797166,-2.5879567556873493,-2.2400286640877893,-2.0252659744175876,-2.9148184632699823,-2.485640047601184,-1.8197646647293682,-2.812044545925437,-2.1825064132723773,-2.5049277302931037,-2.9856499271012633,-2.424869371745158,0.05778439841186484,-1.632128040781246,-2.143982582968361,-1.329233103922469,0.1735108862876086,-2.0124714167548277,-2.291056633373427,-2.3509290308996524,-2.3168408922775763,-2.27133537777818,0.38431869837407623,-2.1407594743522322,-0.6596838228576816,-0.16966514518816442,-0.8479491872498064,-0.20651545803604196,-2.0503110534734037,-2.505158609270226,-0.2148707085594375,-3.47744210066519,-2.299115325858076,-0.9355997209993213,0.135827766783844,-3.409581208403525,2.50768703029149,-2.411356920232011,-1.7635095933508738,-1.729541726132546,-2.960839779510641,-0.9683746491626999,0.4040084366815976,-1.2111687372761022,-3.2183813689237706,-1.1606178012221915,-2.1449432126677825,-0.09643222192204956,-1.7760533191823005,-0.8892773318782066,-0.10897452842778851,-3.8415521122195684,-2.050815541399542,-1.9964413924363533,0.5240222778115429,-0.3397650046845954,-2.511363764378635,-1024.0,-1.8366675866604616,0.9972910431530437,-1.4694526720416952,-0.9245229579642401,-2.404673064589143,-0.1111711021276272,0.006483623177341413,0.37733985367406525,0.3830180342222103,-1.7988028601203432,-2.768328696089284,-0.9637851078178848,0.028436928418733198,-1.2396609527097142,-0.17142787488448155,-1.1578443862968362,0.004616823836154336,-0.7765305139745262,-2.6316795559806536,-1.808033876208336,-1.7042136782009023,0.061658463971476535,-1.4119585045540668,-0.32761472081723053,0.00412698646986074,-0.9522053076742879,-1.889549469496469,0.6253863620327381,-1.9038667421229731,-1.0411643183986476,-1.36544311423013,-2.1834486558106785,-2.739224575080307,-0.11326160053395726,-0.4437979761124817,-0.3989717185648556,-1.8166620433864804,-1.3763875095105698,-1.2213389899383449,0.09609545060226846,-1.1754207858175232,0.45053187084094376,-1.7001350249935425,-0.05754826323138766,-0.857817999885317,-2.3144740196211884,2.731993545559774,0.33511715745206205,0.032581111006136025,-2.0175084746518057,-2.73458509208118,-0.23342813199793055,-2.5021387551431875,-1.1079985093915337,-1.3778129319068708,-1.4591153084647324,-5.2606945374154925,-1.4150502173564505,-0.5852127750419512,-0.43737283489045103,-1.4683866431853043,-0.28104986748960986,0.0,GHD
71,0,1,1.568529688676772,0.9107003327086767,1,0,0,0,0,1,0,-1.1557896062235586,-0.9911234657633052,0.32991615092406235,-1.097071710114935,-0.859155928647452,-0.2056656981621061,-1.038587824410437,-1.469058941487788,-1.1266735078534145,-1.1357711511865611,-0.38719897297823724,-0.8820707223984303,-0.9056909225379292,-1.0055287145031901,-1.5817978144915867,-0.6655489414908063,-0.4656514409569481,-0.676046751759693,-1.0445968236016756,-0.9329645831345945,0.05772344922576405,-1.255785258226169,-0.7261421134859456,-0.884770939752837,0.5927728919948545,-0.6661408980139045,0.626251667239573,-1.1092989401370619,-0.8981487704275135,-1.520382722335775,1.1056391344329173,-0.457553584921688,-0.16249398787914962,1.0583829473045259,0.7222856392678865,0.05190582228027182,-1.406047323138477,-1.191517045420819,-0.0569251762292708,-1.7511067780969212,-1.155915704964983,0.5684404277827261,0.3942270975976051,-1.2047937764978647,1.367828407795577,-1.2524211561028082,-0.2793298761764862,-1.6228273146848964,0.8974833856135693,1.3722162590486688,0.808139002642123,-0.8643031499832142,-0.8180311625622231,-0.2593535402485945,-1.4208388154240799,-0.07514006372034206,-0.08218309921491479,0.8267768519045586,0.3784950923371987,-1.4397366023799578,-0.9153008999704336,0.7729269152077235,0.3095636731383955,0.7340687035118818,-0.7708643105173296,-1024.0,-0.8201136330405356,1.8629243250104905,-0.2586040282085117,-0.16611334364872893,-1.5710012164341778,0.14933149525463563,0.006483623177341413,0.5820045236947706,0.8459347185499384,-1.5366930191515953,-0.870348082194876,-0.09943593503915336,0.22295453966575884,0.12103197950415091,0.40068250059499133,0.34060711555105866,0.00910713012080152,0.26027606788400076,-0.9128502152947913,-0.9623780871783488,-0.9571572120682807,0.06140117101075428,-0.7504157255340963,-0.08114301533397107,0.1953639299374617,0.20276005113532475,-0.7930428407584004,0.4443026527123642,-0.2564922368807245,-0.8863165276579559,-0.7629376490902741,-1.453439483008314,-1.2983061660943562,0.9885013097361469,-0.44589022225237074,0.32542970764934975,-0.5742356097568295,-1.150881491761731,-1.056840355110892,0.5958758952267693,1.2185449670427133,0.18111858795761895,-0.9753343895809734,0.1743885173996176,-0.8656845197062966,-0.9012847355140288,1.4200033799332916,0.17801015501731993,1.04502535473786,-1.175919423697458,-0.9376114419007088,0.18210432563525583,-0.5825860126792992,0.3767769968734708,-0.02033058117377966,-0.860794649254044,-1.0765354032769845,-0.608864469573595,0.14130377003533814,-0.41765330375348036,1.6153242141871282,0.23377356875942842,0.0,GHD
73,1,1,0.031212375684438572,0.2602463351199326,0,1,0,1,1,0,0,-0.6410334989353011,-0.511942994916124,-0.023672788291667336,-0.8743246383528684,-0.7046019613947107,-0.09079057466855776,0.019978277463150465,-1.9685131103960183,-1.058734514039356,0.5727697328775125,0.10150415907594403,1.4096908042157066,0.21974047631458285,0.7981252778108042,-1.3496189271410401,-0.062442037009977115,1.0412523795296393,0.9031879910703791,-0.8509663993106588,-2.5683777795149934,0.056526844255877555,-1.4354241264686864,-2.6332468851546373,-1.062535074190784,0.6128694630571832,-0.5475897938160624,1.180529107831807,-2.331836163860531,-0.7138250508692414,-1.3293734444375658,-0.4823697898979209,-0.28487985371492647,0.2163390918492247,0.8819479155442159,0.26557485953577403,0.8109338588532966,-0.7890199524736772,-1.5480482434157232,1.9463765547512584,-0.776834218182398,-0.12901032448371177,1.978786219601142,0.5105157178580465,-1.1067265614494457,0.14214975943242478,-0.7834983147193225,1.4892951687743812,-1.108131151048756,1.4695908720761293,0.056913034797657844,2.8593191672551512,2.1086224320572025,0.07204845194366052,1.3264129236297864,-0.8144193633790082,3.4348533710407656,2.1328855829438824,1.0018514867969177,1.4241381925718481,-0.6152447113328958,-2.240574105123646,1.6053553992609317,0.17152304322764428,2.791844533631377,-0.1986045022497115,-1024.0,-0.6635346209660328,1.1386561440923388,0.4365814111353109,3.0045700425070416,0.8965823512378784,0.15990095693039114,0.006483623177341413,3.2446278699204734,0.8283191845145613,-1.043900949827927,0.55712432780169,0.6585341697294188,0.18992235451686298,2.309328209721664,1.7241878461779505,2.2963444412544964,0.02909489490474248,2.515900215638409,0.5195478265284518,1.7848076341451715,-0.41569965932654895,0.06140117101075428,0.21454469886310387,3.9678431649104415,0.27262040609433313,1.0090508617497005,1.7651970935443844,0.26603459040766114,1.5415943885185286,-1.1174226584910638,-0.305513658398903,0.14688188222419177,-0.6155715819272871,1.378139262077556,3.294641373590518,2.3263508260256582,0.05567125739444183,-0.45930192194667135,0.9627013957349108,0.8290899523444593,1.0330081738564378,0.6329788271056284,-0.09005206166299863,0.16369737105915902,-0.8667268622609738,0.7595923490548234,0.3115096610723357,0.19986648112014452,2.095217942377015,1.2021264007486516,1.0910678170307255,0.3502350974443412,1.3211771654074789,0.8293579703594857,1.4395125746321251,2.1511109380228692,-0.13468443681241765,1.6200740761420067,0.866758028099837,2.8525679367005896,1.8356313699815328,0.2577965362311406,0.0,GHD
75,0,2,-0.04677802010469576,2.8841943413209905,0,1,0,1,0,0,1,0.607660983529347,0.6008032456689926,0.25715760732499227,0.7635598209771646,0.745626578634616,0.6048553596288906,0.6401770602540762,0.4149859342803688,0.508562856651381,0.06897251410887358,1.0493257164277259,-0.026876594187166154,0.6808605313286492,0.03635661578020593,0.3273935414672209,1.193171435609509,0.4506679746638105,0.4893577275773411,0.4626993143180685,0.6563807615146408,0.054151370237551906,0.5559089379832726,1.0709696799745907,-0.004513574651887628,0.31229779364083093,0.7216518561596081,0.3535560201118473,0.7171766715289554,0.740208695250294,0.32799036391581043,0.4167210553102457,0.34260879354212476,0.3151265270442565,0.7816043808462156,0.2605051394292946,0.1674774923133748,0.2832810714782595,0.6567465689159987,-1.1631641488933708,-0.0282192605432879,0.553996435381363,-1.3136508370633004,0.34490186308450266,-0.49638847283256304,0.20688463677963373,0.6557896382607228,-0.06480347797346525,0.4745765544244886,0.24984752591005627,0.414274669471325,-0.40241221772809393,-0.8123466568121387,-0.8245946139000908,0.11039081292304816,0.04453194940124557,-0.6060952665934799,-1.1185160675041832,0.6332848322018083,0.08063860160673784,-0.13397425248782116,0.804446903418439,0.7124669866880453,-0.04484133154953079,-0.3201461198129343,0.9788589475181702,-1024.0,0.9670367340794377,0.07144434969194186,0.2510248913846966,-0.8867393730313095,-0.3385013408946978,0.15895762111583017,0.006483623177341413,-0.41645157374701364,0.6710543894363179,0.5027001060850075,-0.2957468934920933,0.22124487533735254,0.14957069129847875,0.2958038050175241,-0.03960733979506809,-0.28179888934781006,0.03036015059916359,-0.2739351756896216,-0.8860382326909727,-0.6462798067599986,0.3227676796683383,0.06140117101075428,-0.17350911188750878,-0.3709003680940984,0.15409659259854025,0.3820553214241992,-0.9052387076267128,-0.018181134922840396,-1.2065495390549976,-0.13510004989959026,1.198969096335843,0.6646687492305894,0.5343399046273842,0.5173232719937275,-0.43430290446156383,-1.2110842859263997,0.3062499309817103,0.17250223797836772,-0.14832487437757913,0.4818841002029991,0.2708627340065358,0.35176912368872054,-0.17998034121481582,0.11753101748302755,-0.2803981050189547,0.3691438538712314,0.14291421515974673,-0.02798093188816737,0.3518814924017921,-0.8073670331387467,-0.34261848185499133,0.21075504178851784,-0.8194574832565711,0.4003778891895703,0.36626058866216954,-0.400878655787613,0.1970364424476969,0.028072398503244785,0.3934812898766156,-0.44216433740396094,0.675333979135049,0.255642403928155,0.0,GHD
80,0,0,0.42662944712494894,0.3218594007262542,0,1,0,0,0,1,1,-0.18577815153743374,-0.13754861034676705,-0.13912978662069253,-0.3030299023053226,-0.24205079683753095,0.41613716716912724,-0.10838622011450355,0.24346590345615557,0.27232887851902593,-0.6135767597758875,0.512734802947675,-0.5608651008704266,-0.05245430107180916,-0.6097282646467196,-0.09953603979151661,0.5014919182308928,-0.24518413994233365,-0.30103092339967796,0.05318602537521158,0.40521136917534567,0.05508038025582723,0.13479422330884894,0.716500423110385,-0.3183268066187746,-0.0782493680311406,-0.30920720119325457,0.24423005151223104,0.41985959645034127,-0.3649305910973478,-0.0860135770694817,-0.4098392341903563,0.3189106547576693,0.4110558334781707,0.9943884804260907,-0.2973991809106392,0.38753717852216063,0.37922605659720793,0.006529578854384106,-0.9873423469981943,0.12840809386156715,-0.15675770145015888,-0.8291538589857531,-0.020665894109543396,0.021410816183564687,-0.4332277572771996,0.001303722950363679,0.5609570941780583,0.39881907411064305,0.1685939846951128,-0.7241019484397514,-0.49529876592389405,-0.807601735864069,-0.8979521992174275,-0.5093652207935657,-0.14278159894231268,-0.5927811505780455,-0.6871677145825044,1.0346238720937693,0.3810448074275503,-0.04294048144449119,0.18589213182550468,0.6484641110748902,0.10486440394341892,-0.471273794124048,0.10668010594179181,-1024.0,-0.23857863585038033,-0.7617190290803132,0.4580006708020478,-0.8812371376068483,-0.15473945608029355,0.10799171577053032,0.006483623177341413,-0.42073281603537976,-0.5898474159408923,0.40466020287735555,-0.31076056845576855,0.3786441650538576,0.2180382413247503,0.4240043342275937,0.05381493614860728,-0.4853147426293157,0.05299012444019264,-0.3431388090161081,-0.2619984544479975,-0.4625138679577652,0.4527482207458665,0.06140117101075428,-0.7515026644139441,-0.3712990589243997,0.10555663069374116,0.6083025459855906,-0.9682243828294825,-0.4539127099668297,-0.6103949983285187,-0.49294355403487217,0.16632211623771095,-0.1258778664984219,0.3657673638689359,0.6249438764622862,-0.43433607554934545,-0.8954497591402985,0.254722454675824,0.19674230432848455,-0.3843378797886903,0.06000467813222615,-0.4354984602784209,0.4644904986954864,0.2017177972419913,0.06925459218767616,-0.741736687816721,0.44252594688806857,-0.43503998744047345,0.12354535376958733,0.511108616051063,-0.997821545228153,-0.2760279084509737,0.06277106673260995,-0.5217282099647248,0.8418653204983927,0.6234873101041093,-0.429802922177686,0.21526329787339538,0.263484433039219,0.19765457489241395,-0.4442404801882982,-0.02808666542895333,0.14217166768742467,0.0,GHD
82,1,1,-0.18383913248157552,-0.02816289376135874,1,0,1,2,1,0,0,0.48231285151813785,0.6596179174655112,-0.4238355907309892,0.510015076187259,0.7222068480225549,0.6180094843409426,0.2986988842323772,0.8602519441974337,0.5299738441223268,0.21551033201937558,0.911981823205087,0.2451270624539094,0.5276136618140562,0.400342845600044,0.8509895192496376,0.8356890386630065,0.6858590853785687,0.5501600111373169,0.6943017266535829,0.5502489025440731,0.05565780482693844,-0.5442744980089431,0.7920727341406757,-0.7115051919977979,-0.23339224575492945,0.734913219112749,0.31816437327277075,0.7713754238364119,0.5348113791929854,0.9432209529221928,-0.6560628285166875,0.1223464346704555,0.2911648189486822,0.18641731919543186,-0.3820526454991084,0.5086180899811672,0.8155864790358106,0.7589752800505092,-1.0655543242072636,0.2477721488283799,0.6196205868667156,-1.348649250212481,-0.3980356054078667,0.4690538924104939,-0.9190870825149222,1.0005504341177947,-0.45784330826915226,0.7510021396256604,0.062014484976979284,-0.9225482655094013,-0.45102102490376217,-0.34436166764685805,-0.03761375266827943,0.644980213555649,0.5456440821041971,-0.5856913479478351,-0.48136573306684916,0.5783770495308682,-0.9873168550274072,0.4318099596835416,0.7261055090546076,0.711439502772153,0.13248587419704844,-0.47099543030631225,0.6428794029572139,-1024.0,0.4965588992535497,-1.0804436921052012,0.7541190809691776,-0.3894458447322813,0.04593205543206172,0.1608408857014504,0.006483623177341413,-0.1807850352392197,0.3169037886997524,0.22646968476083165,-0.14975736160182002,0.4319251189811863,0.005748107030371455,0.6456747972872764,0.4085204310862505,0.052239111082363635,0.07066466420978207,0.057725920370994915,0.2683336352420684,-0.10942962745028148,0.1469865015876731,0.06140117101075428,0.3983519928089003,-0.34876819424283867,0.05518350778971143,0.7567956456010754,-0.1834882585589648,-0.9402541897618721,-0.22362236917064365,-0.8628236087106751,0.45569846356402355,0.5161436810367884,0.999010828753075,0.2729736873966919,-0.12749470739853125,-0.7644556184000112,0.21716297502782364,0.7617462566118615,0.3387163185616649,-0.812678627178767,-0.8635107922541226,0.4710187741637865,0.5762084598215632,-0.06852158825301877,0.25102542354718116,0.6279706590503599,-1.280062054872567,0.13808951364812586,-0.41297412077893086,-0.518396594626518,0.2507617171705983,0.5354186360057337,-0.032999834766085395,0.7704482879398811,0.48231171203064754,-0.29147650435153466,0.5590993588744669,0.8127166136650724,1.0451197410392437,-0.4410297789327695,0.164647214526195,0.25994485223091995,0.0,GHD
87,0,1,-0.8740599249642069,-0.18045880808382514,0,1,0,0,0,1,0,0.33147757872401007,0.5243001663113968,-0.16194491491690893,0.24350804043418783,0.47471255575067667,0.5505580321548263,0.042969482790410296,0.5762027162742949,0.39205660709950735,-0.1453677364760297,0.8260962852333785,0.17864435957094735,0.26582739574315073,0.03014275770319952,0.5257832879778019,0.7164468695569395,0.4286636484630204,0.26898338661218624,0.5387586324846015,0.3650806344901331,0.05523047972573839,-0.38990004376636034,0.5220245696605281,-0.5397013381969608,-0.003533587107145822,0.5353182188489123,0.33801860325338867,0.6358857198499679,0.3154261106976208,0.6243639459743758,-0.6654654895877077,0.23996822061900897,0.3731781570667221,0.3625622378532976,-0.19164610299456072,0.4765779084610546,0.47768434447883246,0.5064252781056974,-1.3759888250958798,0.05392280876417695,0.36849574566979526,-0.9466943327073444,-0.1217975206737764,0.24568364105898854,-0.7694072231175336,0.6623766776702266,-0.864872800797059,0.45839671325549897,0.21706662055500217,-0.5327361030705886,-0.4535891123386255,-0.7120983371030385,-0.07576210712142374,0.5652913314588752,0.4734679800781395,-0.5324586575878038,-0.39338095965652625,0.38032091475971036,-1.0320896004999653,-0.09044297238286912,0.19868348411214912,0.34936267183641406,0.12469807758759381,-0.46308710306254236,0.4916933930602168,-1024.0,0.2461529286729247,-0.7104146771272524,0.3357011452830765,-0.18369681570398658,-0.2540462784620693,0.1561069313246263,0.006483623177341413,-0.013664196100329234,0.3824364543015045,0.34266356917607854,0.6017761608506956,0.43952908718396955,0.05896019483614831,-0.3441578187418586,0.30740058201940235,0.07112052137360637,0.048132828373119094,-0.09506458081897223,-0.017418398144784252,-0.4449364130635136,0.268970255101361,0.06140117101075428,0.5267089972017643,-0.32487729135803156,0.11923779794263756,0.3943045902978295,-0.22608707816817344,-0.5128231341293865,-0.39227711135442395,-0.7274927885214225,0.19436763028039242,0.13685978616408714,1.0034614752358482,0.21027386754360747,0.0853473981675988,-0.7114817769976515,0.22740675508433336,0.145012034488861,0.2632566010087258,-0.21551767934680247,-0.3822680070382902,0.6042608318147622,0.34497249244321676,0.03197961088817473,-0.008254520888173623,0.17451269800859381,-0.854346402137051,0.10025668550337269,-0.2930868999777387,-0.8590136092955645,-0.37288052447732656,0.4247166048382504,0.31760466955737404,0.3209770255496355,0.11801704167865591,0.39916414279032336,0.49712838305147217,-0.25061196146074344,0.669496382686924,0.1272631707590226,0.3970355523182933,0.24914476856565934,1.0,GHD
91,1,2,-0.10447806337915937,-0.21174503276948764,1,0,0,2,0,1,0,0.6385056638823704,1.1304543735302977,0.04318941704846516,0.8156734931681396,1.425391231133792,0.4925413729744382,0.6885292554245449,0.5586579013123787,0.2380271389088284,1.513265559818358,1.3396639603153078,2.148286457364216,1.3468856480194136,2.14840622488259,0.4214595634444682,0.9726616873179227,2.2413196034385563,1.8366570608289325,0.35313732254933466,-0.8659853263765291,0.05533596959636222,-1.229044223627456,-1.6848202305547741,-0.9030927115125027,0.38631031587118564,1.372205686982976,0.664564639796655,-0.7125949204160813,0.7993948799439435,0.8581278871494482,0.5936403831857847,0.07266712155260628,0.3327928629442452,0.45646046359937625,0.24442476127318735,0.7791220873229392,0.11314632252973406,-0.010092014071170607,1.2218819103535599,-0.2352362170346057,1.2467499292916975,1.0663433782983434,0.2470012946673291,1.0246989900110322,0.18491952685724758,0.8523586240281171,-0.08455059487238326,0.04931990175878134,0.8221368029919369,0.5191809542167829,2.4300351908404245,2.120088865321598,1.0635939624858768,2.2923286195786337,1.4914388127490703,2.571677467079665,2.2687301388211116,0.8877057674492547,-0.3651414930598429,0.46282967243926154,-1.8807771163031193,1.0991891275822652,-0.10191975958031947,2.123735750914334,1.0697306483700368,-1024.0,0.9860072327487779,0.17165327647126982,0.44257362496352093,2.936004617998688,0.8093195657067626,0.1608408857014504,0.006483623177341413,2.6720797972799004,0.7134587262234786,0.3049755430878394,3.3235773537829467,0.6707830471673856,0.08256170335137604,1.5704201469863226,1.40835081423388,2.5771305917554783,0.03243615840365503,3.0787034828258437,1.8520164508722725,1.593920862931513,-0.042319627252420874,0.06140117101075428,1.6155850213714342,3.113353424365414,0.20734941425424266,0.859891889122839,1.8894450824524873,-0.0762479289307422,2.636362371188051,-1.0162279593275854,0.9355543353377719,1.0458871642308911,0.33017734923823316,0.8278291118626486,3.7659309723525825,2.5044102146306604,0.2712896360436878,0.09770795637858821,2.2522852833685625,0.23298120621035173,0.4186083459058374,0.3070437806970984,-0.23139156697119465,0.0879831783418143,-0.4107668608555916,1.0844530479226104,-0.16688462922173508,-0.010032977907962893,0.9669409099465582,1.6759388866320093,1.5208899857253413,0.5876007154805127,1.8684261369727433,0.9557662355734063,1.0579028314692611,3.9498753793974637,0.3804620176589425,2.1167567858237843,1.2715844232304128,4.232523093337505,1.1829971537067883,0.25994485223091995,0.0,GHD
93,1,1,0.07036383173417025,-0.9215474835931402,1,0,0,0,0,0,1,-0.14154017804430935,0.1301664777593756,0.13181288581842476,-0.41028784204845625,-0.07476165342041463,0.3695121406177861,-0.38462064744027064,0.49326658818318436,0.041763596627992415,-0.30355544715843025,0.4812793212998011,-0.1067521790575795,-0.09358719132880984,-0.03370615641577655,0.2135813374271768,0.22672884523282813,0.4657248980782026,0.21166007029775147,0.06347311640580698,-0.18995385197428988,0.054400876146483014,0.3966003761199485,-0.180098496147466,-0.15222947292724043,-0.01760042525910677,-0.0485843006514201,0.07765971736531882,0.18816718040100408,-0.36655652865209376,-0.007639029758382275,-0.16866987734496525,0.4119783084661655,0.4706855053779467,0.5861994801122647,-0.08016197634643649,0.36809370779008455,0.7631107381656362,-0.04345355813611689,-0.44999574429653505,-0.19134392337991651,-0.1076267211017282,-0.18247584408929954,0.10956907810794798,1.2130312232103495,-0.5997825881423439,0.005272802442029322,-0.1342458825796931,0.5100840031035506,-0.11948830389733946,-0.18565413573144054,0.6619943878578509,-0.43957574023753504,0.7109549433109745,0.49752222342107205,0.5607980422310961,-0.24205643813446343,0.06517735413546057,0.6467118638018593,-0.30271913034388237,0.926612378663002,-0.9900341617942215,0.2184421835097196,0.0575548835646539,0.5952389872889934,0.1441093175401205,-1024.0,-0.26916331970598684,-0.6679875720373715,0.773763433281041,0.17154912918090642,-0.54332692295625,0.15990095693039114,0.006483623177341413,0.4256844820178712,-1.0286078006860049,0.496352263152754,1.844510428555939,0.4742802626093861,0.07126063259292899,0.4601401424650329,0.14518957794919893,0.5230526656638151,0.055187298308720954,0.851461249061142,1.1900622639518181,-0.6529100229103396,0.5886954573264583,0.06140117101075428,0.14481117854359002,0.15105195645701916,0.13652002094529359,0.8867506814083512,0.46431755400597324,-0.23564544482046895,1.1287739587724737,-0.3163023222985053,0.11950824614000567,-0.24323934224376112,0.04630076690766334,0.7881788148274727,0.9291047073669427,0.6341737487043858,0.31658401230539107,0.16247803899516947,0.4037911689592506,0.2521073653734065,-0.32570213280347,0.04043834027154362,0.4860697148699679,0.10748889396085902,-0.6226411516807752,0.1413979075309751,-0.833068786284213,0.05742628593301072,0.08556816889823601,-0.128174394762929,0.7660767572889142,0.5685509815874044,0.3636282110418254,0.7380621392264407,0.35759728888740905,1.5369342089780251,0.22712479036682784,1.0184403462204827,0.837752589051322,1.2628430085510844,0.05373337862428541,0.2577965362311406,0.0,GHD
94,0,1,-0.15827657539136963,-0.036411685223273815,0,1,0,0,0,0,0,-0.5891681689002857,-0.46743772705508835,0.1260756688065317,-0.5001744963095641,-0.3291790394258747,-0.0753127912799647,-0.3828778288961588,-0.9598577522246103,-0.890486649676128,-0.4798509099423562,-0.09065149261415356,-0.6194016612047266,-0.24910317079295313,-0.36371194096262,-1.1292754821525677,-0.26295232579958605,-0.2442211935596551,-0.3866726794912214,-0.9254251885007457,-0.48179132824589904,0.05698227108807199,-0.7984164200245332,-0.2391535877933953,-0.6556592703326085,0.4125525126123213,-0.21049965189031158,0.36665470275855416,-0.9077001472460934,-0.3762780113221789,-1.405693507990899,0.05016265565185805,-0.3473536081885838,-0.36318330779336006,0.7392941593009457,0.5737922326175521,-0.08197309996278833,-0.7424852523038986,-0.5440682138568855,0.17792815283016805,-1.1357264448390105,-0.5430351884063873,-0.6505239618067752,0.14412426759034722,-1.1318010549313924,0.29999930526389534,-0.6571299736316613,0.25789274449217603,-1.0522280309828622,0.7633117105182817,0.19940225591852315,0.0277928843464379,-0.3611628187804802,-1.279796533784174,-0.31333027368521243,-1.032483410729895,-0.36572549327877796,-0.9091024053083617,0.5460882118908275,0.5467169899796502,-0.42198763260414957,-0.3395815066718831,0.15167982850924325,0.16146670471519034,0.29927960216243576,-0.250902738874365,-1024.0,0.10926658146198741,0.5983565564902977,-0.1257468130957225,-0.6151601556350846,-1.2004734721823471,-0.03600388773959633,0.006483623177341413,0.0211699128076523,0.7849492534325883,-1.4677291683216835,-0.7336594273904995,-0.4615719761193613,0.21764526270770002,0.41797223219658064,0.13028729731552877,0.06744602645082542,0.014521532071350736,-0.39525770360152024,-1.350993442296077,-0.750606584106851,-0.9635564610071549,0.06140117101075428,-0.43784476987035964,-0.3308931350596807,0.11659863467803366,0.42275177787658824,-1.2714253036055103,0.19120725155289245,-1.007742064936105,-0.736729149841577,0.4739676091991756,-0.3364743461936146,-1.1475187671918956,0.7884192863503982,-0.4366924757962682,-0.49145489684298005,-0.3248218286825402,-0.9708684984014299,-1.0375671283135643,-0.13382676074657152,0.794099884094216,0.5949494361731872,-0.6715882679801597,0.010943326039004593,-0.8623454232976252,-0.5209646690851474,0.8235959590558711,0.08943060644084261,0.9408384811638641,-0.25762020085250215,-0.293310466957249,-0.43272911652713936,-1.0202319342067114,0.341747119346187,0.008281124881712463,-0.7440011906621864,-0.8175068103864878,-0.12391795016121857,-0.700920849476191,-0.43823716031125476,0.23612573506436915,-0.1485507742697329,0.0,GHD
95,1,1,-0.20598837249172106,-0.521783738081571,1,0,0,2,0,1,0,-0.2645425247974239,0.1027249398734207,0.09508588079928017,-0.4169401000285282,0.04613347151847068,0.3385310991258205,-0.34153705944230384,-0.18236908075645522,0.09759718222061532,-0.22597942284424677,0.4516299945321184,0.03030148020770103,0.08007767088086527,0.15987359341117635,-0.1799229640338741,0.08391687494605911,0.4764978872093617,0.12814022402856798,-0.1625514511359576,-0.4030380678086844,0.054577514037494494,-0.18302675843884025,-0.3523249131524053,-0.42035278561857103,0.18094185590813186,-0.02836735302684348,0.3292837406482782,-0.11028119191624575,-0.46347339294325823,-0.27835466574057816,0.006597217779079369,0.33689436564336833,0.38698524849911825,0.4843951049586332,0.0776998678767616,0.5031636458971388,-0.12269081712941958,-0.2033579689735783,-0.03586378692558346,-0.2079776392055053,-0.13991279313740299,0.3352895469154333,0.2040674865726666,-0.11824098481320112,-0.16772573618174635,-0.061325090692382116,0.07666030592110104,0.2226890983821452,0.22370847404977445,-0.2871210813543066,0.6720639416652996,0.007187556858294374,0.04644288019684872,0.6009378374839038,0.3915640504039641,-0.022029372728513574,0.14878671943813257,0.48133305215510136,0.08187626537286806,-0.08424768263416957,-0.6694865193612203,0.5375960635188375,0.03028110321564208,0.5291227716516673,0.05241971568702203,-1024.0,-0.16653134877059836,-0.45998568260032774,-0.14103956718603802,0.024786802292091806,-0.38767144860802144,0.15990095693039114,0.006483623177341413,0.6457420147166926,0.5687441773283274,0.48316606120436334,0.7726713785954957,0.4431669521678232,0.09025450450735378,0.2165048493337007,0.5250136008024235,0.3302034608488139,0.0445534212446376,0.5709482428274846,-0.32277922809038057,-0.13607743899776026,0.3644489065962831,0.06140117101075428,0.38209624634004447,0.019808211103357672,0.14111257493121152,0.11223359722088588,-0.11872890918768045,-0.17647284842973215,-0.09840227794608211,-0.6249475279647786,0.2756947353550251,-0.016147097299114985,-0.35753009519268714,0.40341792928174014,0.3451102183051413,0.1704626939122272,0.3084543191501944,-0.13676714139388782,0.3540174398439779,0.20698372034862608,-0.05495415742895823,0.2136974569151444,0.08283171626039404,0.10795918189665937,-0.6635874434009988,0.22679052148625414,-0.22655737286363764,0.06663598026459408,0.5113704158315606,0.09379812752413097,-0.21442739878493483,0.21427540543244128,0.3241721953890967,0.30515403941028213,0.44985000183739426,0.5499773183938047,0.011643801660983647,0.40634197202136935,0.3112608253857938,0.5838765308567698,0.48386877886489454,0.2577965362311406,1.0,GHD
97,1,1,-0.32440443358312543,-0.24632287631849203,1,0,0,2,1,0,1,0.03862067661520684,0.3766721614811056,0.045240744563016515,0.11032751495743116,0.5373621762537071,-2.0784832975759286,-0.362328656137757,0.11494438663196681,0.6827791200474647,-0.24181829389083379,0.7685650232763704,0.21274318987093258,0.002423577190372567,0.09543761069805735,-0.0553833358730257,0.48008989646698674,0.4538874990299127,0.1461957625160766,0.17673571736780522,-0.13259651219684968,0.05498039489437349,-0.5833289170639533,-0.13490174145457245,-0.624812865733828,0.28312104128368387,0.5659845136993038,0.3580195589001052,0.20971782081408702,0.16215351099544917,0.23958071873758993,0.11951623309343884,0.14712831916342653,0.27500108895356523,0.5293531734689688,0.20945175372726782,0.42777008940941635,-0.19036885114386085,0.12693972378344578,-1.0287375566794876,-0.734479664412185,0.10866513169568305,-0.9666787510084994,0.11694986219265208,-0.2853090402858948,0.03617408339285259,0.28364337133617334,-1.5674719655886469,-0.009249787539935831,0.4257677629978934,0.16164661089225543,-0.2806574874100258,-0.6386364013686425,0.24395031044302798,0.750939459871446,0.016579384305800797,-0.2627973902589184,-0.7723243396500303,0.5131076971422717,-1.2946727334551345,0.1232829505458402,-0.14489332580919542,0.3181957672792189,0.0024962077291202198,-0.1582376646349581,0.1829349675859352,-1024.0,0.09176256513744664,-0.09115504288417936,-0.18726354916498877,-0.13846809998289797,-1.0403416070574676,0.040387693371812645,0.006483623177341413,0.47018293988080356,0.6905681522582602,0.34266356917607854,0.44372368490255215,0.2871918963931298,0.10668780942142621,-0.6561564435349905,0.4049957180573027,0.05467146334530204,0.026876492714472643,-0.23829708978098751,-0.6551746367577804,-0.8464370120061838,-0.019242660036631137,0.06140117101075428,0.8460901566995576,-0.16748768298121428,0.11923779794263756,0.021813515262119988,0.041782820507697056,-0.23203861060298875,-0.7589674193041084,-0.7789133113119798,0.12768911279480402,-0.09930670777851179,0.5665147145582285,0.17610178763047163,0.10443327408783348,-0.6737174559269956,0.22207140134841438,-0.36033289671458263,-0.2806019775989765,0.02762568220113158,0.1765757474219344,0.3156115795697122,-0.31625301020773755,0.05177323191726914,-0.5479155792961901,-0.07929157552624103,0.17198369869496508,-0.00010214442501276625,0.01076253660182681,-0.8053782035463624,-0.08860636981507505,-0.15653329129447466,-0.8226810078884128,0.2345935917155081,-0.15382908707955475,0.23497279686489816,0.2842597180751749,-0.8272298845685877,-0.29100059882345236,0.1354873033933894,0.03339711663146065,0.0003060264755089677,0.0,GHD
100,0,1,-0.34636996786880747,-0.3212294029354775,1,0,0,0,0,0,0,0.5108819028813107,0.6004469902227701,0.18400473489127056,0.5489925791417832,0.6504591303353411,0.6108959653486664,0.2092009723766137,0.4781858137386353,0.5278103177534511,0.08097312531331134,0.7293119651996193,0.025590548321580617,0.3166062963822063,0.157770047250507,0.3280382238805614,0.7316045196875506,0.19767246296658972,0.13967056594579957,0.6153195950902964,0.9085420237009273,0.05443381653426516,-0.11582473979961265,0.9148573018322752,-0.4012484179669934,0.2000258016379045,0.7090183042295968,0.16328520378611225,0.7322423403172256,0.6119806249237715,0.7106936531090153,0.13480378946720334,0.24670367087191838,0.3050972847602687,0.1948500096128286,0.2797188904684711,0.348602465420016,-0.07950026136347581,0.6266497216776769,-0.9868137309263829,-0.5313295873998444,0.46471311398250537,-1.3854230727955257,0.10198860820261814,-0.48792563664408484,-0.3599163041278226,0.7461786350690679,-0.8951687083002048,0.2619118272209248,0.02479703837058841,0.3271596944792891,-1.0488556126454638,-0.8693790864374523,-0.003204338295393629,-0.4224119532392376,-0.34732238110579566,-0.5981000948582283,-1.126777300372219,0.07758803457696808,-1.0489134636592654,0.4019601532087424,0.7739167935394572,0.2444889158602528,-0.013121689492957507,-0.7888091287895893,0.5019940660976754,-1024.0,0.5669980008211111,-0.33999063376193595,-0.4612524744816381,-0.6093379614235007,-0.927489114863373,0.1580108543737682,0.006483623177341413,-0.7264225396788218,0.6093385934367401,0.40466020287735555,-0.1816801780356146,0.25702148911046585,0.0715962329800907,-0.6683910084785728,0.1706712772705959,-0.5060187959450541,0.035954945356484455,-0.7851224543617259,-0.8761732455358068,-1.091026226431395,0.18761994391442074,0.06140117101075428,-0.3372947330077438,-0.3753333658695849,0.12438158203134565,-0.4552334386577436,-0.15374086772129586,-0.26776627672555786,-1.204266209388541,-0.5625662736731266,0.5754314218799388,0.2929396859750614,0.5037288711255904,-0.3806467341807822,-0.4370881700640425,-1.2841426879839888,0.2697393676987952,-0.2314715882408656,-0.6077645810343522,-0.015418347126441207,0.08632395084377847,0.3784111714657322,0.03449013764397464,0.060917662924111694,0.24414203392181089,-0.21565982717275736,-0.3830433215599066,-0.026555780287657357,-0.48073532445889683,-0.43247171304356224,0.20907033954848978,0.2705396528510436,-0.9578935564700412,-0.04962210253976568,-0.32950322007767235,-0.3226388419861422,0.38558970465089165,-0.6939455652496579,0.21889432119598726,-0.44327057459026314,0.17071461937570837,0.2534824214128262,0.0,GHD
101,1,1,0.030478928187078085,-0.23865334529293453,1,0,0,1,1,0,0,-0.3037075380538091,-1.1045201586186872,-0.20305520841308916,-0.7027285672298736,-1.7174898582019817,-2.0784832975759286,-0.021479110379648895,0.2542595261119874,0.48392013119045274,-0.12829471574280307,-2.474250287978622,-0.10305779215617253,-0.9903841389165698,-0.9818339166476452,0.45685160939905667,-1.8670384523781198,-1.6810441383769097,-0.9681759317350176,0.3395193915973013,0.7584842271230745,0.05543407306831321,-0.48351163256410584,0.15734180804223938,-0.6454710443814324,-0.1541331446260611,-1.4302745051052947,-0.22403890698589551,0.29502307412267187,-0.48262090252877315,0.39433328732349715,-0.9301200474672272,0.07642769105054176,0.16227353056395838,-2.71755430416874,0.01259849710518126,0.3700262266291406,-0.49850533197301555,0.004696727546564718,0.05941052079272518,0.6558216562777957,-0.25478967519677526,-0.077260880136179,-0.2901487654868702,0.3894780433776125,-1.278779250546815,0.16956250900811445,0.9689697981525539,0.181036264266213,-0.3425779567766853,-0.7162799119359992,-1.4922554170265165,-0.16186669889789174,0.5974056566285986,-1.4717597273043646,-0.5742361028557231,-0.23412903545424704,-0.1429800624710638,-2.8767322999405165,0.6279991428814864,-0.9552959573782586,0.17395193969274644,-2.2071632492257174,0.14872486634888313,-1.5692963109771085,-1.4904320874952044,-1024.0,-1.0079120196124953,-1.1507523741238344,-1.6569439875120704,-0.21545412736419023,0.4367559752330503,-0.08991678616642464,0.006483623177341413,-0.7057637772837364,0.42224805584626435,0.1868414639777017,-0.05639192670189666,0.24548415360828754,-0.008536340679628622,-0.5621282433656359,0.22516887298000865,-1.6304825569406542,0.0725816143723629,-1.3594886442761787,0.1775686340124581,0.2871163642343385,0.017058819139168933,0.06140117101075428,-0.3428604760409636,-0.3737931068013932,0.06665434489276749,-2.2191459714897652,0.4216355908602919,-0.8993360980768519,0.05176268074452896,-0.807212241474447,-1.3500509187086445,-0.8222852471932565,0.15534807098695505,-2.980720380209317,-0.4435220618618713,-0.2302421659744759,0.20266322489607977,-0.5860906514754909,-0.9251237641560379,-0.8292853057695274,-0.6797088440748297,0.421280076266698,0.9485475240372129,-0.07141949737686275,1.8441750905632612,-0.9401597927569272,-1.2955303730985215,0.11416802301624833,-1.9871395152956313,0.004900210805739775,-1.3313970279336935,-0.4443341826842563,-0.12139164675418491,-2.7923023676408643,-1.4351474204128256,-0.19837554844031627,0.6103555326362984,-0.3208714878952076,-1.5145759074445828,-0.4450025060841397,-1.9256797304752722,-0.24658872779595403,0.0,GHD
103,1,1,-0.22541011494749943,2.181337100816362,1,0,0,1,1,0,1,-1.5185556192796705,-1.3653849579118273,-1.8842665003010417,-0.7586948083240179,-0.5005711634969177,-0.015329291227398243,-1.1060524768978435,-0.5888599451230281,-0.6985461915430243,-1.4475362548472546,-0.10754073441970226,-1.4166664377303313,-0.9745495893585454,-1.3398667484746463,-1.348146429277249,-0.3648401464808981,-1.0226720022265692,-1.2447157607264745,-1.2664791370244373,-0.049842579701373194,0.05674706040001823,-0.47093561689854513,0.7045499057487387,-0.25986864166479545,-1.253791061066484,0.4577494019390153,-1.055207679444967,-0.15385073080732894,0.18233455328925294,-0.9164853734501398,-0.3097346624634449,-1.6747330297143899,-2.140520299932772,0.6681099784520652,-1.2756433117505215,-2.1765924698668466,-1.2358807015271989,-0.7866780693254172,-1.301801852955866,-1.1355670827587476,-0.972011374491851,-0.8545660666707207,-1.9207810484948247,-0.7696909116679443,0.44411104984553024,-0.7909158408083496,-1.2712743157710091,-0.66783729236811,-0.33600706352468257,-0.5434556263222331,-0.716304531853962,-1.5491782300408075,-2.0127044542241785,-1.6715866096285887,-1.144929905587519,-0.6160359566381733,-1.3248802932614998,0.2547346666958151,-0.7358214587703285,-1.0432658902623264,0.5513162944513802,0.3863564955098241,0.23568583713245742,-0.9469481561994756,-0.8665691612219583,-1024.0,-0.28025645739261945,0.3560187133236882,-0.7615092244247523,-1.1580495568846458,-1.611937293300417,-2.2768512766310964,-2.867133360740596,-0.7400521642526943,0.1803258617673005,-1.0087549991416838,-1.653649918837357,-2.1663449551666267,0.16422100339793488,-0.9142545238808696,-1.8550149885889835,-1.3118462198695873,0.17770485012020612,-1.0706572666906509,-1.1268500261923455,-1.7152648342216736,-0.6932397556309156,0.19668756698595866,-1.7324856187552788,-0.37817931840023244,-0.2685563567704618,-0.5120370408043866,-1.9566783924041273,-2.395033580819962,-1.2699483438165657,0.13070973751341275,-0.4107396743377991,-0.4719578151622376,-0.39403662097760983,0.11784145254299037,-1.1904452955003322,-1.0164539378989623,-0.4591699834989658,-1.0536812105956672,-1.3502235404842224,-2.2874717117167855,-0.6385758372357798,0.48095379961645535,-0.7363186909662669,0.03308999569915745,-0.8487745499020971,-0.971450638893714,1.0717119590376856,0.13969394557057566,0.013096888631700866,-1.3464820390477292,-1.2016762654075421,-0.5217205629164505,-1.297916114712414,-0.4383150629298469,-1.004599579399835,-1.5831774779593502,-0.7655808919606997,-1.094979546015429,-1.1196822339568462,-1.1775306708700068,-0.34527012894751247,-0.829102587373982,0.0,GHD
111,1,1,0.2557404750658029,-0.15266231449385959,0,1,0,1,0,0,0,-0.20911338036840196,0.17692368673037748,-0.42588879548315756,-1.01375239765873,-0.5523443739744759,0.3032086487503842,-0.24615167348610426,-1.674037291879022,-0.10004720026759048,0.5748483733405959,0.260762941733546,1.680356284277665,0.20795466478425736,1.0529374327133756,0.14664488937098885,-0.14334493887277636,1.3707924995611713,1.0169487474503767,0.06585531702323168,-2.2729180654800687,0.05593621734380035,-1.2779471162163851,-2.587666897878874,-0.8930246644528169,0.14093743183000254,-0.5346078838246497,0.888959823575147,-1.4883513632736103,-0.971790849251425,0.21778081699390545,-1.713821341368456,0.22174408325888123,0.5944026902274712,0.46098075483058637,-0.22854537520069917,1.13742739720308,0.07052390017716675,-1.0156078690327979,0.9598319292145042,-0.9069832451856439,0.4009476582211759,1.2743954037384448,0.07238433838432569,-1.289741833503126,-1.6886737548623292,0.05791608617952239,-0.030751984500781104,0.2282822627690976,1.059282321323489,-2.3522719428542507,2.6373590922839054,1.6730187623912178,0.4915368413414678,1.7364180588092737,-0.817183136749418,3.0683444071066024,1.7439007665801902,0.4343879725342777,-0.6180998393044778,-0.1417481081522407,-1.8665610376774222,-0.3287995360468158,0.25906276226393443,2.035161019299738,-0.1304202180653866,-1024.0,-0.7475626248976244,-0.9523172336976871,0.38114131380295846,2.827660212534636,0.13485447487051963,0.1591955417176959,0.006483623177341413,3.1530321997312676,0.6116955721525129,0.5378102039505956,0.7726801387114987,1.144455918802783,-0.12045958015048816,1.2947906479143696,2.046098531263611,2.090811337597651,0.10389425537742303,2.2690374250058825,-0.13882180173049483,0.9531934967866043,0.5252799374604178,0.06152966101255928,0.750650219136936,3.8353450032228324,0.2635650993936553,0.8349533773819009,1.8020911327456512,-0.09516989297333538,0.8063537926007219,-1.0970438156411944,-0.03377092972343056,-0.21465946018118917,0.11745361948336136,0.5618511265709226,3.1504686925685776,1.635838145978181,0.35898756500522727,0.9243924583149783,0.6361933446601687,-0.3122414345117238,0.04350016064871415,0.2658936139657609,2.2274471412971972,0.17024855165539934,-0.6518189692805821,2.401040407595903,-1.2896859804380287,0.2638992653435952,1.2739843521068015,1.2886391936524384,1.0479080419715257,0.11514200957157808,0.9009910575597695,0.9737163180512116,2.097056222897771,2.175567646565976,0.31370834359411587,1.291373484162969,0.8026875850505679,2.8446420846335947,1.4117707360018983,0.2577965362311406,0.0,GHD
112,1,0,-0.8128352596261884,0.5301345090187857,0,1,0,2,0,0,0,1.2939762859118429,1.535767444225501,3.891050769683774,-0.17070416029791585,0.04785187192803695,-2.0784832975759286,0.5674094276899807,-1.5623333274632143,0.4031216977128427,1.0417620830931924,0.5056882247807919,1.8789930814280207,0.8628247241364212,1.330662694396896,-0.5090691726322036,0.3620226102135259,1.5919443522444832,1.4426791075202308,0.34024132424929376,-2.6568760032353733,-0.019716927127277524,-0.8554526773153024,-2.6304605750989816,-0.07642812504814647,3.861345748297752,-1.2258020577876563,4.507148017673969,-1.9566430576477287,-1.3911324535165055,-0.4770855839161599,0.9262674871299733,3.063565993427732,3.80637194903673,0.9812462552709154,3.541710976911886,4.527006500370624,-0.10622947931722435,-1.0813534037327601,1.935618865154642,-0.16417910010440256,0.4660800325761154,1.4267183507118377,4.04703076645442,-0.8596076411316852,0.4617797343103107,-0.19019468267057654,1.7293236731704906,-0.355404166803692,4.022056544373866,2.0721434610892793,2.629242313535171,2.3973380209809907,0.6644226719700778,1.9122909237401964,-0.004968287422333221,3.457665491112942,1.8593679082288916,1.1765842594437135,1.4952892850654607,0.43738520913710904,-1.999246847303165,1.3911549756917927,-0.15671774118826853,2.851549655676025,0.3421977476125138,-2048.0,-0.5530836619635513,1.8971023729978593,0.8440979980786685,3.0959095402200765,1.2862299144379203,4.755761494515706,5.9551022913288785,3.4312193697280944,2.028818686325305,3.076545297307827,0.8834560970517279,4.594746762756142,0.24168079830587139,2.6038325583308106,5.665609729574872,2.8267477367592115,-1.17719446262888,2.7159196610451115,0.3607897638991457,2.136907366599865,1.5494350837548378,-1.201343638819657,0.8138453064568223,4.3186627146060035,1.5858304808972032,1.426341309012854,2.161278856733779,5.5855852547692715,1.3128368432000272,-1.1637257127678988,0.19643470480822414,-0.497804069047526,-0.03135323537044943,1.4675179412184431,3.6240669719012297,1.982334427598865,0.36376407351585555,0.3028189746987924,1.5777973070698805,4.14253766251243,3.455371479621706,-0.32468452931726277,0.07243261047636905,0.31032314641034553,-0.8588931794870556,2.0843046611523737,0.15272313037237573,-0.25801560475865415,2.1389629768846334,1.7828963914320106,2.077504179667754,0.6895658606092491,1.2139127886222851,1.5444836409023832,1.9592252844818823,2.551847260618604,0.26016652811499597,2.3192720797162356,1.6597669856814832,3.2099062840335875,5.051269454024081,1.9085477620311688,0.0,GHD
118,1,0,-0.21885385866769277,1.4676266114415057,1,0,0,1,0,0,0,0.1470360211632738,0.47056634387221846,0.19198024177812573,0.28009020785142624,0.6884226767138503,0.5360182473681414,-0.2206472440842676,0.11607505925534774,0.5419657803187816,-0.3388334037641228,0.8807624109693487,-0.27105687646019433,0.13868994793633987,-0.03187668394487394,-0.42238699702323645,0.6249306409847968,0.33926313543826564,0.04877475602497209,0.16050696781878854,0.4453268344748625,0.05492614845958681,-0.5824659056922322,0.574749050875407,-0.5602944254746448,0.409186905019868,0.6966473585567237,0.2624365071526321,0.4027424862470294,0.31131669410178514,0.15437702771477396,0.3737144594141191,0.11170066831545222,0.1905224808677011,0.5855943289211387,0.5092922406622058,0.33944888269689905,-0.5031774884976232,0.22567924865269443,-1.1721481749682268,-0.675191660830009,0.1180194139805453,-0.7858869159108918,0.28426548696718407,-0.3459338293003169,0.3895756222766466,0.3206954350028492,-1.5260724903999368,-0.23577106780976376,0.2912666235958737,0.4516322032623657,-0.1336047416956926,-1.072105322365245,-0.19917737809857192,-0.2821343038661353,-0.004909829486923564,-0.5575121458385807,-0.5345036422630257,0.7443879854652762,-1.2269751023958977,-0.3623192112775017,0.39503941308347823,0.7478163569127552,0.018182051182388723,-0.3618128908630578,0.49122927541003,-1024.0,0.5112589921550413,0.28097049673521535,-0.35852574544519955,-0.4260805002073745,-1.0628324316476452,0.15895762111583017,0.006483623177341413,-0.3048961393961372,0.7554496401283997,0.33070445584307206,-0.4362628735629672,0.21584710615740635,0.07534601517318744,-0.4705627154726181,0.42358037040328617,-0.2317182751434761,0.024964903625912787,-0.07172683063622638,-0.6016673857029308,-1.0793205974452962,-0.13577527726402833,0.06140117101075428,-0.44706988955948174,-0.3598626760783695,0.14335688516452558,-0.03532450020594092,-0.3652471629066677,-0.059492742823660384,-0.5671125248050498,-0.7276159845002691,0.9629410116052823,0.07046347975216109,0.0022257181913836388,0.3203776198073903,-0.4377085015554183,-0.5546302594768734,0.18774860690469236,-0.5455172757830171,-0.10998113338133549,0.34928618458608396,0.5068840601945179,0.5693033725251518,-0.33752055886644894,0.12984386753674118,-0.7559320657028887,-0.20487914973121338,0.5815135655107431,-0.003989285600602917,0.44272200160837727,-0.9941705567203284,-0.5544070024917558,0.33478913945200267,-0.4875990899121935,0.4482497670674008,0.08030266785446283,-0.5165940133980422,-0.10214800835276876,-0.6205266812525029,0.42918497237657594,-0.4433030267297492,0.6408716979085209,0.255642403928155,0.0,GHD
120,1,1,0.05791776046504705,0.18113669611104147,0,0,1,2,1,1,0,0.17950391886424716,0.49313874077344666,0.11106183162999801,-0.06083728536256806,0.3205518752986526,0.5456924160854052,-0.22425560876856768,0.48132717206051817,0.47434947598635124,-0.22595753509847522,0.6852646724584789,-0.00090184394709408,0.12049067669892119,0.07928516600023953,0.7262436270882484,0.42247094133461355,0.49666917198021676,0.21851439897597097,0.29949670072006446,0.16359950857633634,0.054495293582698556,0.40166452750649806,0.26329815352767283,-0.07141115296453443,-0.0327449428909797,0.2652619682508684,0.06786749582306786,0.4765626768274903,-0.09297174889520485,0.4380329369627944,-0.224877056602396,0.4810476110383318,0.5127102140633145,0.41795750034377743,-0.15994513997807813,0.481116037838913,1.6584025926193329,0.2646183511881555,-0.6138765810049938,0.302139463067512,0.15227603018202568,-0.9234996457254249,0.11636100554277266,0.47890912850262757,-0.6580317071945898,0.4321403970458116,-0.7888045666962932,0.562929973751026,-0.08540009457874993,-0.20219813798902866,-0.0023786609860733878,-0.04987063684377026,0.36942691551911466,0.5222336648552164,1.5587451752180872,-0.5425496956066928,-0.08185606322260036,0.7208647192567565,-0.939246284502827,2.2476451388617598,-0.41278632172179774,0.45251699494400643,0.07265926390649902,0.5613415409463763,0.2898235807315116,-1024.0,-0.0021612118282409525,-0.6926625403079723,2.1441458392723525,-0.1833042234701303,0.037857336991467545,0.15322470321370563,0.006483623177341413,0.17641329094437672,-0.9647386838035326,0.548523194742726,1.075092094566504,0.6323187443635501,0.03637281853715827,-0.5436133419954052,0.48240315006128587,0.9225039581111792,0.0669926266271314,0.625631275779193,0.30961644875153826,-0.11465366022660411,0.7023499536187802,0.06140117101075428,0.25365731631550686,-0.27835649218003705,0.175288399887145,2.341636200033104,0.16319011728724125,-0.1282883611817186,0.1957475586625576,-0.23301860938390478,0.33907284732895293,0.059251854222703335,0.32685090025528934,1.6323867616107637,0.6335783647484328,-0.1727268506606145,0.35895359809356225,0.41984423545010996,1.5586065091531693,0.19951488657111874,-0.35067438159540004,0.2976575086944972,0.600472271637396,0.16321192035332693,-0.6957170269565524,0.5861587094997768,-0.8421323728101097,0.07213636949548126,0.11806169124643143,0.47768227989123535,2.184793381210572,0.9755188610852447,0.18846107853711355,1.865848318413294,0.5642609931639726,0.8337929115043018,0.3568080931001645,-0.43668287283573365,1.6484642492630348,0.5777223535992876,0.070084878722162,0.24259354706809852,0.0,GHD
121,0,2,-0.6344014634924308,-0.07855646760203328,1,0,0,2,0,1,0,0.24345459722440466,0.5602090140188934,0.12428220329825587,0.07736804766308249,0.4638241421936581,0.4968583097199287,-0.12466130216562761,0.3927402453107791,0.2866064330868726,-0.11509077131687794,0.773453744316476,0.05198625586622391,0.23339336728807783,0.20053986092788154,0.3312958117050403,0.5194202494365067,0.5051504147031659,0.22708524264531307,0.3410184006679136,0.2021689770652354,0.05447179072460479,0.40301309343846703,0.2842900669752725,-0.07976479486626079,0.0005352754513448607,0.38319052861690844,0.06654148429330932,0.4733965655248131,0.021148400092352065,0.43146339345774903,-0.07703112772962735,0.47356522192487005,0.49816266934713366,0.38718089237506487,-0.13945297100925028,0.4951140496599173,0.35466647327932516,0.32888445862678084,-0.5212444257393186,0.12454559017874388,0.2429150103139893,-1.0448918677354981,0.11477293759844517,0.12121058451816145,-0.5125953748735766,0.48442157983785855,-0.786871574622949,0.5364708531427482,-0.08859011531854279,-0.12577060175823976,-0.28248395170499674,-0.08986307844066882,0.3473672625630384,0.544811564826707,0.18423254549041543,-0.5345730013887898,-0.3339433131554337,0.4867658812356243,-0.8960095273279325,0.8024777679317834,0.3217498522319098,0.2650567527563938,0.047868948976697065,-0.1324609089394584,0.3787994656199388,-1024.0,0.3497247461522902,-0.6208851756043363,0.22148377697893798,-0.18342135139051752,-0.15693398818194418,0.15322470321370563,0.006483623177341413,0.14175119924648555,-0.7987423467934567,0.5378102039505956,-0.3207250325002597,0.604358588527457,0.06010059781729122,-0.3998779864875483,0.4946827136097347,0.17228420040033873,0.06062066110116381,-0.13024624234559806,-0.12069542615127174,-0.2774389549112591,0.6592742327780164,0.06140117101075428,0.2869923319400508,-0.3184464477350048,0.17348345121927924,0.336018903832591,0.1460531340776499,-0.13703961875388246,-0.2308101282826759,-0.2373872858455938,0.8016234361957899,0.13295162355932413,0.5723958384622126,0.29027668949305413,-0.125039808490774,-0.4339492650060581,0.3469836430363673,0.36268751847408115,-0.020019654284404883,0.19972951901823915,-0.314768035408151,0.2976575086944972,0.46915602937248146,0.1551708791484086,-0.24181084749885476,0.5532136035971876,-0.740976563890685,0.06139735819877189,0.10388329130300081,0.47768227989123535,0.6157218964884988,0.39059001746622746,0.18846107853711355,0.5215584704819416,0.5037085557949496,-0.44405358555126384,0.3160302010366001,-0.40134036249654315,0.643609349704668,-0.4387696198634754,0.052674528938217925,0.24259354706809852,0.0,GHD
122,1,1,-0.15827657539136963,1.4676266114415057,0,1,0,0,0,0,0,-0.6957677223641614,-0.5982661592326767,-0.047923266085347666,-0.6407020875132546,-0.4988021109503038,0.04689670681866147,-0.7479963839896203,-0.6657693421859014,-0.7044374477422118,-0.7338591529198594,-0.2930083274777882,-0.6966108240346661,-0.6863985252941588,-0.6618930778695323,-0.751134195646494,-0.46475950519452386,-0.3943310681238645,-0.5206800468868228,-0.6477187681232964,-0.2310368548182561,0.05603232722153986,-0.6324183465730334,-0.16389508426047428,-0.6422907215944866,0.3074321339420254,-0.4011120302571658,0.31534560778799986,-0.29465218199173654,-0.5389104248234288,-0.8978879020901233,0.05372595917617062,-0.1605399874554585,-0.265323846413569,0.2573432137731941,0.39691565859181005,0.008517657656943135,-0.5402984356434265,-0.5642212447758423,-0.3205919758022617,-0.3040094225491236,-0.7426821057491787,-0.33509667998349824,0.09105944666252615,-0.8610673623019276,0.3774925338914882,-0.6585393444946948,-0.7902108072345119,-0.11737113536561823,0.35487595258862226,-0.11585213972425772,-0.016629693749517623,-0.4624649043082505,-0.21034300597669955,-0.48653263219728154,-0.6057633665130949,-0.3980599776480882,-0.6664500358279957,0.05330592055673337,-0.24763889129195368,-0.3470091016980081,-0.35914077537637196,0.1646160968818821,0.05297209856510131,0.0020770828971698524,-0.4034578772298909,-1024.0,-0.6433256163562636,0.19593494597940445,-0.5949569071721118,-0.42726222884262877,-0.6194463891976986,0.0901880815336987,0.006483623177341413,-0.056465154629343345,0.7316983885689874,-1.0168154398516391,-0.3852954222713897,-0.42543575770928266,0.06536155039158505,-0.8791329814281458,0.043103639508010765,-0.21168742209699856,0.018227610382885145,-0.38764460612114016,-1.2280888727033614,-0.5125565849031702,-0.6849835697395447,0.06140117101075428,-0.7166090433811171,-0.34322995710108145,0.05910140966837687,-0.27719715166066516,-0.3832257656077297,-0.13021452080266468,-1.0490898465125813,-0.7438261043701183,-0.5667715744554341,-0.4939502527478607,-0.5357972755261623,0.25104767806017503,-0.44226218008556667,-0.5036768414776603,0.0008775109906791935,-0.6891602655324232,-0.839665120834737,-0.2129555469301604,0.2813873579207348,-0.07546406657036718,-0.6076837885390818,-0.03777355661915811,-0.8166778190782715,-0.4339563509692837,0.76878417388701,0.057887768238191396,0.43200192377370755,-0.4199702463612362,-0.6199504966740834,-0.2599161630842621,-0.6428399124838332,-0.281992037543958,-0.17715020953743976,-0.49124278437510915,-0.031256909237899734,-1.1317274101053187,-0.5093244010547936,-0.439945003484136,0.47489072176246316,0.10386584674283418,0.0,GHD
123,0,1,-0.017633016731373286,0.061167285923910956,0,0,1,1,0,0,0,-1.1314532771911834,-1.1079678579871983,0.1482099492249738,-1.2691053172102897,-1.216634046525693,-0.14649325569506277,-1.2105874452323813,-0.8362983932099289,-0.9927351243712604,-1.5697220992461698,-0.8374474095202549,-1.4438101420945042,-1.27565226446044,-1.6325642111408805,-1.0018392045021194,-1.0060202635897602,-1.3612920346990922,-1.44881032691663,-0.9495798771626687,-0.346829642543437,0.055762341097537735,-0.989699261226254,-0.07804562039896841,-0.762144181145452,0.48894131948779657,-1.0005813052358197,0.34678308412741526,-0.445317124801541,-1.0585060961021118,-1.1201267130727357,0.11390203742929121,-0.09163626643688429,-0.03199355662449197,0.49248174763795044,0.5550939271901095,0.19107518029102705,-0.9801793774759581,-1.0274816694091449,-1.1009898427891784,-1.3355277163868255,-1.2795191963557224,-0.3337000369554119,0.3186427852209182,-0.9772790254903768,0.40743110407788397,-1.079585319000301,-0.4854122989163983,-0.9297174015827074,0.6860681409445017,0.416324535700315,-0.7272045471870769,-1.5957790318773675,-0.9143901668032443,-1.4824614639294422,-1.1884776225703007,-0.5765216684664173,-1.0962650179330877,0.10684071039744854,0.1048053149339366,-1.042363906547006,-0.3157794086365608,-0.4524335047147221,0.07723236306864002,-0.8412114619012431,-1.1828866576038986,-1024.0,-1.125214558883786,0.7096780449977149,-0.9601884172265402,-0.9303217545322905,-1.7986402218989859,-0.05844361133137735,0.006483623177341413,-0.7842464178845433,0.7950840897159558,-0.16953957225534616,-1.700216072271448,-0.11918502732372545,0.1429907048597456,-0.6077930911493861,0.24752227351807665,-1.1363253657247558,0.016774541506663774,-1.0146376428909596,-1.3471623625763502,-1.6993723507588054,-0.5151099743062839,0.06140117101075428,-1.543020025064136,-0.3759529349560604,0.14335688516452558,-0.6802168149952786,-1.0031993981434066,0.08908902469957138,-1.2637071795315113,-0.8992289552154072,-0.779268288519254,-1.1987618849112351,-0.6741724034315574,-0.1613920798396224,-0.7215873246771519,-0.8991832490319762,-0.0264775788155056,-1.1148976066188991,-1.3996854602261353,0.26007953315841154,0.7386400017729183,0.3764446198548724,-0.5912139004826865,0.05256645304545792,-0.8159833643324059,-1.0752451005384518,0.9446440257636648,0.007869797160490535,-0.05465037669923103,-1.6269026092621661,-1.217210034143512,-0.4037913687862292,-1.1195547587010068,-0.08825733891150506,-0.9795136945278258,-1.5898783161256431,-0.4194872962040134,-0.9834753359829747,-1.2654464734701556,-1.178321161185182,-0.1952129589774886,-0.19004620423090113,0.0,GHD
124,1,1,-0.13300710042605499,-0.49494782064523357,0,1,0,2,0,1,1,0.08888367625618364,-0.5926298377639152,0.3899638267879419,0.037766731751070474,-0.8238329296224784,0.4341307013504249,0.4288488059148262,-0.0015428782338561522,0.16667693696181093,0.131523415800845,-1.1524483311008604,0.018573590642491745,-0.3567932065330305,-0.5904492821408795,0.17977123380898774,-0.5226196404156157,-0.7017761189069095,-0.07165516695795153,0.1788780097613663,0.42059255390571715,0.05381143233547872,-0.3627502703951454,0.23843959528763325,-0.4120702027974874,0.40042311717698775,-0.6383703591670001,-0.00359232822822816,0.1585895456584856,0.16884961101236387,0.20039806557264842,0.4654957848817931,0.3041947644683307,0.3029230993960048,-0.9842222873962481,0.5217125600734298,0.3977763177828803,-0.4036881009995525,0.15279733893433547,-0.14434007205207147,-0.6074995012302702,-0.07278322561442131,0.13648466344524854,0.3320739389344405,-0.16763612920059084,0.06479106314385016,0.05039271294542039,0.5514034034581714,-0.061657456415141955,-0.14229168881377918,0.778847177768309,-0.27464717465243144,-0.4981458977280942,0.06052045403231684,-0.35691161720132564,0.5440277167609907,-0.3839689511659509,0.004074983043868516,-0.8630982913188928,0.8099852123008495,-0.965375116521769,0.3236126471202116,-0.2768370812047313,-0.0934008879652,-0.5671209068073235,-0.12762171655340743,-1024.0,0.10099318982766425,0.2881642466933705,-0.8615405689387516,-0.4328694241275901,-0.8952389841086158,0.14035357536669751,0.006483623177341413,-0.1835626556570706,0.7372343988393617,0.4692667531764658,-0.12014325723722867,0.30372856528427405,-0.015684022837309162,-0.052081267894296075,0.44744232165568854,-0.6538751323565647,0.027119354064274223,-0.03398242012489524,-0.4132222366075003,-0.7012651502482115,0.15051549531756275,0.06140117101075428,0.29356953161060223,-0.3653014127946812,0.17348345121927924,-0.6530478242479398,-0.09123094440233848,0.0160729777509224,-0.2605992176629106,-0.6080196131032884,-0.2886753554962003,-0.12114932609754304,0.13251798724472766,-0.7219148423476587,-0.4394775304789877,-0.14205316619323038,0.3105804197771705,-0.4916114072338617,0.33122416993153636,0.442352885344902,0.4067890045234652,0.5467034381760956,-0.16801301860526746,0.1374876175988221,0.18514163004036463,-0.20127646768157678,-0.07653183880500848,-0.10745824654969435,-0.10432934046856936,-0.4911905649795198,-1.3054603547815846,0.16681645738528358,0.15498623779876916,-0.7667493835298579,-0.2105748845937482,-0.2625455989694815,0.4814092377824398,0.05721376677063758,0.03433981106413646,-0.4441332246605248,0.09616475588687576,0.21356177002172594,0.0,GHD
125,1,2,0.7460185401962844,-0.11718567532319184,1,0,0,2,0,0,1,1.3926432833587619,0.961040690693697,0.20392625536757442,1.6687422388768693,1.1013688007393436,0.7648563013660322,1.741629337549105,0.9517254031158638,0.846403520442984,1.6761975657457355,0.5235938385627251,1.5584868344589256,1.3603966197190533,1.2984293363081627,0.9628408136330084,1.1177197778544086,0.9591483595164831,1.4336290928124529,1.027969410743981,0.5382352280216647,0.05444374868136377,0.2909869409326058,0.26983711919959846,-0.5238120522438453,0.20919279482635053,1.1698872005895977,-0.05990016833809825,0.7422463667819197,1.7050291882636948,1.1263035004391797,0.13558538161617556,0.18946273973747615,0.270304292543933,-0.7863018513332904,0.3972291412474081,0.3923924678432357,0.10014847518066268,1.450374376290285,0.30118092409085717,0.5214484039563297,1.5722624395296685,0.2787118531730763,0.07132253975047038,0.7162138511474918,-0.43898217044196086,1.5222813229911842,0.3210292972860857,0.39310338221524616,-0.2926481146406227,0.2903463332727486,-0.17318441624142428,0.6819600972432208,1.1032112492669808,1.8994792474802529,0.35503127298585035,0.14009551869751477,0.6449068796263782,-0.5394702522533847,0.38107585652677556,0.5698334844764381,0.9997299795143517,-0.28511921161363507,-0.020741070439659372,-0.14522055252395571,1.5678623277075892,-1024.0,1.9253075027434643,-0.3402382096391211,-0.3689530915872558,0.4559232206504474,0.4485480161893999,0.15990095693039114,0.006483623177341413,0.34578730435129523,0.6329278497556015,0.34266356917607854,0.5998202829169285,0.25867250150221405,-0.013828335923651076,0.8757657893773546,0.2762965550927518,0.19171369893611928,0.03512615150858446,0.07118943716461841,0.5993073666357881,0.6449803278697878,0.0558427939182296,0.06140117101075428,2.1948898205265137,-0.19789508664478822,0.11659863467803366,-0.3212384047548812,0.8388385009920011,-0.31979640142949034,0.6490012627660128,-0.6827992321191801,1.703355141059556,1.6559387120705578,0.8312742493228499,-0.5133644269564107,0.3148088098687499,0.46766550873095275,0.2536883823969284,-0.0942763738418639,0.10955787082760898,-0.04896260999072105,0.0760129792183653,0.08821449120585538,0.040324937410290036,0.005947003489534356,1.2592690889457652,-0.06560380459514432,-0.6188819050329358,-0.02147835270632091,-0.48911047956722664,0.729448911426286,0.3442267496213353,0.2251492668231553,0.8094984766921047,-0.3149179963894111,-0.18297510366779418,0.3931486668200469,0.5361597127881288,0.9597961458444813,0.2349483475966631,0.13087885108935887,-0.14159138340619526,0.2577965362311406,0.0,GHD
126,1,1,-0.041606699412280686,0.11787626583039905,1,0,0,2,0,0,1,-0.03907529564240188,0.1738303298860108,-0.14413174271655227,-0.2887480019482182,-0.029042797510418945,0.495239465238109,-0.3128327642252188,0.4590469092570218,0.4502353900639547,-0.4799345989485171,0.2213220752433806,-0.32925802162696566,-0.09061962095569912,-0.2949176196555178,0.6844752132613373,0.010186073344702996,-0.07794808639680974,-0.27845148587021235,0.21153620513247945,0.42012984586258895,0.055040741918781236,0.5024716383199592,0.7441678679127319,-0.1734874451769142,-0.21238425888296894,-0.0663255780195571,0.05412452425749723,0.4957378969097535,-0.3105529620274336,0.309927299455087,-0.7262102229574742,0.39802679144073866,0.44050732431085504,0.2062594021446219,-0.4293634988672406,0.38348237793381135,1.268005573082302,0.15109209743094926,-0.9667023396109514,-0.010344689335437115,-0.01712761450550792,-0.7362460723217192,-0.06108398536468515,0.2646196615351981,-0.8312141377620146,0.19377058036022432,-0.16036623357870944,0.6741823000698268,-0.15573088549639647,-0.9266086704919749,-0.6514726862309123,-0.7030887416421199,-0.8482760672768845,-0.22685683095573023,0.2949700952865752,-0.5729973216920845,-0.6115991604519583,0.4359297390245606,-0.5808986429930547,0.012684310357424603,0.3237487880687657,0.6617262074762629,0.13145118930267716,-0.687649849855841,-0.15159163576322726,-1024.0,-0.33047490967116777,-1.0274220613279632,1.3975733485350847,-0.5903165471543114,-0.341799327791077,0.07890237332031891,0.006483623177341413,-0.3646999995540823,-1.0461408554329275,0.43898772912850936,-0.22948702810153981,0.325640375730774,0.04296834069032955,0.002617841227365016,-0.048811265657915034,-0.49750037727275465,0.07066466420978207,-0.42841498274031814,0.019724817176372058,-0.6494618891714606,0.5864844741261211,0.06140117101075428,-0.3652733252330044,-0.36595738877768025,0.10266605027261688,1.3114627684101197,-0.9300850177531581,-0.47710053143381015,-0.4023418880224205,-0.3283239954885748,0.18541052264026475,-0.11119918506886024,0.8695039522689622,0.5733536171880952,-0.43292966693379825,-0.8376585446024712,0.29120966724054076,0.5130883182464802,0.0870181036737255,-0.03966943241317712,-0.7563046415487265,0.3330571869990881,0.5294436874269882,0.012558735593465905,-0.3220333379258637,0.1668655254975447,-1.0050692052709937,0.1342024411458539,-0.3768992469602108,-0.3226857577037635,-0.24416507798726195,0.555260973525868,-0.3396886395541205,0.9194203939502622,0.1854272635430747,-0.3650507072984649,0.39507221595916103,0.16059853752567355,0.8660125655744288,-0.44301991234283866,-0.32355086390904886,0.07993625345147284,0.0,GHD
128,0,1,-0.15102711392674317,-0.33808626790593965,1,0,0,1,1,0,0,1.1943573407509447,1.402825473700439,2.1470212750670723,0.8593221412844264,1.0798265932317488,0.6466109833646484,0.052153875042040373,0.5849404034378279,0.6448337474000995,-0.49670050782655245,1.0349813763184588,-0.7533171280206646,0.2437344364171224,-0.3824239541598525,0.20043463349214233,0.9747824803588084,0.18196802878090673,0.04426532389126151,1.0839251392532112,0.7889977845025389,0.0420223466744293,0.15846603954588256,1.2879278627068793,-0.0865649086446037,2.1469140654742582,0.024745450438481278,1.9469806351888157,0.9889402874818175,-0.14832612019566627,0.5297006857652288,0.8073705643020304,1.5403773151303202,1.7174469177909764,0.5541942126429292,2.1854622891346933,1.927662326779236,0.26822745713003243,0.5467272034771865,-2.0460259754604113,-0.6274016853729328,0.3866489563496605,-1.8967833330180708,2.176136877035617,-0.28302401836146424,0.9025624944548905,0.5703673303957563,-1.7500729727909567,0.40804285905716614,1.6485918796264876,0.5868745206571777,-0.7644377176432146,-1.7987349541288886,-0.7153207481385541,-0.9095329993845782,0.1679338795020688,-0.6142372841879031,-1.4851427364711012,0.519880782141082,-1.4785728880446327,0.31222683327629713,1.8531594222494214,0.6886626249682237,-0.11472672866298922,-0.8996439760942025,0.6819927212343396,-2048.0,0.41134023300300077,0.4521831405006525,0.3416939368823933,-0.9138722795467281,-0.9142884796383414,2.270259751006961,3.013760641599868,-1.195600296568738,1.405654133581109,1.1760146311154411,-1.4288651607913256,1.2339946391545413,0.10216781877679751,-0.49915389901319435,1.348817387466467,-0.3916124712912843,-0.33992107739056804,-0.27183541300768016,-0.5232435844764368,-1.6418673404582185,-0.0571596857375603,-0.23873486161046736,-0.5909743788726297,-0.3801103782757061,0.6652801477293965,0.4875261434635062,-0.8179946181449999,2.7189299657513537,-1.2077328227548663,-0.7165094271788491,1.3411555985842567,-0.4145469574883098,0.8299235591956031,0.503617946022009,-1.1887382951995502,-1.4818985503347741,0.13985484240612717,-0.028309075915757154,0.17488339094753955,1.9428869727804394,1.7905227287664134,-0.32753330037111494,-0.6683243693120945,0.09186258711176798,-0.4756556602158227,0.0548991746577127,0.9830599485471431,-0.06096322789808598,-0.13907199072626084,-1.7867162322224888,0.3608617392191989,0.1625171042067164,-1.3269703415310137,0.3378147962662413,-0.2821701448950033,-1.381910366581898,0.3697061445585069,-0.4845503260672118,0.2698752857748481,-1.181134021295187,0.6201839943675708,0.7286061981663399,0.0,GHD
133,1,2,-0.22648925491709354,0.5301345090187857,0,1,0,1,0,0,0,-0.09676376184457777,-0.849636659067003,-0.09358945339090188,0.20105474942172877,-0.7329527725820416,0.26401996126316696,0.22795920717446613,-0.29563091950121445,-0.23711906350866227,0.2985406992454243,-1.9606619499238513,0.13531830566975972,-0.6611010771265194,-0.4744871375080307,-0.02492053708230666,-1.3435033351831756,-1.1724103933051973,-0.48934722858087554,-0.20720627591215762,0.2833236860473221,0.05832258224866473,-1.2589408739562844,-0.25002749242251093,-1.229475483245723,-0.3219902238197688,-0.45645782740661706,-0.6435356959648512,-0.3486721226701843,0.4163435159347972,-0.2080602443388841,-0.3093318528673555,-1.1814493709419325,-0.9655200443634943,-2.0193089977791576,0.08444037246776528,-0.8100591721724327,-0.8293193144281195,-0.08968061722446401,0.7007909622365796,0.05073776842402709,-0.21019959621502224,0.4856175289842978,-0.43870280583016064,-0.29037505623472804,0.04002560874079999,-0.2782637791521368,-0.13967387325827724,-0.6961994135328796,-0.49277473756817075,-0.043968990844656754,-0.9505355655740707,0.5653782115545938,0.3891747586383968,-0.7212849109624436,-0.4286599674006685,0.06849765590387026,0.17883103355414917,-2.054317652583045,0.3644044595816602,-0.745286674002867,0.07997872935433362,-1.3529108996973491,0.2061912476113546,-0.8128209537729885,-0.8750290223444723,-1024.0,0.17070132461893187,0.2970226727798293,-1.7230234925956804,-0.03235702437069062,0.16465051144366905,-0.19552991836151695,0.006483623177341413,-0.30962234459826776,-0.271502383459325,-1.693201572225988,-0.11749902589888161,-1.1301370347680022,-0.007486315439262422,-0.4485305803921137,-0.7471821254987097,-0.7715894409264168,0.009854339630701018,-0.9277614536206296,-0.31294404093506606,0.6082532756869053,-1.7698870348515907,0.06140117101075428,0.2842224084803243,-0.36298180787702367,-0.1093380234695873,-1.6527180909953927,0.18359476394348292,0.28427041392441427,0.1294506746946494,-0.722513374097465,-0.7424678877831595,0.05299722965821804,-0.3939936266586378,-1.7369751985068411,-0.44974160493972853,0.3183193612293832,-0.5227418145187265,-1.2216391461566172,-0.8097879806217735,-0.8529995606068331,0.03969866033928101,0.3665176376042679,-0.8577611238769607,-0.2162447718459679,0.5983828133357593,-1.3465656228136142,1.0298523663363042,0.15901695830490542,-0.524492639654187,-0.018092734823420678,-1.1530995870132947,-0.6039718903875001,-0.23330766217893062,-2.0758203064051735,-1.4545525367757848,-0.28850640508929726,0.04076423118268166,-0.47889789332403826,-1.3933800457905337,-0.4447858044498461,-1.5623406922580463,-0.422723069821021,0.0,GHD
136,0,1,0.7102452843337111,0.5301345090187857,0,1,0,1,1,0,0,0.6429343237156115,-0.45560746031917776,0.43598349530237446,0.4767485789630925,-0.9274991434370548,0.6216007796511918,0.9931702849006949,0.6957746123391592,0.548844606477108,0.5170533743217761,-1.6665624638315455,-0.13943347076312268,-0.26283292697561494,-0.6442187674444605,0.7419375482936662,-0.605899118592072,-1.2374202009372912,-0.2001837856055638,0.7184121073373319,0.8935281107004518,0.053471730771038964,0.8497167520004479,1.1608559647256749,0.7606648429361245,-0.08609448917918809,-0.9229119936734453,-0.5644422366418606,0.6876535595277047,0.40278693996752046,0.7877696045005567,0.218687008450077,0.5826196771311511,0.5383377157772644,-1.896021891053137,0.03426472633240447,0.18666124385025207,-0.08693118451765477,0.6692860041398437,-0.094289137072804,0.2303318996002766,0.3364015280012809,-0.6011345575272428,0.24779745651478888,0.4295641493335529,-0.7431494934146173,0.7054173879188204,1.4611504843518026,0.19217441727514892,-0.8972977419398105,0.5787835250379052,-1.6293176166719403,-0.3851842638378958,-0.4295189466826582,-0.6744292259423139,-0.9831377368193608,-0.5817784355205966,-0.7634330289323836,-1.599290057771641,1.093675297805518,-0.36658988069081366,1.9591503999327935,-1.1867273245868175,-0.0037729198062819397,-1.3115575852024166,-0.21425183797385908,-1024.0,0.4573553346182931,-0.5518728936990385,-0.8934952103460663,-0.9561836209895926,-0.07312062278925992,0.1608408857014504,0.006483623177341413,-1.475304234506004,-1.3583158922517984,0.6211639794377071,-1.163366798329704,0.633186623594073,-0.006590546039897614,0.1810710819927365,0.035887674956163046,-1.260051984468822,0.07113861819719838,-1.8557285987559584,0.21358632240267822,-0.47090040249792126,0.9179489665959836,0.06140117101075428,-0.3854724559524007,-0.3703936214970388,0.21159801891864033,-1.2222147972265467,-0.48981456090368564,0.07429486792416984,-0.4055701882408677,0.7197867421196924,0.645473556599602,0.21268273141581887,0.5476056903773511,-1.759165909486693,-1.1972013034377584,-0.8364044022254171,0.4143970723156394,-0.34143920351253687,-1.2984854200611562,0.5751097175043839,-0.2556892533780094,0.447653455693962,1.0062279521691668,0.2697992477505403,1.5870528245049218,-0.3928397495985177,-1.1276814353977778,-0.03899871015070777,-0.8178325199163066,0.20240820679357083,-0.5288431330293767,0.2753029702733497,-0.538875329050695,-1.160427323290774,-0.33660395326391584,-1.1849939704386037,0.5701753727040464,0.47375717048293936,-0.1574539617813235,-1.1835265915088242,-0.9203327309311314,0.25994485223091995,0.0,GHD
139,1,1,0.06308051179473687,1.4676266114415057,0,1,0,1,0,0,0,-0.6917547073784116,-1.482272528022196,0.2130817452873989,-0.6642590027872877,-1.640837910442204,-0.03967214053970524,-0.16183335472726595,-0.8082208859695649,-0.8337200244840391,-0.2858932571260796,-2.4219559752435016,-0.5898388085736549,-1.1135751325002021,-1.1229104640185767,-0.48463447134948495,-1.841264614574329,-1.731384202715196,-1.046213402092234,-0.7790085549837703,-0.15705955454091122,0.0566993355238899,-0.8356158227457684,-0.3625286309753517,-0.76527155071337,0.4360333873639435,-1.317616907133068,0.0004651147655374562,-0.7686297076213011,-0.40711879758929187,-0.9802783230589924,0.38529472229262957,-0.23482875136188244,-0.30311157433976005,-1.8594095757615308,0.7316351600306928,-0.0891504842087096,-0.8783358689472158,-0.6337548963789944,0.5697404946369491,-0.9459956737318123,-0.8729719612811995,0.5565510829415915,0.20037324596191644,-0.42162613718424735,0.6152863549572791,-0.9377660237885131,0.8820859627121331,-0.6769629946931354,0.12947190206120426,0.7122545193251728,-0.830148121184553,-0.3031237772685291,-0.08012871172085821,-1.2113405370945103,-0.39843241319901634,-0.260489068460847,0.03161464532152522,-2.0741656745707506,1.3069224717136758,-0.4325517888987242,0.7013314175632177,-0.4314238027329926,0.05356101575674556,-0.7914852137546013,-1.306841497361566,-1024.0,-0.6508707959490895,0.8956580016788799,-1.7957700633659852,-0.46337627455310193,-1.037346437781497,0.02043709529241043,0.006483623177341413,-0.6100514870774418,0.7862355421092281,-1.4128246968678169,-1.3704298983582892,-0.5403438283052747,-0.00918030437491949,-0.177173139643952,-0.07372212317199157,-0.975948543798395,0.012147283787966931,-0.9714385821864636,-0.48918470631570843,-0.6047853067848881,-0.9203341284927676,0.06140117101075428,-0.6197846332361777,-0.37106609318426187,0.10839334013205212,-1.720123294535908,-0.26889928664958657,0.1955800379859561,-0.040261451806695006,-0.8301504563698736,-0.8642263910827225,-0.7195321879434075,-1.0247464211565385,-1.5584001933519527,-1.195736814950894,0.3223070269662478,-0.08861119739267413,-1.1633048242102881,-0.775639559064352,0.00040228149169284133,0.7509041245953642,0.46100840646568186,-0.7339038243653161,0.016712095120965487,-0.11401914627142042,-1.183116034786903,1.1600696525939804,0.0032000450639169866,-0.23748762789568525,-0.45661635315848176,-0.7440938572211826,-0.11865803860803942,-0.5750780049595444,-2.1618987827618836,-1.205856990205778,-1.4134000229991748,-0.07948298894701673,-0.2687809837638165,-0.8225690673473418,-1.1803816852786668,-0.260213421297602,-0.039721535816982415,0.0,GHD
140,1,1,0.0077669568665895816,0.9758622645593755,1,0,0,1,0,0,0,0.4114486078398787,0.4961632134263175,0.15978029106282512,0.5014270092136949,0.601149694297938,0.6392746894214396,0.15651006000881396,0.41150018420460754,0.6289101563432807,0.017128823689353964,0.5710320301342579,-0.08545240108359681,0.25687451081268803,0.08794369930644386,0.3866353627071158,0.5576018924790012,0.21385370362640224,0.15602275505175525,0.46699744624198153,0.7200303195145161,0.05444500531605537,0.6553026793732236,1.0093049213653291,-0.12462361169158886,0.23423025921365118,0.6308348168872805,-0.13865276307898236,0.6253021375881658,0.5363219991724678,0.46036210788682125,0.017561143557814917,0.23594695268024182,0.11667728651075689,-0.02760891685203166,0.287117188481624,0.09135299356341343,0.2631983618378088,0.5351508612140307,-1.0260273311312522,-0.07059844279420985,0.37406578940800855,-1.2417568434014437,0.16809236524477847,-0.21856320079400446,-0.22297771616888126,0.47895297055844366,-0.9920494993162586,0.6977192324112027,-0.1796759472437256,0.029813641915917215,-0.782955550354248,-0.7014908054717939,-0.7261710155598149,-0.5981989470429574,-0.0043018452318315465,-0.5919136354028115,-1.0206880253722936,-0.10776481093126127,-0.827971115621476,-0.2692477881036578,0.6822117855307046,-0.5635695062915983,0.005596502002203282,-0.6906567372030014,0.5549696074127816,-1024.0,0.6945050590033823,-0.33098161358400013,-0.23787488496715184,-0.8930044823401639,-0.39430556235470016,0.004022012019078585,0.006483623177341413,-0.681951127938497,0.6611901163915768,0.37552627906047453,-0.17777160449511412,-0.22555154756262266,0.026609548082508466,-0.9083535875615252,-0.3335712851043274,-0.6322486263091845,0.0327002927017523,-0.7689246034198296,-0.5795402583777366,-0.6533379944794296,0.056043214450754275,0.06140117101075428,-0.2822422507584362,-0.37498662146910877,0.09365063131211379,-0.3822504631926899,-0.8047322021747415,-0.28096083527466154,-0.9847173310980609,-0.24459204354844796,0.8235229520229038,0.3136571137492341,0.7484480731421245,-0.30689839643156713,-0.4403519689165498,-1.064700749554974,0.26870992599260624,0.22563751154919212,-0.26503170575512214,-0.17506678071827156,-0.01699639876243736,0.33756001572712996,-0.1101834989047304,-0.0014884164729260432,0.2816343872230896,-0.08914054823437588,-0.1406251354893536,0.011342130044969003,-0.5268729502798079,-0.5335355559854043,-0.5067704035442938,-0.14148522851662093,-0.774524407081105,-0.1927061700396186,-0.339666587266259,-0.30575248527090193,0.3973597271778824,-0.7953473317867833,-0.35686425858687654,-0.4418625151375844,-0.9283445017982439,-0.07204000457799108,0.0,GHD
142,0,1,0.2776695268231269,0.4243260656156132,0,1,0,2,0,0,0,-0.5182339184748357,-0.20175037032895654,-0.008192941273184158,-0.6450513588097453,-0.23866921859330117,-2.0784832975759286,-0.8633024683624595,-0.437314396307151,-0.0335518420735984,-0.9357377901302578,0.28282872190118646,-0.43067794039287827,-0.5586153767187412,-0.6575089529918692,-1.0677707271147219,-0.059969994339564715,-0.20609486223603032,-0.5259609372533505,-0.3320001917363969,-0.28905956094039503,0.05562440975799019,-0.8009499060652638,-0.2198658139916373,-0.6038900107045523,0.4484728106281309,-0.19781487885728008,0.6233517105610468,-0.0714752948477604,-0.5833977336506998,-0.29515552470903045,-0.5036235533865635,0.022973807166995718,0.10164279052315486,0.6725370877205242,0.3133206314373301,0.31179876874625506,-0.7320582867714626,-0.43914706079791826,-1.0134154452648794,-0.796874473204355,-0.5225775071151083,-0.583761641708549,0.3039942288399999,-0.8577972303896185,-0.025216720402371988,-0.3204285083778157,-1.1339595729712777,-0.5242634969652689,0.890242405233981,-0.26513280954238955,0.09875807192062067,-0.8915945640684703,-0.4000058279836825,-0.004167414070635916,-0.3900673688276485,-0.39675290073499364,-0.788963533018755,0.7441103860323053,-0.9805543269019404,-0.25584722970762636,-0.2207944101576604,0.2967319990849506,0.16459859000327362,-0.26384010721781886,-0.3403049417495999,-1024.0,-0.5736031644599499,0.11635151490633829,-0.33419457252595575,-0.36745839669112873,-1.0892207065411363,-0.026379201719553245,0.006483623177341413,0.2988530063274271,0.7757765307643255,0.3049755430878394,-0.4600954336015791,0.09302432328943551,0.169957001352634,-0.604953356223611,0.45757866707942535,-0.2078003638466443,0.027607756710582975,-0.12056666496365911,-1.192194166969874,-0.8596857444294744,-0.2226908741584536,0.06140117101075428,0.0015341568962771032,-0.2678612140112472,0.1520099677926625,0.0801859483197991,-0.5335633470739845,-0.005829514910815642,-0.9876330337467223,-0.7843020591941557,-0.2581752917900009,-0.641998834576504,0.060091323610878364,0.43723442196856505,-0.43524651850490875,-0.6465460453809582,0.05043258937501425,-0.665301729754319,-0.5569147888261482,0.19147184183319,0.5338585677467056,0.2078649668675278,-0.17971223773233516,0.12332513127925093,-0.8577489669288421,-0.20285463264336864,0.6646495180975858,0.08661229466851496,0.6699226568530903,-1.3330974159308422,-0.4342637220973137,-0.29462110203561886,-0.9431492904712833,0.4622802916711776,0.09883203440993218,-0.5758063141868762,-0.03280126093129685,-0.9421917229298544,-0.5359579013570319,-0.4374008238655404,0.3185298097443146,-0.13044695349179564,0.0,GHD
143,1,1,0.08866151669964958,-0.07855646760203328,0,1,0,2,0,0,1,-1.1484293395348213,-1.0310379174626467,-1.6225613973775106,-0.5157979429999446,-0.31650746639491395,-2.0784832975759286,-0.6742580665799816,-0.21993904201539444,-0.057267643706623766,-1.2066023022087822,0.3110608254945506,-1.1724947015716247,-0.5512218166221189,-1.1339950651745978,-0.7952861246983496,0.15376605495118867,-0.6397888294763269,-0.8077455717207445,-0.7928010859049418,0.3413209785293485,0.05640567887912612,0.3538676869427193,0.729518476620229,0.8472041300216783,-1.0570048163947958,0.5704579344606473,-0.909331856545927,0.22157062694435037,0.3531463506708262,-0.6338558461690712,0.15392371661869442,-1.0132813908147542,-1.8038347639969194,0.8681134510838953,-1.1829903502265022,-2.140905344329659,-0.5142710820839025,-0.4390423074673769,-1.4362740619007235,-0.9066085836386034,-0.6604879186930014,-1.183302046765303,-1.555173744085167,-0.7114414120167751,0.6352311913168287,-0.48505393575966815,-0.45097447967293575,-0.11654236135729955,-0.5715390508109804,0.04755284527214247,-0.7719716131822904,-1.4234165497813362,-0.880744154181175,-1.5795604718774303,-0.5240117462237582,-0.6075939078643604,-1.280558615671043,0.5782077377038968,-0.16088858391834213,-0.4664037928568841,0.04792215324528603,0.7865343504919063,0.07361682813177112,-0.6826883026744279,-0.4349302840379987,-1024.0,-0.16549301615556428,0.2816179748901928,-0.19529559624468848,-0.893009379941681,-1.3410893882775592,-1.9516168830277296,-2.7214981863765018,-0.7611284810861272,0.19352954924625737,0.0777295179595948,-0.3602126136739095,-1.8243765839040091,0.24121250991302662,-0.5356573196504557,-2.039158265403235,-0.7362491294642621,0.1758618759919212,-0.740733362214731,-1.1184607170653578,-1.684853023855957,-0.12188788788822294,0.19182365076593494,-1.937235405968058,-0.37468021773668825,-0.21853823689537308,-0.053639063530655236,-0.9734095555622766,-2.3770656450369985,-1.5207982740738917,1.3213243661119003,-0.08147256181538039,-0.24568323514293808,0.197289340452449,0.3785031775517165,-0.7148140613538199,-1.3595024352844036,0.017108659182375852,-0.5399012367370809,-0.6709500267431012,-1.7641417430895519,-0.681347082889411,0.39937989503915416,-0.5192654811747927,0.18340684464793625,-0.8342946330146618,-0.4990868801113786,1.022674518987107,0.02014331698435036,-0.0045381328226797735,-1.1086550050614035,-0.5974760131858066,-0.251953970637601,-0.9404722084365185,-0.18160111343771426,-0.5787176263573879,-0.46338393588864185,-0.18692335431131524,-0.9275794401197701,-0.681985313523816,-0.4432370442760074,0.2346121060122067,-0.5107447727905198,0.0,GHD
145,0,2,0.019520841383106554,0.7997734954852024,1,0,0,1,1,0,0,1.147649972171936,0.8655053273292029,-0.08520299336274983,1.1907810774535554,0.8089807349431495,0.791117557699694,1.5127272979832003,1.0549602350306948,0.9101612244958736,1.4044451681418946,0.9432287076138579,1.2877989035625854,1.2992880811784158,1.1740250319742322,0.8890660626549045,1.4038724431243406,1.30441348863612,1.6325030916304704,0.9679713430073875,0.3269403334862592,0.05514716858494954,-0.8308417327449037,0.2648259848409398,-0.6190017330596302,0.030690920109915754,0.7002829759232011,0.2785488027017442,0.5334232676015304,1.065469285883492,1.315149158017916,-0.32301497696664155,0.3105482430518883,0.47514935232536315,0.2179715942592093,-0.03370955071231412,0.7534601556321593,0.18346048993484482,1.1950812698558155,0.012619205224739279,-0.12998744079873056,1.3238947301651425,-0.013013589216695588,-0.043319217384180576,0.7849473160332534,-0.7536123244097519,1.3893304413376202,1.0368132799151564,0.0837884157215075,0.2500175576388651,-0.550082823690812,0.3801244425415095,0.7778187128823133,0.6976450452720182,2.0377242230917383,1.0924836848146473,-0.09088382455414859,0.6792875552876143,0.6327786242985947,0.39292800012065965,-0.14198655833717672,0.7651246879786145,0.2511050645782362,0.1124288956912822,0.5474983490659665,1.5146968372608576,-1024.0,1.143276109385456,-0.7959185781606649,0.33169525852767234,0.31327846699902245,0.13631320425344068,0.1608408857014504,0.006483623177341413,0.5690905949661853,0.4742639820708661,0.4620247369016002,0.5059593626001502,0.8071108273153753,0.024725753090450924,1.7324337979086861,1.1213056916346134,0.9761730551752021,0.08605117544432879,0.9500622744204619,0.8078408645025924,0.6556649688477385,0.454454878012804,0.06140117101075428,2.279552866421147,-0.1137847103309448,0.19691781504992015,0.6747842995030094,0.4558832169566451,-0.30723854106482895,1.0426339246780814,-0.8495670348009776,1.227098361607051,1.4338280982853382,0.904976688641134,0.4432428899904868,0.33070155116798533,0.5977988313152968,0.29386058374197294,0.09664137077720607,1.0343529248810273,-0.2795836306660869,-0.27479381026084976,0.5867703326165575,0.76344233307937,0.1776477820393694,0.3804368361596956,0.8342018479360886,-0.9775851851476254,0.13885838843003756,0.46081173884422383,0.6712393769197146,0.023215562547312676,0.289911964407029,0.37054033090273897,0.8448591355741739,0.8940559328297037,0.29168908685845296,0.5626995220095511,1.6774089023809253,0.6017405967911473,0.1375405556525779,0.369066630003561,0.25994485223091995,0.0,GHD
146,1,2,-0.2452933556592906,0.7997734954852024,0,1,0,2,0,0,0,-0.2216634848234819,0.03724010900973715,0.26491030063979637,-0.14637862202282625,0.18763135399598246,0.25619792772245936,-0.6212287367991343,-0.3533804392583796,-0.21342873061311654,-0.7732531200230687,0.22866398765987994,-0.26494559515335114,-0.3727441580006238,-0.5569361422224021,-0.966441992844844,-0.04132729971876994,-0.06907562817865087,-0.3205224199640222,-0.24272950318933736,-0.30729738873190654,0.05623145639422276,-0.48543740384904527,-0.0944598417625022,-0.4460773128349308,0.5955774716103109,0.33403645248980535,0.5413813789223184,0.03137017513764221,0.013908971619430211,-0.061827237842932425,0.24217347607315143,-0.09554685255903307,-0.15414299594374392,0.22194844966960703,0.714293691487633,-0.009645786431956922,-0.7983694524937428,-0.241092774154015,-1.3114764479828274,-1.397942066068086,-0.30190649317113555,-1.0007231891147665,0.3493198505924307,-0.8795061877498448,0.592970507015165,-0.12198280039709104,-1.9270221315130698,-0.7620686885696111,0.7211401082036342,0.622727438956828,-0.2620128590986802,-1.4852059890937173,-0.32686034956657334,0.43821255508120877,-0.46092022938990396,-0.40923743036896704,-0.9739549704689914,0.10697217997306203,-1.3995625646641718,-0.5520421968937947,-0.36728794589028807,-0.19022018882984576,0.12465275784884458,-0.42214998203186865,-0.10621020056526946,-1024.0,0.10247518292402884,1.0370049476637888,-0.4604447233054167,-0.3765415825040713,-1.8432428662216946,0.057576708460651306,0.006483623177341413,0.3964837833576581,0.8462359534490371,-1.2992407290504033,0.3385853220794666,-0.2762177077179782,0.04822299024416549,-1.1375475563841813,0.15457851582673632,-0.33124650063824146,0.015741022695265856,-0.1296329742837395,-1.199255570813121,-1.6519512455325474,-0.674588252232444,0.06140117101075428,0.09180523224892612,-0.224475154590576,0.17165595005700646,-0.06808552186895228,-0.4716930581068027,0.30693458447159333,-0.9746545599757201,-0.581416189686115,0.1742882837449361,-0.3923382745201101,0.13157880432077304,0.3142315361998561,-0.11981835352745064,-0.6477888205156757,-0.15033391584564887,-1.041205226939479,-0.6300850710501331,0.24819358629042665,0.9602928372801243,0.3338209853525303,-0.5200357393009456,0.1704500752066922,-0.8482735663078477,-0.8560219881090984,1.19517818617274,0.02824489999823497,0.07127553204768282,-1.5892407583175396,-0.7707386036166659,-0.2140492391187323,-1.1366340562889323,-0.2999008303794489,-0.8059332977883414,0.16852225468574156,-0.06620096749954034,-1.333496247516752,-0.7998022508598576,0.13352902915240553,0.6150606107074226,0.035458397998040944,0.0,GHD
147,1,2,0.2681771226265952,0.010029333050149802,1,0,0,1,0,0,1,0.9671034296560712,0.7639039607971495,-0.03588309174923244,0.8564331295701928,0.5727911707261387,0.8996743266298529,0.8698947914441342,1.2676805945577365,1.192782910445334,0.2645003920630574,0.6540830395383002,-0.23056519137674586,0.6784091723859501,0.02122147874926259,1.0166604974489917,0.9907726443319627,0.23348491368781468,0.46868972109135043,0.945828797183315,1.173637111288497,0.054858002791892076,0.7625529339463617,1.6297473259355906,0.5320743555461206,-0.2482465468523617,0.4537080245000631,-0.207442668085313,1.2899744416014765,0.7262133560094025,1.1041722651316819,-0.676422730609797,0.4572127282771633,0.44494733924720703,-0.05498387611747371,-0.26707010092998096,0.27439501400032934,0.699841120129208,1.0810702994395316,-1.2299657503646535,0.13345593506568057,0.9156771149926454,-1.2524048967165962,-0.06570407318809758,0.7801631152121147,-1.0264052222935827,1.207786204092571,0.09613898714174315,0.7107646219070237,-0.44540226052267795,-0.7664226765058938,-0.9985876926910984,-1.0920874159034828,-0.6088417220936917,-0.4654999622115377,0.08719980497288446,-0.6128520326316567,-0.6261975901064947,0.16456296198693496,-0.3686374343940538,0.204867848793216,1.694040395936766,-0.39795716846790824,0.14091975033467405,-0.9226102290631204,0.9834240423300229,-1024.0,1.1645858115039223,-1.0745638881635213,0.475259918160595,-0.9134135749828793,-0.03579659383673092,0.15990095693039114,0.006483623177341413,-1.3980179751111497,-0.7435687678370734,0.496352263152754,-1.2992443632812845,0.50965193553314,-0.0006264094080403017,0.10053545745234109,-0.03089494638828289,-0.5691321702823597,0.1031075998161626,-0.5676355336747043,0.7421059988812878,-0.852075476471438,0.7266452610804054,0.06140117101075428,-0.25993925735262513,-0.37773133512412854,0.1788327287633372,0.2853647410038032,-0.7022093661867438,-0.34334467770615457,-0.07871644745527051,0.4707968539076467,1.6742490029254444,0.9969172037509944,0.9985203343376665,-0.19565182420015584,-0.7168571857580293,-0.9958990263549082,0.31386750934208374,0.6077950201607277,-0.0020511895720792396,-0.05745901157648249,-0.702063175684469,0.45737149130250593,1.0730843776431453,0.17679352316027047,0.8821268638945909,0.2979639639565225,-1.0552286497734926,0.13771739377391673,-0.6326621225770154,-0.6574742842643919,0.21744007562445414,0.32907431429552536,-0.31359468857078815,0.5110931298061892,0.2740365115870077,-1.2918882843815442,0.4940006807210931,0.39686337122307136,0.418305252007568,-1.1817997986205213,-0.5487383901951045,0.2577965362311406,0.0,GHD
149,1,1,0.04438345542704445,-0.03632954483034353,0,1,0,2,0,0,1,1.6275637197045,0.903052977588127,0.39111934035707435,2.1318930291517395,1.1985225770776755,0.7132577566762353,2.35576632415902,0.847963658256124,0.7273129742380593,2.162979591610953,0.08955968514781142,1.590756367142694,1.6825130642783754,1.5049538747593463,1.0291091045915304,0.9708812182337984,0.5566025452532053,1.3097574965915435,0.9555320367156634,1.053091079322817,0.05427449946511756,0.4820885883119434,0.5271989635176028,-0.2635740308452724,0.4727774106830279,1.2819207628940068,-0.2562482446953229,0.6519963167690157,2.1625262306409336,0.947419565099902,0.8174613157382561,0.18242877997096693,0.12895555079485688,-1.3117954647973966,0.7303199698278307,0.16001478336163807,0.16988641549638608,1.616297794841695,0.9578568922436255,0.802974424022721,1.6701523198797699,0.7482240745306091,0.33335033866409586,0.6031314672312401,0.47594841261193377,1.4555713863707975,1.4783011175225076,0.02113947045479525,-0.43191635053971017,1.090539160623141,-0.6713145050024594,0.9893526744530652,0.888990567948624,0.9409644164679623,0.5092213671963821,0.0770601741142904,0.8849907442635849,-0.9309690677226024,1.4833560142278313,0.6670571618874277,1.7052090792698074,0.1660181071142398,-0.12470647936382133,-0.5099436804646965,1.576407006080308,-1024.0,2.625173798192247,0.653046038773473,-0.5090367908716698,0.23770015062334407,0.6868486047697784,0.1608408857014504,0.006483623177341413,-0.4111551743686087,0.782871069898651,0.33070445584307206,-0.12021005713129866,0.038026531415947064,-0.015511601895693929,0.8949392189516724,0.10246252145894673,-0.0030490083742831056,0.02063355804269707,-0.3840750078463047,0.4832549124474279,0.8221240780617101,-0.15234578888429262,0.06140117101075428,2.1067491223877597,-0.36647760466244494,0.16216035268764875,-0.647841933575236,0.6526973882357204,0.03949945867084158,0.6277670200755172,-0.39783475269505847,2.7149995271600313,2.126320045779601,0.12355232437460331,-0.9210168570274495,-0.45213651309971087,0.6313808668435126,0.24358716237153227,-0.6004920526806101,0.2771237284787266,0.45425430269997996,0.6256009485911896,0.19030012001727611,-0.44469809214607725,0.1226484635392085,1.6229182716042614,-0.5263214466076911,0.42589036749302234,-0.11832554393820321,-0.27561332459364896,1.2997838873926333,0.4000571948739469,0.4778343683353191,1.307089303438117,-0.5875427195870565,-0.44382665634777335,-0.2671377955505527,0.32174856104069155,0.8889609361659983,0.4838110891003891,-0.44371264629734203,0.06901517388281936,0.25994485223091995,0.0,GHD
150,0,2,1.283137602496233,-0.1853604096584397,1,0,0,0,0,1,0,-0.13901307290654366,0.02761894997753875,0.16098082537437647,0.08672197390363894,0.3081022534921685,0.12633132683033255,-0.22531378936433633,-0.3214486924012922,-0.5780074543409648,-0.26028365926532926,0.6069013022454052,-0.2189063006844593,-0.042286932644449875,-0.09900875425531878,-0.9673324161361437,0.47899376087471396,0.29064298414320844,0.13251582582511495,-0.3418947376391119,-0.32517310581307624,0.05495288863710706,-0.39699729418868895,-0.13817225730100352,-0.4465140556173376,0.5116271181771068,0.35588870863588495,0.4051466357296952,-0.17700455177545804,0.14550644867018372,-0.5098050511649002,0.6854391259292855,0.12666858218899005,0.08126719830830001,0.8215956348050056,0.44041576085776907,0.1421673156908496,-0.8028219100900412,-0.10791326404839047,-0.37883251657312195,-0.6633560272113268,-0.0689578636908512,-0.6641705542643735,0.3714144103022386,-0.7294593625822435,1.0724595168607842,-0.07603209787925361,-0.3657460595024253,-0.2594913665435127,0.5661744291276264,0.5042362561582265,0.26848922089041455,-0.3300303249483417,-0.5063394812048518,0.5205135571371394,-0.5020532481656894,-0.43914456011119113,-0.7133920387162677,0.7541938058737507,-0.05784940328957051,0.2855093149866324,-0.38022635487143075,-0.0719839500137879,-0.07834458146731162,0.3149883097254015,0.30306439853605643,-1024.0,0.5480000856210432,0.7652871984567359,-0.08317201965852809,-0.3889981918280411,-0.8973651840355756,0.1021892551447876,0.006483623177341413,0.307650372456001,0.8015644378128337,0.3650319820942258,0.09263923809340024,-0.11398299047197638,0.20712499698036568,-0.04000601813940328,0.028430356043485393,0.3784224592253335,0.015741022695265856,0.2642221281155859,-0.9855614694633088,-0.6569437724534198,-0.2686573356391634,0.06140117101075428,0.23915268135908233,-0.23327633920002525,0.12183162514639963,0.2671087987898137,-0.6105166919379237,0.09392403338550942,-0.7736352798848445,-0.5999142428770734,1.1202109986073894,0.07759454659828102,-0.19288838569612285,0.8200901399462759,0.09263907395459746,-0.3557010036037284,0.07649098377559971,-0.6212757266136603,-0.47331686758643016,0.3578166501620976,0.5546737648359062,0.20633416463706672,-0.8388846487239816,0.08783170469274058,-0.857591229199666,-0.26508166167792524,1.1806604515461923,-0.04760334587363422,0.1867817046304104,-0.08867664224884365,0.3743185675137981,-0.39381954746162784,-0.8247507139394249,0.29566551666686464,-0.41316010677221504,-0.011711369976466079,-0.42592087163163145,-0.3296792823417205,-0.7241235750441484,0.1341651514757768,0.6425744508513072,0.1296121889959197,0.0,GHD
153,1,2,-0.03130031686885481,-0.2404157527431654,1,0,0,2,0,0,1,0.608163956892093,0.760030647896665,0.5297380700643894,0.5836546263926103,0.7588130859355675,0.46088504427379107,0.5104609322595061,0.593752442449844,0.16809275787023645,0.8906284243979364,0.44681102682857554,0.5276790549644468,0.7288620332721245,1.104909641747163,0.6413861092089848,0.35857965525129376,0.9262895072825266,0.8224835905458864,0.6297217984122055,0.20017732618880776,0.053134664094804,0.3011980997884642,0.1231521960641189,0.08697539373619276,0.36004630816067323,0.6873880332109779,0.04469795018381453,0.2753614021574209,0.525037468727243,0.46179092036065217,0.5194332385084497,0.517065507080948,0.4751924445882037,-0.16083660030968414,0.4216844104364751,0.42962554232742145,0.39136946418625224,0.5873989094083185,0.734343199277222,0.9022737663163302,0.5253733447231925,0.16943512726191182,0.41723756332462403,0.9644433821536416,-0.09679895135164816,0.6333539018234203,0.05921498697337107,0.421365807597632,-0.21312752321762485,0.6177066209868937,0.26498695244892934,0.7632774900262678,0.8997449728778685,0.8840852675002452,1.0632957883499954,-0.08565240054453936,0.29507242746796725,0.10265708698023555,-0.0435846156195129,1.3182126254098308,0.05187486661092014,-0.3622658906885466,-0.10278955992014188,0.5877711591243197,0.6397526065325214,-2048.0,0.8632731553653942,-0.07927881078345944,0.16588342850309093,0.24669032039316927,0.8126097856778609,0.2941879649161079,0.20191983060696236,0.11060317192266485,0.5980998501727376,0.5739843071613405,1.1621923296434082,0.4421825586464108,0.024551469702892785,-0.1296461916633633,0.32505468814327787,0.8431649780902006,0.02204748726533672,0.34082910277106954,0.8254110918176227,0.8471917206392201,0.4843801606549327,0.0482866999739414,0.7369841329335206,-0.20565643734601483,0.21465995657320167,0.2607592802161794,0.6428144065770862,0.16550805967172613,0.5443814297381524,-0.08346612683586034,1.1401773265522441,0.6298683885410813,0.3518847065154852,0.037778473147419916,0.3039546049510599,0.3288499841641465,0.3333961334872345,0.2166976169109066,0.9286589341889657,0.5228321446954864,0.2334561306637977,-1.241068969442131,0.053126076048840544,0.17685121214412067,0.2986673323959364,0.5919420922365131,-0.48226840346989835,-0.07764125655599158,0.08139142116410022,0.8879517309713407,1.211906735408684,0.07337032264397464,0.3606742439693277,0.41497334717239504,0.39752448405308843,0.9064008681051647,0.44299386514772693,-0.1207202410478957,0.18428538063141617,0.5795372725237327,0.020790702531856792,0.2818701447139955,0.0,GHD
154,1,2,-0.17650524182710844,0.249263310307126,1,0,0,1,0,0,0,0.5338560082340197,-0.31223588416748815,0.15409231683510677,0.6016846384898957,-0.4736370592276187,0.5632984140388742,1.2018231311083012,0.7410237920705728,0.4048373534499972,0.7386455662768517,-1.16281737378727,0.4381899055472806,0.29051621086993584,-0.12588477243667862,0.7216464311544577,-0.33185627245500554,-0.7694967467251738,0.0330707896986197,0.6026135566143346,0.9361775217054461,0.05443940878756197,0.7609375240920463,0.6546050855499717,-0.18137129425033388,0.13495105276236644,-0.2832851539122217,-0.2631680461257851,0.5789845710847406,0.7261188768118251,0.4282317988107717,-0.072955805508626,0.20025581577851337,0.12677786176106595,-1.6499818174858027,0.2945704651460868,0.1542499150739903,0.13455394275579022,0.6909918628191944,0.1918707830344752,0.8038337340307296,0.46660752574528896,0.6735467304376842,0.0726636277783673,1.320860708401286,-0.5063059861590244,0.6066430005601823,1.6890110143493795,0.47037647595032883,-0.547052741876072,0.0486761079156266,-0.9828256797543231,0.08042961347181621,0.1408999738806373,-0.6278824320612642,-0.17376384655072408,-0.2845038274147136,0.4999698789739995,-1.6862260608007134,1.6559170020115312,-0.011090819280866663,0.8221314122330864,-0.8571553689752515,0.00939333160092849,-0.9815150665498625,0.12287711661033208,-1024.0,0.7376141204175498,-0.4293445889865169,-0.7329423968503704,-0.251695934768503,0.5817486233520817,0.07761832242120001,0.006483623177341413,-0.8605544995846854,0.5881507026151985,0.3181617450362299,-0.016281266869796297,-0.2105410622538435,-0.013850459062078345,0.5209943457222811,-0.33157322981716925,-0.8825652789869335,0.03360644664141722,-1.0024193267765609,1.272877305134605,0.2685789171024146,0.04617779572421082,0.06140117101075428,0.43736629969885316,-0.3713891055113738,0.07733794409265443,-1.2720990597407151,0.04437048129523564,-0.4388099735298608,0.984295180471318,-0.2966306987036746,0.06319982143486617,0.5017589976978716,0.48830623723912997,-1.648223652153017,-0.45261303630039407,0.5817265645019536,0.24218923086446703,-0.3171296135983038,-0.4574774803185546,-0.20666732303587002,-0.13978338929028827,0.539856162416359,-0.008934035176585973,-0.041891165480696595,1.5522114463241692,-0.751384858940674,-0.769092709681771,0.0057369760669124395,-1.4385916849913705,0.16235359330665952,-0.2634930754072211,-0.023729762153688716,0.23685439623182936,-1.398056133190768,-1.1823002103674662,-0.14996146730796897,0.5730360948491667,0.5618112836434483,-0.5853146575806909,-0.44517000210830693,-0.8023435413453945,0.07723085698372398,0.0,GHD
156,1,0,-0.18200337071736294,0.11787626583039905,1,0,0,0,0,0,1,0.48070630335100756,-0.317948765156004,0.37714029801891485,0.47347870943263165,-0.5435926160139197,0.5062171841271785,1.002471429687109,0.4456859616503091,0.2784141533416142,0.9820547199251995,-1.2755456938407397,0.5053067670292257,0.1260150525895238,0.1938946878548176,0.7302153466657041,-0.5100761625197481,-0.658094590457407,0.09914463267784623,0.42894010060099774,0.6743061978216709,0.0536708340897753,0.6011013123450741,0.22258854448536014,-0.1313155472258349,0.2730157104532017,-0.39205578961112564,-0.23471219309485933,0.22426139593788608,0.5634816629692505,0.3133858478627356,0.25134220838119803,0.34803347341943036,0.26862313264184395,-1.6327313189037127,0.40650870144067863,0.2296672182544495,0.41498671060482595,0.5583332433870212,0.9622182130634541,0.6896147747536066,0.4139621589136892,0.47035998348778507,0.2899076649620556,0.6869554625097481,-0.2553215072383412,0.4581131335187753,1.3515107731832499,0.18608534479450753,-0.4694849676028988,0.4979824070199995,-1.1150132608491146,0.6320397372675811,0.5692261626030715,-0.24077182220420995,-0.6277651112620166,-0.09556567300446434,0.23590424936541118,-1.3930379372500998,1.3813916931392363,-0.17109112872693039,0.6959847723696577,-0.6854595694192613,-0.04014538928833391,-0.7793938943408282,-0.02813193549649919,-1024.0,0.7079682814312921,-0.1022336416445594,-0.2368027349216531,0.08842223742404151,0.5479454913885472,0.12032503065702561,0.006483623177341413,-0.6122253018471546,0.6507954894766323,0.4692667531764658,-0.0749839032594529,0.10695494861476694,-0.012941543346564496,0.21491234711519192,-0.0021736068236540926,-0.8370596026792086,0.03323174253232392,-1.166632696933977,0.48948669910862,0.616326985111653,0.27480864629317914,0.06140117101075428,0.6881393880483794,-0.36941599167362243,0.1477464464675239,-0.5601099240375634,0.38255738228584596,-0.10658182087303446,0.28489345282851264,-0.2836920851364777,0.6282443876640378,0.4531194963776631,0.2205152623091595,-1.101857656561868,-0.4515575525260137,0.20446740653765363,0.30427358530808524,-0.5751411070091403,-1.0193200720631814,0.30944602321978676,0.15091602412404712,0.2313255311906731,0.021448139867576523,0.08811243387738801,1.0377557285131536,-0.7615396694918094,-0.5256778522400588,-0.052108537174068194,-0.9109884283148976,0.608264335166733,-0.4607083549100973,0.16512184445185787,0.31053253629937383,-0.8514463751249135,-0.9168188138983436,-0.2111095000324969,0.48532016645247084,0.2708068752236811,-0.3265766163443546,-0.44363994437113996,-0.48095422318455894,0.16910957600278023,0.0,GHD
157,1,1,0.09055609602168489,0.9577452568238092,0,1,0,1,0,1,1,0.28178537527147585,0.7982008814285247,0.38171969799754724,0.34870713549665283,0.9939861476136448,-2.0784832975759286,-0.379261419209292,0.3241905904492587,0.8851596667352019,-0.18607264424852296,0.8167336296977925,0.14930499894658464,0.18786862703076634,0.33466994593957705,0.3061492134180285,0.3523495906054913,0.6078642388975762,0.1470261518295459,0.2788333676203668,0.14347408930949238,0.05422607960905909,0.3192827030264479,0.1683860174507019,-0.10170318734620135,0.4603373681462619,1.0642256488200326,-0.10746682962136608,0.41702371578601777,0.4533420265866138,0.4462699010400038,0.416739784158471,0.1718913644653698,0.23162180257523982,0.26545368720029716,0.7025149834588443,0.2033164588059103,0.21055164324189787,0.31627366620463965,-0.6737127752680365,-0.23161254580484042,0.3386637065300568,-0.8176290841342981,0.32186402634357425,-0.1695880180651882,0.08235482845312536,0.4741117054764893,-1.4440840221145483,0.4503272748526123,0.02182376584189499,0.8247791020792503,-0.09813039064807752,-0.1891600958320891,0.14673404537504528,0.5881108525384257,0.5677235090462484,-0.4150895157071868,-0.4682199605923292,0.29418357596989975,-1.6684735209781065,0.4865628306904603,0.023693686207337278,-0.7202046375570043,-0.06217783949031677,-0.16483809563235097,0.31152445006895374,-1024.0,0.9011830173719844,0.3315647889835238,-0.1403954456058741,-0.16930909015488207,-0.48562662566803433,-0.09230721088505475,0.006483623177341413,0.1913697623047101,0.7837230459795738,0.4468983402583189,0.28259299277998673,0.11645650824611244,0.07489775310425342,-0.8680333774722726,0.07242575542190126,0.02663578067876899,0.023566428330506824,0.13623367483292226,-0.4000822524942365,-0.4546479543137927,-0.053355661882076064,0.06140117101075428,0.5699770389550793,-0.2664627988413356,0.13178188053243808,-0.16463027595416418,-0.014975461050558875,0.03789282235841232,-0.3840063140462533,-0.20100628049532404,1.3621196698607336,0.08784186285129778,0.6087217806767256,-0.13521078436816517,0.09298001468403848,-0.45295432491184173,0.22752169684465345,-0.08907402122628783,0.4675336466464433,0.29116710182632455,0.6833501339250538,0.21371483628828125,-0.25125948501612555,0.05203354769287188,0.04488501575702179,-0.21979022749704097,0.5280539441775521,-0.12698921825620363,-0.3187304826144731,0.315883184372826,0.33723134979894115,-0.28740256234092465,-0.4352844229557108,0.353216056833762,-0.33347168479838457,0.13119295634673436,-0.11623909046802867,-0.6548305153233672,-0.5825572045830634,0.12953112242447418,-0.9586185493303605,-0.25080517040336686,0.0,GHD
158,1,0,0.03952566291642585,0.7997734954852024,0,1,0,0,0,0,0,-0.6381687357157203,-1.4853046111902908,0.12560364770376284,-0.6483964472214203,-1.6989237537787103,0.09636733427481428,0.02056123591106029,-0.741562301574912,-0.5340412976992982,-0.02588978573372893,-2.204780819051224,-0.557510893920682,-0.9796073994992918,-0.901961410060442,-0.3290052113579287,-1.538235808569744,-1.8342812368904224,-1.0951381253618437,-0.45605189613154207,0.051445318645700094,0.056450673388203816,-0.9399501035001105,-0.2180887540009233,-0.8545235341415157,0.37668997563393686,-1.4137093474859816,0.06804836248657219,-0.7489895017312813,-0.4321745478361469,-0.9734496283031948,0.2177693783340532,-0.2231239646659647,-0.21376620142825722,-1.5547037594356308,0.6205764340512574,0.055340713775864706,-0.6784371590304065,-0.544673595321635,1.0239578624193149,-0.14637716851634458,-0.7809035214463529,0.5021547867497245,0.182258602925428,-0.5969983780756589,0.3589715100531197,-0.8654936297688637,1.3638128427494158,-0.5802871432189374,0.15335413181774457,0.5003350941139206,-0.8649406797868461,0.202462271949932,-0.05153513967273322,-1.4037539441687983,-0.8512882748257262,-0.29368930706386615,-0.12360472773018957,-1.950171430705093,1.689178216611891,-1.2057513415281824,0.7799345054658208,-0.2160529720615558,0.051858494473235366,-1.00554628571168,-1.2524997843324812,-1024.0,-0.5730157471472629,0.5873561363489732,-1.5540068047660973,-0.462816820183066,-0.2841883592382885,0.09263219193948516,0.006483623177341413,-0.694581123388079,0.752033068435328,-1.234634178751293,-1.3545523638955017,-0.3063259153713923,-0.01847277281340836,0.23643367899451226,0.17407737666991896,-1.659102161930095,0.015967058841014948,-1.3475107719162613,-0.8230551770513005,0.059287885945607334,-0.8103480811683872,0.06140117101075428,-0.5507163052721213,-0.3708171254449039,0.10266605027261688,-1.4779335805848202,-0.25575431626650924,0.04099330015702421,-0.4758584215203181,-0.9116634597417173,-0.858593357404145,-0.9415247690079829,-0.8134407443359325,-1.5461033357821912,-1.1962418251411997,-0.020067422937962487,0.033341666659171994,-1.1298702288908058,-1.2752980938586118,0.05116904095064563,0.5835386833668534,0.5496259533197796,-0.6467948992922323,-0.001729498080401395,-0.08091718405251891,-1.1811909971339383,0.7441175577711112,0.02548325282733582,-0.27868969256002013,-0.04328546165989272,-1.6282752823309858,0.07518735989665493,-0.3042514667638132,-1.8495564650511276,-1.1164009983590004,-1.40472148424377,0.013720221608731622,0.16957332829657543,-0.4937603907312016,-1.1796911688361893,0.11919014102382697,0.10908413138804553,0.0,GHD
161,0,1,0.007791652258119619,0.3325658820444579,0,0,1,2,0,0,0,0.8666882101291562,0.7436720573926615,0.04477037608899677,0.8270574464999725,0.6493943263213154,0.5246663921249953,1.956956368021037,-1.8079027240336345,0.3080310198289204,2.16403268688007,0.9761937626582876,2.477361521547224,2.0153005617314808,2.1898266959237667,-1.1457585206513765,1.2525466222232957,2.1473181147343374,2.323653667030884,0.2810177559113571,-1.557177740395712,0.05544346279865035,-1.2981635718281346,-2.5627314679252113,-0.858922572651804,0.4772299209518081,0.7125866982866346,0.9725692953122516,-2.329337983187769,0.8791510571062798,-1.5066073820789554,-0.3998808424729771,0.22132498525142302,0.5896486814625465,0.702867550940765,0.2526510667569529,1.1074909327443179,-0.31640094368215976,0.037161861674227664,2.1972699988954094,-0.30228119813663934,1.4528881033536176,2.231680616081282,0.4049068356829475,-0.6134633163852353,-0.5204733332849042,0.5563902439263563,1.8228587688610305,-0.921595388766001,1.1886398374068654,0.1250346062878402,3.0034371585638175,2.6948875160921255,0.40393041446023814,2.6676131195431383,-0.37678339359917756,3.018657462626761,2.778835880269119,1.3387180749293814,1.8701032780498186,-0.22017666199636346,-0.9537749450073585,1.8481852447420044,0.18062798146600167,2.721598952540589,1.6358017774794436,-1024.0,1.761970624375588,0.6224063459363687,1.0630585565451285,2.8050351540808993,1.4986436405132961,0.1608408857014504,0.006483623177341413,2.8331465422803452,0.7747008479469645,0.6048362975392341,0.5545150775022913,1.214815074290676,0.056680879221910854,3.605972715886194,2.1888607758297036,2.9021490097874123,0.06267618506990419,3.3392631563470316,1.15287186400102,2.3924672831726967,0.42145994714553286,0.06140117101075428,2.000243253297257,3.2447827772146676,0.3152149855994416,1.7482522792442936,1.7841293158040625,0.28428696942624904,2.1940918034350485,-1.0810580563220193,2.533118112149774,2.017876683250501,-0.6461472286689084,1.8114867099324632,2.851519868048433,2.8169214829541693,0.41801017207504115,0.1099571282330869,1.5370745905090468,0.607074122393889,0.8525056935801288,0.694614669326917,1.3209230758619428,0.5419478990507579,-0.8671137880928261,1.8748571023163143,-0.31421792628367806,0.1691743476224257,2.7436253238798174,2.0736123103243567,1.5682853667062702,0.9149454555367641,1.724671352974984,1.4154745274855485,2.342319403889537,1.8538714820523456,-0.29067647758466897,2.9877569991463058,1.8188274227284784,2.549339227671247,1.9560384903454915,0.25994485223091995,0.0,GHD
163,1,1,-0.8165641182856714,0.5301345090187857,1,0,0,2,0,0,1,0.47517349691700644,-0.175064626769543,0.16009023028183209,0.7045997357484115,-0.11690982650190525,0.465546729734734,0.5512097134030437,-0.22645987721166538,0.2166062394867469,0.6215167998499461,-1.3109335729447327,0.7365055811342608,-0.2028024689594395,-0.04123496590489508,0.17010449821509047,-0.7103392521352191,-0.5077342369390286,0.1128807649677602,0.2333859529609884,0.3251408530920859,0.0589500855097626,-1.2540431694912348,-0.22212849876695023,-1.0126715212052968,-0.19313644800356444,0.055757245763388925,-0.32554989344818014,-0.05818837450269941,0.8263032086856985,0.5634699325459892,-0.25633464495319,-1.1510590553419815,-0.8154152706670695,-1.9343109657625452,0.14874578864194507,-0.6368086258843884,-0.875476335422695,0.4623624928545453,0.21606318242357972,-0.09390724732027579,0.5564914988642495,0.7769431194750213,-0.2971702834435806,-0.6401149054122128,-0.3940532679039665,0.4958529790653749,-0.6282437788943591,-1.2219180587847829,-0.3728378761161467,0.1388306867927596,-0.5396682866272525,0.5905292980550695,0.05669214872217109,0.40986622007959017,0.13955026092700443,0.1785412607744178,0.719899451683165,-1.4827967722685038,-0.5538369269034469,-0.5913272890057849,0.6161759260338395,-0.7360357781841687,0.2328001757821911,-0.8285889678883089,-0.11914366223616353,-1024.0,0.7787226425528045,-0.057943250072970486,-1.4472328774213359,0.20473029232629103,0.13546481164589017,0.13210607617788345,0.006483623177341413,4.015688851717478e-05,-0.5111661509421032,-1.6144017463691542,-0.23901363162291153,-0.6714671764162177,-0.00507244521480147,-0.05871858676585639,-0.3160912229470159,-0.893446191723873,0.01782430214437127,-0.29201675268623883,-0.4071814623062178,0.6515844375602948,-1.6699192380933165,0.06140117101075428,1.2721370840967763,-0.3525101556153571,0.009504678443213507,-1.2265234910097695,-0.10869005290599026,0.24864393645401608,0.21333497266964468,-0.6872585340124395,0.85679241602638,0.32295324581379214,-0.04677409526071155,-1.3694208391504252,-0.4424968805433048,0.5177351434082603,-0.29798416464664157,-1.3335536379130022,-0.07544917636396661,-0.6098401940854431,0.05182071188260502,0.43064371823019454,-0.4696826167602783,-0.15757418206436788,0.6306173585941868,-1.5279053915272107,0.1899568028971769,0.1901957636912017,-0.6126250888589893,0.3457275936961687,-0.9247649555523862,0.19732895651687246,0.7096660343035689,-1.2724020325892564,-1.5160788739231315,-0.3921852655657892,0.09910131248379801,-0.11682707442689046,-0.2837535713607488,-0.44260149503585755,-0.35202387067866525,0.19515057035578706,0.0,GHD
169,1,1,0.044498625578337524,0.5301345090187857,1,0,0,1,0,1,0,0.23901063447577428,0.47482153971890256,0.2488073077459141,0.4341299117860521,0.7320896474078232,0.32699623894845486,0.20289958700607352,0.009561218076447366,-0.12594643636833472,0.029212198323655514,0.7727958275028957,0.031688847335279734,0.5055072130178052,0.2719345710346783,0.15654662170817024,0.6063043427772342,0.47015730517452486,0.2667624557648118,-0.024082800243750587,0.14713052147406683,0.05443314271410459,0.09475870910884673,0.31827553234266376,-0.08051057042986318,0.38275657869825386,0.8276762857428542,-0.11485366246183348,0.30605908992152003,0.5438658685253402,0.027441573368774657,0.8180768616131362,0.1646142125229943,0.06743895062343587,0.5502731725857569,0.5110230923558108,0.11988390795225626,0.2541682424673441,0.3119753896102954,-0.2546826332444521,0.7535197843978902,0.27452084164746515,-0.22928302723706895,0.26628056736674355,-0.3511840925077886,0.6319232603525541,0.3642551659531349,-0.1070238423559849,0.2083999671162799,-0.05361678867398453,0.890076345318763,0.23123068589416643,0.1018888654680513,-0.24756151859927553,0.37230209504675416,-0.10059519525911938,-0.4450296400206441,-0.15253378841641138,0.5403804520464963,-0.15899825872766207,0.49429719030472014,0.47746698575424223,-0.30863615421812585,-0.15288739042489125,0.055454070215691056,0.5746826144431059,-1024.0,0.9459459001374951,0.5910790709793784,0.3522980918977522,-0.21589104824359798,0.5865163801308211,-0.08068624309816082,-0.21564629056350346,-0.03161367426203411,0.7431355084841227,0.4268618246447999,-0.44160900815045306,0.10103866271853433,0.09567758752447852,0.38284377948116444,0.27298188465355727,0.23695158967559218,0.03909389043926388,0.18529878793335294,-0.5728843557636947,0.5394172851932151,-0.021876628413109608,0.07554735875776933,0.186228435777019,-0.329779886583522,0.14147914183014873,0.6352539595121572,-0.3911872069478702,-0.07622890507477784,-0.4043341859862773,-0.16923264399028162,1.403061756417874,0.6064672294857256,-0.10432472249132808,0.6844700385192795,-0.43964637829839803,-0.21521319762419142,0.28925609667272667,-0.23116041629959724,-0.22290126083042072,0.36299062675239013,0.5211079849738324,0.6112437604657449,-0.42538826829465665,0.14680193962630667,-0.5637607891215908,0.1621338422473825,0.5966304840026797,-0.11909713998193955,0.3214729772569814,0.031734501126859105,0.3215646747438493,-0.03536334480472263,0.06859467081504068,0.6232300304073835,0.08525045637476061,-0.5231947227058975,-0.057294252537301325,0.3388441250568114,-0.08380336834901808,-0.43887689084553255,-0.2895103523804929,0.0393455898425783,0.0,GHD
170,1,1,-0.11157577719344186,0.18862059310525234,0,1,0,0,0,0,0,-2.167210810176546,-2.0303292547850447,-0.9951245634011584,-2.0027396325942113,-1.770907234612048,-0.7812761669039119,-1.7205802623653514,-2.141868761968303,-2.50767081754951,-1.1733891443197215,-1.0358108952503564,-0.14903587328056972,-1.6523244093169809,-1.0235950923353827,-1.643872134510153,-1.4019814701596858,-0.4608241357892505,-0.691203924882003,-2.1329453434503147,-2.9435808080772583,0.057362085285616184,-1.9105543031358456,-2.608745047260055,-1.7526050966086173,-0.8743434912684052,-1.8255347826660635,-0.5935300119800818,-2.3743276991233198,-2.04481859309033,-1.8749017743650571,-2.880572403061592,-2.924351413828707,-1.6415175361166912,1.5631202491903222,-1.096294941287539,-1.0792042233764718,-1.6003081099559027,-2.920058718457902,1.8210488855870397,-2.2091458844535903,-1.857825995805619,1.9981722286306487,-0.8471595827318361,-1.3637737292064893,-1.0333368408613557,-2.3387711859070808,1.161643194717849,-2.350603878878702,0.4448290478610763,-1.570449205712521,2.566983522929584,1.2466915621029073,-1.4495531444026668,-0.06568594498785095,-2.1052285695915205,3.1358669072699303,1.4535625249102002,1.256431194065124,1.6188241290827208,-1.822067228724031,-2.5484062330422677,-1.3339683317567894,0.30602743123902854,2.7749544863721183,-1.8534580846281914,-1024.0,-1.9232981803567393,0.05911075467349276,-0.1279508698161233,2.0795566044794334,-0.5443472501892317,-0.0820743164900882,0.006483623177341413,2.848267034118918,-1.2010479783472925,-1.779700030067114,-1.2935461849292214,-1.5697032867772738,-0.2517287161028735,0.9565931633340753,-0.33098061495575426,1.8452745861997695,0.006305695826978042,1.4345133738299214,0.4907883290852291,0.3246860619067838,-2.2360188348192587,0.061658463971476535,-1.3878820914942152,3.280486695841624,-1.8651616554423243,0.20607128338946423,0.4735184626026958,0.6762295100808962,1.5429717831628793,-1.0852024147823647,-1.6933584712449614,-2.0071139071739488,-2.14335125120368,1.2257905218380722,2.0880039288427104,2.4176821358039353,-1.647555592953086,-1.5336013770148256,-0.38257027063283927,-0.9283178816111103,-0.2754353060788656,0.2065386426437603,-1.683216677196693,-1.624981778971569,-0.8624595518427762,-1.7618075699315037,-0.3004962813314543,0.2894989763275955,0.10335225426825356,0.3960119967616119,0.40573459687485447,-1.2445327253407181,0.631978618717306,0.17106928111291794,-1.2574076341177607,0.722844762589547,-2.3826424065066036,0.8197229606553362,-1.5476398130427653,1.6601619360519502,0.6407534927309457,-0.2299699763455643,0.0,GHD
173,1,1,-0.009133793033836117,0.4243260656156132,0,1,0,2,0,0,0,0.8581378512685005,1.1425997369312613,0.021214362344412995,0.6337290574478337,0.962220625323859,0.7694421036082773,0.47366998318737846,0.8150836208604166,0.8789165279901846,0.30767927577615445,1.1256187217016813,0.5717860069381444,0.8351346284951248,0.5962456742480026,1.3058764508455234,0.9741531352843324,0.8972250042369666,0.6811924222176619,0.943779327086809,0.6272719971741665,0.054762135667605495,0.8500782867545051,0.7948358010505491,-0.15133560676460983,-0.4138408856471474,0.8487302661440467,-0.23906506173918166,0.8918764436704912,0.5430804566408715,1.1565409453733557,-0.48851758982185783,0.5358693910482751,0.6421924617004471,0.3654584182208904,-0.541991673213382,0.5944651781905325,1.623880523301831,0.9549392889669778,-1.3091165618664573,-0.1577522436342494,0.8945490580445129,-0.5623364183117578,-0.23278054568506024,0.4401210920108439,-1.1576347925778845,1.263094440252826,-0.6061658393609471,0.7014666540342969,-0.6431184100158149,-0.62045111095912,0.020166388349394788,-0.6663883596728042,-0.09098949246050048,0.9362496306875989,1.704064122726248,-0.5353828527823035,-0.07563350410572306,0.6139365571731,-1.1566806732876742,0.449461946039217,0.4005203552363874,-0.10903276306738764,0.11831894219859129,-0.4702463880024514,0.8522506768485156,-1024.0,1.094634065039689,-1.1778504919263744,1.9585270525641552,-0.194292431682818,-0.4954495110212483,0.1580108543737682,0.006483623177341413,0.0010048705037077866,-1.4085074653822045,0.5322815053444091,1.1462261213540412,0.8176112457382607,0.1157353106562137,-0.2757605897224341,0.4756347628277162,-0.09461859681141835,0.1151180771903303,0.7024204995660714,0.2483031895109988,-0.633804025941779,0.893251753893977,0.06140117101075428,0.9754676298661599,-0.34295484192648734,0.1520099677926625,2.027296524606307,-0.23757049044054104,-0.2804564056219168,0.06791544519769382,-0.3330100665612851,1.6985882079844519,0.5988879693510598,1.2846638094439131,1.0915105138754013,0.2991435225264131,-0.2522682095705567,0.340492152149886,0.6637544455110626,1.7110781027849085,-0.1229747811730727,-0.9784734203391111,0.6564092469968584,1.3100323489297967,0.07916890151908053,0.11963662478796963,0.621857931871482,-1.3560897431439358,0.11885417350637831,-0.49462646594608617,-0.5160973123259607,0.21111260627288692,1.0768279113442722,0.38380867352858833,1.7551033328399488,0.4629672651814114,0.9143441850809012,0.4739163529308567,-0.027368385425561803,1.8537510436891558,0.5767897486021127,-0.48795350610759636,0.2534824214128262,0.0,GHD
174,1,1,-0.19119750817478298,0.18113669611104147,1,0,0,0,0,0,0,-0.004885080929838624,0.21902828317927425,0.21699456404530093,0.3351951553612559,0.6295277091956709,0.21801466643119025,-0.00789276430776942,0.15103753838184109,-0.37096158716771205,-0.011850602237321166,0.7178750215363524,-0.09921473204778826,0.2665475334585748,0.22702429182957598,-0.13355561294664164,0.5459279942427031,0.5695822123849614,0.36723774821981536,-0.2078449271773324,-0.13208691442739828,0.0552419593931546,-0.15665636625862436,0.07999203156690546,-0.2732295577018021,0.5087359362925162,0.6515961976163397,0.42388686290361516,-0.12378858177891715,0.3734721261538216,-0.42697226209770295,1.0005105401221024,0.010518759117527204,-0.009345676023183895,0.8540862283661319,0.6145076819636902,0.14002042433177117,0.21186699971782877,0.017694578058239728,0.08912275858933504,0.01845012219763052,0.02207852549435324,0.16605005278707907,0.3331487006605726,0.6021669269562967,1.3209983909380225,0.013090035518789964,-0.005000103969617675,0.1576530344241524,0.4669642625387297,0.7340675592614834,0.45570710181168894,-0.06737773155690975,-0.3348857535413487,0.2959375388236649,0.04924326725554188,-0.2644582963966768,0.1783244480564683,0.9384127619779351,0.09983103751155468,0.0583353080465528,-0.270746577716062,1.5037593338099147,-0.11003855506595679,0.639693450108701,0.44563544971748503,-1024.0,0.8209806323175523,0.9116275860706657,0.5673925480241807,-0.2182600506902592,-0.0836498718146129,0.15801621224524792,0.0037963271328226014,0.19106999844646955,0.809136839170319,0.2070424300392017,0.23571232046302237,-0.18231914709903446,0.17648803720361442,0.4287204868251748,0.14440616809235862,0.42437588443812263,0.013934011748027957,0.31322201963676893,0.5696375489339259,0.1615404218034292,-0.42053315433123706,0.061577046782877044,0.07932795378610198,-0.2129018409408149,0.11884068229753574,0.916770066614584,-0.4743965634048506,0.10091954592699037,0.7519353949763289,-0.3863479579904483,1.150322519010687,0.15870637794878786,-0.36576900262716,1.1182801839436938,0.07857541219590448,0.624925161027748,-0.0010945978770608555,-0.2069645827471139,-0.028981218516758497,0.3216387457957856,0.7402841559876738,0.29520664874170466,-0.9218415426794767,0.049461398916885474,-0.788361656385232,0.36509000568023375,1.3232213518572682,-0.07095988535361614,0.8420862397391708,-0.26335449958828855,0.020869443849481417,0.6226795644262625,-0.14466046485438624,0.8884877329603323,0.4781848140203125,0.10734994993851943,-0.3652017473660905,0.14997844136100932,1.2539268489757491,0.13195030995491142,1.1632157425439946,0.2573775302248437,0.0,GHD
175,1,1,0.16217295074987628,-0.29620509784389604,0,1,0,0,0,0,0,0.8027671854897037,0.9311485461409145,-0.1396537103724227,0.8190872183302578,0.9613815313942592,0.6075272977537688,1.4015877008616804,-0.35049856778097804,0.49922023469104865,1.7771061336497136,1.4330783746466944,2.2090179548052613,1.698534254592664,2.0391401820977073,0.25185461737900827,1.4786067732404773,2.173274125929016,2.1132973374506703,0.5584340205144097,-0.7829807166309812,0.05567838312173463,-1.269959864911449,-1.415928003616706,-0.8999008288511778,0.33294511268227617,0.7960742076136681,0.789065027629021,-1.2473564809666124,0.668036773335855,0.6965175120102939,0.09715979543712518,0.13813119701841484,0.4312620323729606,1.0109518358494938,0.0690565557189576,0.935968991450545,-0.0606189782931694,0.16863817067446651,1.4295748070731502,0.22852595416372398,1.4196492196009822,1.0139028522621643,0.2327011782285398,-0.5203148192049888,-0.3682402404900839,0.8521568676457077,1.303994905050394,-0.2551350144758723,0.9902534632370626,-0.5611022048484069,2.031203603918535,2.280773609048063,0.20738691596936593,2.4190972472279086,0.34247156051585614,2.355482978835772,1.8963829909215917,1.1238845202056584,0.8492042712463014,0.4559277340017899,-0.8463104240420339,0.956095864769666,0.04078456670127847,2.350975551933137,1.3923372534444034,-1024.0,1.105383624405624,-0.31620359032152456,0.6940663269229793,2.2929758003210976,1.529323812281752,0.1608408857014504,0.006483623177341413,2.5506365676979788,0.7021525515039693,0.42239651611847034,0.9571782724703976,0.8995373025820381,0.2164001767873586,2.6655054510072675,1.7498439644742723,2.5993870614360457,0.07066466420978207,2.4895703337065798,0.42346065417327733,2.3367982433872565,0.1850479162633904,0.06140117101075428,1.8461494537871659,2.7837316360818436,0.2472027059298907,1.1976861964171495,1.1171747899104845,-0.06931559585184707,1.3056551997643713,-1.0744522381204265,1.5758541941541715,1.310300987401523,0.5811808808593789,1.2253307145563468,2.544477686741468,1.785942843701576,0.2997649868536788,0.172881873246552,1.490361293829052,0.09151996541129613,0.301945359458103,0.6642442330524511,0.4781155084642511,0.17861181812946958,-0.6730347404659476,1.5897163045224523,-0.7745529581826732,0.1636630419358684,1.4960838562451517,1.4930480685491443,1.742929764811756,0.29470967736221043,1.2580111072162872,1.2060792700748884,1.524175613889217,1.7799037326037774,0.376667341585086,2.405181744276293,0.9168239781192576,2.3816132236090324,1.3352146709714785,0.25994485223091995,0.0,GHD
177,0,0,0.02286761304969835,-0.33808626790593965,1,0,0,1,0,0,0,-0.966873935874346,-0.900598810806127,0.05802043439690437,-0.9323117481359453,-0.8237536766581789,-0.08565020381973563,-0.702224052966151,-0.7334709862506766,-0.8560486939578599,-1.1252707067222651,0.009547522806178684,-1.1438034749049708,-0.6566347183348393,-1.1092520308984424,-1.4070946075930109,-0.11261348520416099,-0.7186855653944779,-0.8317277533097255,-0.9298734005973632,-0.4822563432024088,0.055434557989408564,-0.7042599447263513,-0.3127429360401687,-0.47082013467593686,0.6102471077002704,-0.7645973327701457,0.8805332561764666,-0.574702130959617,-0.8700110863365315,-1.251155363790631,0.9551095233788534,0.14376397304140243,0.22071935338118007,1.4516926647191617,0.3092938311135361,0.32522993267577704,-1.086716158147078,-0.9239348332911873,-0.3047822512418404,-0.3843783501409139,-1.0754091392801899,-0.45767925258246184,0.5178549626525711,-0.5463781511626238,1.7599157468608326,-1.08145689371991,0.6020384090076891,-1.1675542766826117,1.0868473658697382,0.9508551465557432,0.2380062105846901,-0.5545209757130348,-0.35920764611307954,-0.5794814610777016,-1.049281700176394,-0.5585266480244361,-0.7511031737109212,1.0734052320659189,1.0849856894108556,-0.838563195750119,-0.6999652990077229,1.6661324625847076,0.16351904831568476,0.1037417033781972,-0.6025680154546563,-1024.0,-0.7740465097289749,1.7316336340662752,-7.202637838222829e-05,-0.622867973921294,-0.5602263513701392,0.15990095693039114,0.006483623177341413,0.008844734926604605,0.8128947344559053,0.43082594594469814,-0.592921904528059,0.32497607563577097,0.3923550200462538,0.8352757934955566,0.5871088444450487,-0.43495011966463715,0.016732945961184267,-0.12979399123741878,-0.7827416529157968,-0.3322143561035929,-0.06071020633673578,0.06140117101075428,-1.1013734795143186,-0.3386420882521832,0.2737907602447878,0.3316999532194848,-0.482873191959853,0.27350481926429876,-0.6452328657002276,-0.6661075191053656,-0.49284518297253976,-0.7499349043242396,-0.5903122660021489,1.0660984624138854,-0.4385194919152159,-0.3427275522995428,-0.03827086894356874,-0.7903332788117456,-1.0630118214027153,0.9843000771982279,0.9408860823351063,0.6000551896021031,-0.8019559919709172,0.31194804835618684,-0.8644458601747399,-0.0869520114477115,1.4127703110280958,0.1130141348967016,1.370835553952934,-0.7712106421805471,-0.8771990152987045,0.3167632040957185,-1.0399143988904338,0.5109910777041952,0.5136906080672097,-0.6342397537602326,-0.5428390520006205,0.25770818269943,0.4992916716899783,-0.4348205944627366,1.6282018421005502,0.2577965362311406,0.0,GHD
179,0,0,-0.095637943628425,0.7997734954852024,1,0,0,2,0,0,0,-0.21239561528835518,-0.062395613759317986,0.1657213576145971,-0.17479420871370752,0.020574905811021445,0.3271726552596024,-0.04604510540362861,-0.053571271313560355,-0.053842700296208676,-0.2082095701877993,0.24435284290239553,-0.47432156082453886,0.14489465616299496,-0.056029770788817,-0.002052728370963358,0.09459647993203323,0.0016686888653778043,-0.14737849553912924,-0.1367824008658887,0.1427243609633764,0.05455402573183401,0.01091019026131928,0.29068817037486355,-0.04937155056382404,0.30229878494510815,0.07259536867830355,0.08979780245327984,0.19342754731987544,-0.11366837154566607,-0.36937548008888765,0.2605977506677702,0.21634179714487517,0.08734502604060249,0.3347361137041416,0.3074660397099733,0.028329500408474154,0.3559173197689184,-0.08646900405410687,0.2838887862879811,0.8377051352374344,-0.2526719813331238,-0.4304407991750197,0.22317791662187364,-0.130423211062774,0.22599587008438263,-0.25316566667679685,0.7375194827562397,0.47247065963654,0.17148676056938236,0.17627201319498684,0.18427552883562576,0.031222635017524685,-0.15006422550738271,-0.2682147673097285,0.22085569964241017,-0.4728931720374156,-0.7700238954258429,0.15787650379008428,0.7374471307135789,0.4549795239922076,0.0927769524410377,0.15611536023323241,-0.02017743056683057,0.029379399043577614,0.06274965124423194,-1024.0,-0.08690599787229633,0.04577383094234228,0.08517656959153781,-0.4138837611532381,0.6356102829044338,-0.03600388773959633,0.006483623177341413,-0.3399904586536573,0.7019466052094309,0.35409098722788523,-0.3012715879240679,-0.20469810418882722,0.015483927852373002,-0.04951515596918197,-0.308698987763946,-0.03452724858175799,0.025200868019956232,-0.19034788460941104,-0.45224362305647864,0.4009052746147323,0.020830459148855465,0.06140117101075428,-0.5988870641982739,-0.3551398281837099,0.12688906549947146,0.10006812316992388,-0.30738938399781696,-0.1886607078442306,-0.5956132334524348,-0.16122335438081967,-0.051259921959637966,-0.1145283505511822,-0.3470967882052214,0.2923862268389617,-0.4379880269855137,-0.5463165386930489,0.23133935060773303,-0.003883847624402032,0.05149711894813944,0.051056976511532626,0.23178728859544764,0.28138081159142153,-0.35890356654315725,0.08163461456625724,-0.5302798125256323,0.0337361433118598,0.24095740486759443,-0.0026268116432424304,0.2004866569164135,0.24456927390035293,0.23264292687308682,-0.1220805073134484,-0.9848858098988963,0.033337971435091436,0.09781925793262113,-0.43620472679896366,0.13455728450435595,-0.1890342981326332,-0.20594714162699568,-0.4397806020288804,-0.41799352358158065,-0.1485507742697329,0.0,GHD
180,1,0,-0.17833642792771612,0.25217819492999105,0,1,0,1,0,0,0,-0.7799714762787744,-0.4217815883337113,0.21874368948891076,-0.8624882673880899,-0.39553454338685523,-0.04089564453241029,-0.7624354868676932,-0.7151152593231834,-0.9148137837030641,-0.40247933969337824,0.22479926370587053,-0.38646734990630915,-0.37731806590267414,-0.015963372312865872,-0.8593469769321905,-0.18288105853815712,0.32603871883705826,-0.03884244826399267,-0.7332525843272307,-0.829452007374765,0.054461619876579596,-0.21177329838879086,-0.828430176913847,-0.20275849658134484,0.44107880559479956,-0.33657199327644083,0.5375139499655405,-0.6830725903527958,-0.7801505160724171,-1.0168160610447703,0.777825367066573,0.25112578726052576,0.22149838138426262,0.988654114090778,0.3366094538646029,0.26999194432980694,-0.23212289678777953,-0.8139045782048802,0.7912023267485493,-0.07704669725804622,-0.6987186805298261,0.588822185737644,0.40260324829021193,-0.4092588635859675,0.7539358785929811,-0.8044200829403912,0.18946403949831628,-0.10119346248674929,0.5573381741726184,0.5422733779455027,1.2786793045939921,0.5510613842103063,0.3581407489042138,0.23530688130844887,-0.3424193329338123,0.16350637894404166,0.05426229604361527,0.9375714582080731,0.5367532579393135,0.13873366660539008,-1.2934900538895322,0.8483979762003128,-0.10547726169509412,1.4238584041192168,-0.34205522851298437,-1024.0,-0.6721882607316144,0.5391211368869256,0.03676038822578663,0.06567136103658226,-0.19766920607170357,0.14736289224330135,0.006483623177341413,0.9653956776391966,0.7618002602091326,0.48316606120436334,0.510546213794598,0.20990797404369732,0.13130128680883657,0.3641843028115136,0.32921449536515374,1.0220327528064128,0.02219673273077444,0.9471976607137598,-0.5735848788374038,0.13657621700884906,0.10040175086518942,0.06140117101075428,-0.1742832460362268,0.39638699789271337,0.15409659259854025,0.40639977016310924,0.19041890459298955,0.056845586859246754,-0.22959795435446476,-0.35666405476217006,-0.42452493877026704,-0.588569306250749,-0.7147675634395495,0.9167481884379005,0.5646572778777765,0.2588002155010443,0.20088217545569656,-0.37481969691336425,-0.3156766129537827,0.5447011191300386,0.4946373980204042,0.1782722796796125,-0.500510185700672,0.14346620421850595,-0.8559972888759853,0.16289956347554796,0.5435096456632008,-0.03724914716250921,0.9455607954406943,0.6564076555541735,0.2602066807567777,0.4850038874907356,-0.05001798760180507,0.5941517760339556,0.5216437854769419,0.3833100693210377,-0.24584226755854738,0.018240836617373125,0.8299968917606149,0.5992835945284429,1.0918354896764149,0.2293264857587703,1.0,GHD
181,0,1,0.3141708395658718,-0.26972493631726413,1,0,0,1,0,0,0,0.16688201073778902,0.11878259753981589,0.11920893462120814,-0.07010486527432333,-0.14344038986610036,0.3712744428870689,0.4251042119365886,0.37762844609036805,-0.018465143452575855,-0.22241077391309783,0.367674861482214,-0.5877907738924596,0.41278690042029687,-0.30346283595968393,0.32750254036771004,0.4652314134348744,-0.08322646595840945,-0.031827742742130086,0.13971101882666664,0.42022054851942786,0.054481808136645195,-0.0818089109036866,0.8193303118479702,-0.09316021986806136,-0.007161917473968794,-0.21485526826879575,0.10206206571809383,0.5074389675323173,-0.14341496729169037,0.11135521711549888,-0.33449358237158877,0.471673600379564,0.5114929458685741,0.7657007896460357,-0.10838512702799259,0.46596086626340727,0.6343919511726084,0.25380565757484813,-0.4648040904605916,-0.047364966257804814,0.17506190744603176,-0.5508788673788857,0.16600207490288604,0.12493023387961481,-0.6084990168549144,0.40479969452884135,1.459384597300452,0.2849182543147173,0.014065907167681612,-0.3614967625850886,-0.5499890864208132,-0.8204688737691553,-0.9286079840964919,-0.5189053839987202,-0.2748368837594159,-0.5970313814098549,-0.7927280055598611,0.7156572597673906,1.0609951354134362,0.4101954043031555,0.412061801151803,0.13925666050881166,0.08982420111912127,-0.2090779801784925,0.24264817840926706,-1024.0,0.6148375197064903,-0.6755491015845136,0.7723221508725764,-0.6357698086193811,-0.34049170436084614,0.15706063257158817,0.006483623177341413,-0.8362683687521039,-0.8633785177674183,0.5686962520747415,-0.492939621836614,0.676786723532801,0.09639559729022856,0.9192916864422546,0.49412400805877116,-0.17165554710412026,0.06789136696292244,-0.6445790157804386,-0.07557930010630864,-0.6607677054079408,0.7136671294860203,0.06140117101075428,-0.4784303304194494,-0.37694463787139443,0.18567277390158188,0.9267351127877519,-0.9920685587088708,-0.08546063214068901,-0.420512434495541,-0.2693675880789256,1.3275707190175927,0.4337228415527489,-0.041927521843778605,0.5876867494922653,-0.4431651015033604,-0.6984231384691932,0.3542573199240275,0.1784802007209101,-0.3654448578706847,0.29112351759695365,-0.2729459014725028,0.12306549910172354,0.6313690596487377,0.21590162916766273,-0.52847188964101,0.601941967137465,-0.8162906861830809,0.0877174658876332,0.5510579816998957,-0.5107823556740851,0.34534700115957734,0.1621640835573556,-0.6457658891197343,1.0811921497828045,0.7860110560593487,-0.5192454755738295,-0.07463604287455967,0.8026004468876708,0.2879869483272518,-0.4437819315204893,0.05838060997100802,0.2513165544681962,0.0,GHD
182,1,1,0.38130900893972436,0.061167285923910956,0,1,0,1,0,1,0,0.4555372317961173,0.7563700779963617,0.08671851953664177,0.5411581616220652,0.9115666075008875,0.5773787042381797,0.2575249935595559,0.8300121457589502,0.4493385816315528,0.10458062372222383,1.1090781316321516,0.2875400003371561,0.6343657716619676,0.4126712152374155,0.5712755257480755,0.9168898709741621,0.8279422610812709,0.5777041186337964,0.42110012084676524,0.23322392268836495,0.054531246881369996,0.8651178424086681,0.33181483333859596,-0.09848121784060755,0.0021499186555357618,0.8228248702170878,0.12859123124731292,0.6364573378567581,0.47671117840732624,0.5333064723657152,0.13996851675105218,0.3836534559866651,0.40022163654641174,0.4976599468710817,-0.13907795947720414,0.2959190330113213,0.8355662117965421,0.5678390757789298,-0.8699702569464728,0.2597656350991513,0.4729512480101236,-0.2077857254771839,0.0992501224063264,1.1979882341357075,-0.192512847467598,0.5074737213430035,-0.35475192824246166,0.8456844692459908,-0.10985170255857976,-0.11746126945736067,0.2529845316649566,-0.3916919300284691,0.4222942996622509,0.8562892413666946,1.0043360340163228,-0.46835681401255386,0.4560750612166595,0.7009866120962644,-0.49718528452510496,1.1237250848273113,0.2597065353933949,0.5634718083110158,0.0025189669304995755,0.09423721728949037,0.7770781298377428,-1024.0,0.48789213188076563,-0.5539069463212011,0.7658545890151985,-0.17963649703679654,-0.031706766831728496,0.12894511605367892,0.006483623177341413,0.12653170408628353,-0.7787764497019082,0.4468983402583189,0.564600186641162,0.25549876328865617,0.05602043203047478,0.1826160669091043,-0.1210149311406962,0.5174940946949913,0.044870891066881274,0.5422012847681454,1.1453133872706682,-0.2804010183323862,0.4784966550937782,0.06140117101075428,0.7786514569087876,-0.26913810491193535,0.10839334013205212,0.7391876528829895,0.2266478509688022,-0.3223970514882039,0.8561668237249237,-0.23179664819496112,0.5108064657213223,0.6399985769529739,0.7909023314011606,0.5915408923574629,0.09017234431703632,0.27076756985580597,0.2958833385918531,0.9444703251626283,0.8597732816825394,0.22981217926634265,-0.34006565481846374,0.293047878009823,0.04681826165400272,0.05546137147387142,-0.1723825249196402,0.8165756006271615,-0.49526909534776997,0.048070369542198566,0.17756966631006582,-0.012311908987987846,0.9278553896977134,0.12432517220427675,0.967707341999818,0.6725482986938105,0.6339644487872013,0.36054193367220394,0.4440390306468531,0.2288016171458554,0.42932567247620257,0.13110518657566134,0.05240369171457833,0.18813376804894505,0.0,GHD
189,1,2,1.165314009877106,-6.301538014473382,0,1,0,1,0,0,0,0.44966111794738206,0.7822289294259924,-0.15798400037661442,0.20017488656391352,0.5983739385804598,0.7185610756804381,0.18488266265777675,0.623901500557413,0.8267344259444483,0.25135508749045843,0.9938505117632921,0.36315393743387836,0.5913728945787692,0.6074816088427855,0.721895989918993,0.7554652198374862,0.830334638984594,0.5503558930483897,0.6592289157858836,0.3297586099914908,0.055088251775166894,0.3490919511933337,0.5315070939770484,-0.11676973424194458,-0.2851324277718493,0.47486625687591455,0.025858494605649443,0.6812747630719381,0.10326380086574473,0.7629165494294197,-0.9178588221923261,0.372793933312896,0.46730425114356866,0.41488817123295996,-0.33511881854740005,0.46786074232711095,0.7689441869967443,0.619659748062342,-0.2279699054462469,0.5766779756002228,0.5638379994616762,-0.7166151900090176,-0.24455769688128878,0.23579299580649293,-1.1381138001507536,0.7360996832445357,0.008804326451496656,0.8562755381187139,-0.22918423915013517,-1.070092977148972,-0.07651910831099362,-0.12118704535814416,-0.19705586005240738,0.7941196710924318,0.6092462374608727,-0.380279283660789,-0.28828335940792527,0.5469892601626775,-0.7330934976478742,0.9159089575414318,0.31131907871935116,-0.09932374602946566,0.15881026682939633,0.10750675771842837,0.5852493353179887,-1024.0,0.34851094485143946,-1.268038651549613,0.5776364011031582,0.01988187781525849,0.3765989731981648,0.1561069313246263,0.006483623177341413,0.11241116913227465,-0.6773140572324421,0.4468983402583189,0.5088010820762143,0.5616311621727823,0.040411349458584704,0.012656738989267573,0.24484374599589245,0.37202880929704074,0.09858097378266036,0.19496161526304873,0.005385984514427893,0.16865578997655872,0.5956852851148848,0.06140117101075428,0.7853544054402556,-0.24657622993477094,0.12183162514639963,0.4836666664373716,-0.3448460171197274,-0.5527286747725781,-0.2249200642797492,-0.2582680397377581,0.8194281769145797,0.43491289930069515,0.4121123713135194,0.15895154080271554,0.09034589957209917,-0.479561612132497,0.27861038799818083,1.1465839092510042,0.4302956596509624,-0.4716985342594252,-0.8201665187241618,0.4578854388468392,0.9533042877059165,0.05243894156762122,0.2615943624557573,1.0247590662726267,-1.10829759056795,0.15233397868422163,0.10046909150026284,-0.1877018562893124,0.7379624384098952,0.08202663591987538,-0.13904835734745125,0.8025183323150774,0.9975195987532373,0.29753331313569775,0.42246907166596886,0.21818638944784413,0.4291302966021798,0.1298688963529652,-0.29642780700409477,0.24914476856565934,0.0,GHD
191,1,1,-0.169195673803423,0.6354835546577577,1,0,0,0,0,0,0,-0.017944308522457566,0.15459360164631494,0.009724708290600032,-0.03511207289244233,0.18180148284343187,0.22940566673605373,0.6033697560058008,-1.7782865588328725,-0.34190814634706124,1.247325845493405,0.7865034832465405,1.7333948137331696,0.8971302387079649,1.5498598658300007,-1.205691061623871,0.6764366732118109,1.72923686506371,1.5863079081223428,-0.2597571849333595,-2.1414052294619634,0.056074428779112354,-1.3998349648730855,-2.59877345063669,-1.0157880440390785,0.5511475320291889,0.24289381658732107,0.9961921674038884,-2.2528462033750807,0.03616063106099662,-1.0335964454838058,0.3607175685079413,-0.14154848160818614,0.2710772298606987,1.0413877438970485,0.30026987006703443,0.8228234108650795,-0.7444336936598803,-0.8283020446980214,2.125784883911622,-0.6684430984052846,0.5402750570214728,1.7344685497939998,0.43979714869699554,-0.8594179439451833,0.3161288495965642,-0.09827974359187883,1.1665677959920517,-0.7668308368663601,1.2720019842256645,0.35952769959156844,2.81930337296584,2.5484036609510285,-0.10118156115087548,1.8583062403055675,-0.5870886342671578,2.897259106327092,2.1448511484604205,1.3105233654349295,1.2190098518295007,-0.22260142207440062,-1.7981398254477798,0.7511035996449097,-0.024182396488359077,2.9389652158496933,0.6649526132593291,-1024.0,0.3286159866530527,0.8023098406818141,0.47550323355575036,2.6618935718241654,0.9718719751973187,0.1608408857014504,0.006483623177341413,2.975530311960385,0.7985640282087769,0.04827916664430776,0.9899787293200594,0.6987937941208175,0.29903688476536094,2.2187284074965787,1.7031366864153987,2.861703305900977,0.028595471516105565,2.769703140312617,0.5516838740519165,1.8504258236575668,-0.26287902772477284,0.06140117101075428,0.9630946621346536,3.4876338386458863,0.25147676145626535,1.0442861463771953,1.319507694796098,0.1572242308061941,1.5394339446573833,-1.1042068466007782,0.6680102312962379,0.5447784625439528,-0.38167492969887407,1.4597554692740484,3.0432705632090102,2.234346995663738,0.20129120363168362,-0.37494712634495975,1.0794201610808756,0.6379694880734315,0.8581134268055778,0.22736752928612405,-0.2890828706183455,0.14890498664080268,-0.866409649735258,0.739172541696937,0.2384221439950665,0.08192313735942998,1.6609068714515274,1.6897786556215426,1.4991320462528428,-0.11266005919735757,1.0851099700279223,1.0316481290907118,1.1340484201695613,2.314697822386116,-0.13294343556960067,1.8426613134678325,0.1318870749888539,2.9548424797460964,1.795332546244097,0.25994485223091995,1.0,GHD
192,1,0,0.37022519056269726,0.5607501392676558,0,1,0,1,1,1,0,1.002024867774919,1.2243181629822888,-0.27084011857841855,0.696611463404541,0.9403517318208816,-2.0784832975759286,0.5900285143182209,1.1164108441692626,1.8354277012812077,0.3200718173099037,1.364387447795218,0.42752131603569177,0.8820062609372171,0.5357245350625095,1.2041538453308447,1.3117245763765402,0.9114273397334167,0.7598585287571027,1.1648414485611456,0.932694203237085,0.055332276920845004,1.128656385270776,1.212161752505625,0.6189815735287473,-0.7666504483906588,0.5729190165630164,-0.28540280832968223,1.2772466310025972,0.35552795434824586,1.320334824335717,-1.1890097033262625,0.5605459515354907,0.6337297279490822,0.5942550224174322,-0.8596294012598071,0.28438491373847596,1.2798620036476158,1.1082269112812726,-1.1460779014946567,0.19592920485809773,0.9972564110387501,-0.941154020231222,-0.37477668634839645,0.2308981583465543,-1.4486664847329784,1.2033901267561995,-0.17236362943260128,0.9929734538588809,-0.6489524086353936,-1.6883692921387146,-0.5577470398220079,-0.8071477024832144,-0.024047456216153517,0.5967901727714554,0.7925820693483788,-0.5728401054734347,-0.6716856056426345,0.7023553407405309,-1.0792802713518195,0.9492753807710061,0.7701765406615655,0.08205341600397907,0.19678645416348553,-0.2173946422915477,1.0290626111358228,-1024.0,0.35675020978792343,-1.584204778723295,1.3678498146247582,-0.3949456002547314,-0.06969926553394058,0.1561069313246263,0.006483623177341413,-0.3714306008895829,-1.4642946984996277,0.548523194742726,0.6371773186427154,0.7798344035506363,0.1476001623041837,-0.18815359494591224,-0.14315713808960953,0.037176575148128194,0.21147543026447307,-0.06229070656473936,0.018432141490951053,-0.637626346837467,1.044473486357789,0.06140117101075428,0.4076788302723239,-0.35697883774418027,0.16216035268764875,1.1619138345657334,-0.13616080806544456,-0.33402425847227624,-0.5653997229082076,0.5744052091184079,0.9047985836880905,0.7748330652494384,1.406311765295711,0.47030984937232356,0.08284211043140867,-1.1876360991164596,0.35229773153041416,1.7055914944736736,0.6789851775033362,-0.37449530302472156,-1.377524676790369,0.44479446556622915,1.7509138601854568,0.13434182591171137,0.5728286392596648,1.107181560096807,-1.2557868311562526,0.20037351900840078,-0.5007039445421236,-0.5937131028958114,0.788774860719195,0.5166129658099655,-0.3188087707132171,1.1152927250549112,0.8456696462203604,0.4706339967124303,0.6116266972580197,0.28568101204123975,1.0397998091486413,0.12552516508239767,-0.7624438704526535,0.24914476856565934,0.0,GHD
195,1,0,-0.16009267266013524,-0.0014381189626762277,1,0,0,2,0,0,1,0.3074736154763017,0.489378685820881,0.10803319743290009,0.2730109130336624,0.4930332437916708,0.5210239758094554,0.18283682014442895,0.5228802248000514,0.3343564220067162,-0.04389352433111819,0.9409227721746891,-0.09925542697068014,0.4124055532859688,0.1306897936895178,0.33876490669501247,0.8532569225258659,0.44324500740370404,0.292778777321979,0.37144776100267823,0.33133226780043135,0.05449058849106889,0.7413339616395611,0.5728443764425196,0.5680060314802098,0.033621819680530886,0.3535064535213666,0.25237408758375884,0.5895610577725425,0.15066420262884156,0.2746126026655521,0.06410484947842898,0.4149789276352241,0.3776286659395934,0.8666774173962376,-0.07661850584744069,0.12850263891613226,0.5821178779382321,0.40286858707298906,-0.4052585772539978,0.5140402969550505,0.31544367961099945,-0.6449475747027845,0.1917895604480872,0.3697474872360295,-0.2503943886707161,0.40402510856888035,0.2792665600619823,0.6827768389519923,0.1124781511976022,-0.23469434676946377,-0.010939134851946255,-0.39298872819872105,-0.1937606937132298,0.4123163806271858,0.28086935339420394,-0.5473961124709682,-0.3392525469254845,0.8104501383368035,-0.1092606481155078,0.6403175313159227,0.5682739797184613,0.675719670147145,0.01860976279886812,-0.07122295141557994,0.5872436869064279,-1024.0,0.40995881998968325,-0.6400194411663932,0.5016119673565489,-0.40191276051241276,0.29904038226565927,0.1580108543737682,0.006483623177341413,-0.17911475093281626,-0.8202961336104191,0.5208540872926026,-0.340517414194979,0.2780524946551792,0.1995878788977334,0.16830518002981004,-0.22223274680689578,0.04434196362572297,0.052273810517294295,0.26035531325703265,0.1639048938860461,0.024433209877294557,0.5786568382075857,0.06140117101075428,0.06960807121118046,-0.32863706788265445,0.13652002094529359,0.4937928065582358,-0.3505525672970102,-0.18180194274246106,-0.0832740081215229,0.5306288774898444,0.8850804598540879,0.27225638928142976,0.35036475514185894,0.5020678117853908,-0.4367120279743895,-0.4067787648757533,0.31543248935257084,0.8164901561574336,0.09329980780275844,0.19881329120286767,-0.21315400024802145,0.42381469326831667,0.17378377509667672,0.12611282116583855,-0.3280954082157455,0.8863419743504414,-0.46312676935863695,0.06089766332656984,0.4250367971514999,-0.6067764992260772,0.47582400635614097,0.15530351023966937,-0.06754284007206304,0.7187152263502732,0.804407522568365,-0.4614260378536652,0.19641519012175768,0.12608743092053037,0.5069612978633319,-0.44056706983571053,0.2939300842928239,0.2534824214128262,0.0,GHD
196,1,0,-0.12942071023300422,0.07057519393095672,1,0,0,1,0,0,0,-0.5672116633110239,-0.22282894633138675,0.2251170249525378,-0.21811191933675164,0.24203379621664012,-0.14194005693318315,-0.29775375777757646,-1.6906300134445413,-1.1836880333993824,0.48321165514279407,0.39581132705469363,1.3721124645848863,0.11973142002907863,0.9268202945158356,-1.5641575511561097,0.03136575220081796,1.2430253966970846,0.9103139468811954,-0.9799911000314201,-2.6883457132474478,0.05725311381001796,-1.512592236547949,-2.6335346005310094,-1.152861344630738,0.5541239700327961,0.21445777467712435,0.8436247843622234,-2.3328764139782003,-0.21917709170741256,-1.124959790750114,1.4011833754142917,-0.4760462539287198,-0.16629230771988834,0.9985699813197619,0.5894203230526728,0.3537934198701604,-1.4014382457790253,-1.5210025019849407,1.795376995777254,-1.3770669593366507,-0.10358455008822096,1.1959007908743484,0.44901163979197783,-0.993570173487692,2.1062256319009998,-0.6480880048578217,0.26218861504447294,-1.26220512111333,1.1358347721611328,1.210803999106571,2.3260808616384754,1.8519242362283725,0.08141601509829784,1.4480170575811062,-0.7802942588157693,3.308790400195133,1.5422577071916446,0.8776465317823372,0.5417032106855232,-0.6924724073061672,-2.2074555830677696,1.1159166469829278,0.009977357294302294,2.8510341045319865,0.005778197749783628,-1024.0,0.05910941681035392,1.922356875010442,-0.18650095081578996,2.7951720360094003,0.2397278774154683,0.1608408857014504,0.006483623177341413,3.212496163456534,0.828992709847967,-1.5879364407390892,0.5888687132527538,0.056931574394609066,0.12005183462871212,1.4395537071125992,1.0892227802530556,2.5335026370214524,0.010042450287379982,2.16132196053222,0.2604638485841551,1.1237053774151458,-1.084195952965366,0.06140117101075428,0.3281904085865253,3.9198653041000533,0.22104606286303982,0.27147687742126947,1.7729471522605973,0.4740399675203514,1.2266442419507484,-1.0710853186821916,0.21485007863951566,-0.08418590524092721,-1.366240138865401,1.0927119685496667,3.18745607332032,1.9928426393714005,-0.5719842235081896,-0.781576729326181,0.7312478529190904,0.8613742376077261,1.2151175209840177,0.35636002701008757,-1.419498769759487,0.10142306105093646,-0.865933981628585,0.22195490664077894,1.8262886210125775,0.11901763251524156,1.616018807700284,0.9836401702837275,1.172077168218212,0.08709067529527205,1.3171689304220766,0.5743291368810587,0.7301111997757251,2.2730265586254603,-0.8884665487171608,0.7967481363983218,0.5023543457936411,2.973437231290685,2.0306584636708758,0.25994485223091995,0.0,GHD
197,1,1,0.20179650970393037,0.32295000710466204,1,0,0,2,1,0,1,0.6752751757219843,1.0073102272795356,-0.28940959336043637,0.8188226557677302,1.2251842391434487,0.7837271029922971,0.5263210666184808,0.811112260983426,0.9205816693307037,0.495511330335716,1.5006301231902535,0.602604505285892,0.9642548674095349,0.8621611097034639,1.0639383139455638,1.3251076064478755,1.0821984709698538,0.8156062510509972,0.7767550233972569,0.4478511341431041,0.05547519162500394,-0.07298888780457802,0.663957016589679,-0.6155349722725165,-0.14895790150920393,1.1287211404171023,0.29268954569903116,0.8370821988180877,0.7492366019283807,0.8965636666415561,-0.4906322519449071,0.1144800008004023,0.26720351574502105,0.7517584883626083,-0.23758894735886146,0.4291490288495398,1.4707909122442928,0.9061912976491124,-0.6825923694715638,0.5831339935805652,0.856792221719176,-0.689022098980433,-0.2741543485340998,0.29170846714778087,-0.7441608547333982,0.9332870026959706,-0.5096884073969199,0.8833194674707331,0.08784029883364047,-0.8294338829691269,0.025209208571906533,-0.22975485553153033,-0.13962171608344806,1.1791865799564318,0.6318146587896548,-0.45936883342317997,-0.3162290381063919,0.8536707150228677,-0.8454178773796976,0.9286908238641128,0.35822896821573114,0.5032456819026221,0.10018893541391283,-0.03235355800327628,1.0427243944546785,-1024.0,0.9390982875767981,-0.9837061840122309,1.6155608784503048,0.017102223594160724,0.3692631290363082,0.1608408857014504,0.006483623177341413,0.09847668545496303,0.33753243942508565,0.22646968476083165,1.1446957096814774,0.3235522241944312,0.16055452625860706,-0.21508563149171306,0.23564302942370652,0.30878442272835777,0.05746080673667279,0.47731945472228804,0.07330801907967519,0.1751498966425998,0.12348188897322951,0.06140117101075428,1.2091404121853597,-0.2883947172828663,0.06665434489276749,1.5574550917745995,-0.2870441035497507,-0.8304556697431784,-0.22566446946353655,-0.7692065394255392,1.1034489330030786,0.849354009871737,0.9518683314009809,0.9902347484144867,0.30732125640810853,-0.5468929118147496,0.20422173932093834,0.9653870403591259,0.4656824579916337,-0.565841042352506,-0.6099131221519484,0.0379064551948274,0.24907318874241346,-0.04112913679385324,0.046942036090265246,0.6479116747532842,-0.9358104795438615,0.12479630241735408,-0.09675932034253285,-0.3932740587365707,0.7284657042484394,0.29735860570913014,-0.004527650391923709,1.2819957266792283,0.567588805542246,0.8957142383767868,0.4526378887396564,-0.07226565285750654,0.7236718821915438,0.5786742292523867,0.31335709357048164,0.25994485223091995,0.0,GHD
198,0,0,0.5913666649742899,-0.07817781863892928,0,0,1,1,0,0,0,-0.026791566732411495,0.20223674760860796,-0.22941613056825275,0.05817071701335905,0.3501275146366666,0.5258944666462858,-0.3184849571434926,0.26356830451872143,0.4299311327308018,-0.4437075084698272,0.6353433802614343,-0.2866364659116832,-0.07794787449391408,-0.238676128764555,0.18808564958731538,0.4484874708374712,0.2971515901630995,0.0861810244114569,0.2617872441149618,0.309034359652755,0.05538366688994819,0.13602515933372575,0.5508379493593925,-0.3917915450162277,-0.07295467584953463,0.2940275174731759,0.12253165339841073,0.5413366676435832,0.020358836993793764,0.3085348173196858,-0.1794673161595744,0.0930609224184812,0.15218207559263142,0.30774848719582637,-0.11316618686793663,0.1843378030964746,0.3041223164010102,0.23395326456898186,-1.173477753988099,-0.3680211269061085,0.09673223483185682,-1.4551728158901638,-0.1718021987994119,-0.4289633842238899,-0.43961430857408773,0.16213023042182423,-0.93983994973802,0.5653335278606019,-0.09556242608090677,-0.5180820156164925,-0.3770856672304451,-1.0025612933269252,-0.15957932115604753,0.10420305485563826,0.16171323096200357,-0.559029996570615,-1.131527518670258,0.29001295736018373,-0.9975229049934374,0.7571140246507205,0.40573483606928384,0.3276709023826372,0.056602249314744175,-0.07652732778834669,0.2910848581307656,-1024.0,0.06545289333213,-0.7923000788321122,0.0802796223542057,-0.3941343769724704,-0.763517761450293,0.14035357536669751,0.006483623177341413,-0.2623645423416951,0.4112290317573591,0.1868414639777017,-0.27337121615027293,0.04372580489963742,0.00038066186447389077,-0.5839162798850556,-0.2331120242530415,0.12861614197726173,0.043329782732141414,-0.31453723185994725,-0.7898727056656143,-1.0838572578329535,-0.003925629654624478,0.06140117101075428,-0.3053195931149307,-0.3423386665911324,0.04280671936094647,-0.10009470408404668,-0.31683863352764496,-0.7831200345530872,-1.201353842777598,-0.5074401442582257,0.46681588286544207,-0.03736121399403364,0.7371170253696844,0.012628230293159967,-0.43383819453104794,-1.2451431618543503,0.20472087804304648,0.23380457700347948,-0.05012431825410582,-0.4141250959526881,-0.5276376694969365,0.055100232478443895,-0.018826319601307193,-0.04932690176230398,-0.21293801511706756,-0.17470488579926324,-0.39770313815017194,0.08924822497427042,-0.4279134405453797,-0.830491671614617,0.5710665334876743,0.05210546591288582,-0.9335354372541367,0.0275029135256204,-0.2214775968780444,-0.4167822883164365,0.30975944807340966,-0.47989034241465656,-0.03607076645272725,-0.44117505719238087,0.09266880217975439,0.21356177002172594,1.0,GHD
200,0,1,-0.0728182074898806,-0.1684169414690763,0,1,0,2,0,0,1,0.7922605714931814,0.8700598995763467,0.2409050636571577,0.9006881429385841,0.9829731373571547,0.840890402286951,0.7006425984237679,0.8658413891875028,1.1020962180782083,0.3055762292987925,1.1011122840522591,0.14510518180414192,0.8423864656130033,0.37612543700054374,0.9653771973908484,1.1680020398376973,0.6134550471516544,0.583541756319776,0.7525076454554936,0.9278335989022886,0.054100211052328276,1.1132569963633623,1.0372704715912973,1.0706847869450908,0.11843097005649249,0.8880628218482431,0.13411608392141436,0.9605848660672409,0.8144797420239751,0.6871989497103349,0.3475095391273217,0.3953406307239475,0.31600356392067647,0.6794028063456321,0.14113079977612436,0.010973498706729002,1.5398075329618155,0.8634045661023433,-0.8775229784390953,0.020802197156086763,0.7469137770436944,-1.1009337742807364,0.23132083170979956,0.24342179796850624,-0.181670560532503,0.8154209476586445,0.22195514249236106,0.9783160196435404,-0.05100411058183289,0.16853353861111012,-0.535680569733935,-0.4988731682403789,-0.055682463597564555,0.06927746897205754,0.21050465190232684,-0.5896511453964693,-0.5546744705503431,0.9446521243344936,-0.18485681061328213,0.5888343291236592,1.0027991330252417,0.9251608683722046,-0.03969801876740803,-0.30963353679185485,0.9512536418078347,-1024.0,0.8789030118305251,-0.4522438040815022,1.7715284085776883,-0.4080817897331997,-0.27623831177883,0.1608408857014504,0.006483623177341413,-0.5619494710943399,-0.15069535099271836,0.5208540872926026,-0.21651780580325053,0.17484532729234922,0.1432742153845209,0.41964319683137424,-0.41086088012775096,-0.02291916797790867,0.0442374753601013,-0.3472470441989417,0.0256048138284086,-0.6458400243332286,0.5081170799457964,0.06140117101075428,0.11676563209862545,-0.37322460375352273,0.13652002094529359,1.6703232869061984,-0.22033897975274855,-0.14070391556477227,-0.393802541036562,1.1075343065776067,1.088026056822012,0.6816478433618313,0.8755720758013439,1.0573579954899774,-0.43237169444695117,-0.874311976931898,0.33269034689925236,1.3914582419223014,0.0367557152199056,0.20305420033709268,-0.040502316105506676,0.3996004259307245,0.12617730194675128,0.0865340429954082,-0.1606161278983076,1.0767187382003287,-0.48454753699040126,0.0008685765541366662,0.24407733270548965,-0.03842115555421297,0.42294688389103424,0.4605681118722175,-0.2740509971111902,1.3032786740350129,0.7982080839921505,-0.34929322817688413,0.3726220937992117,0.4353940273828405,1.0553468226147378,-0.44236635409772856,0.3684029783021565,0.25994485223091995,1.0,GHD
202,0,1,-0.10270720060444848,0.3197933223937519,1,0,0,0,0,0,1,0.07451924643270315,0.2085788517741836,0.3621680370434604,0.32434146476354303,0.5003418893638328,0.44398433285941136,0.2107658029662693,-0.07986155437945834,0.33494391277199215,-0.03860804370253668,0.7163039697032788,-0.1265698907757208,0.39922857070175705,0.09741187501345486,-0.6519038606243931,0.6459167971906387,0.36581063441282985,0.24843808114031019,-0.14860243118488592,-0.03953950282205011,0.05709696871466423,-0.09440190487855553,0.15393632688998804,-0.17774090196433284,0.6043413299642523,0.554033886170934,0.26141902648645665,0.056810212009170975,0.38655682101394195,-0.462467901110066,0.74490829871808,-0.19236100243302737,-0.19038652067078699,0.9758977788713336,0.8940276571585278,-0.19581488377219383,-0.20361693634987166,0.038695336721599166,0.11099636160649948,0.4038694357284049,-0.023142723816105455,0.04556537933218161,0.37012758655319944,-0.10015806321078811,1.0474048979939337,-0.06477505683619397,0.3323088147036739,-0.22470317826377764,0.28052116811872785,0.8712071592365652,0.8232440577880538,0.1940219839098942,-0.26763084159995937,0.34842084744835694,0.369247556869753,-0.39719165430075665,0.013626859568189438,1.095468777651412,0.5107807077235621,0.13378223335422793,-0.24450821289821525,0.45561052139201264,0.11668117128913728,0.346100837891611,0.5157309458701878,-1024.0,0.5616817286673651,1.169833820070789,0.15521383379294243,-0.4088707299328632,0.2713289388679442,0.1561069313246263,0.006483623177341413,0.18600454834843239,0.8350038506824811,-1.4362112282526303,0.31925666578616385,-0.2466878701522281,0.11452257309836676,0.5238619840417069,-0.0667724164629745,0.3129647125187078,0.015332049306692502,0.9592874442611429,-0.21913022368834786,0.4140428626263005,-0.7452219382847083,0.06140117101075428,0.1950264049268374,-0.24408054474546884,0.1660325766585142,0.5499185829145583,-0.4291206090591448,0.34950030041574964,0.04704784730200298,-0.2651495512717796,0.5898753046176566,0.14920455245377726,-0.30663989720862317,0.9327295235978857,0.0866140225341296,0.17334629183018754,-0.23555806822320138,-0.4664320662705551,0.4800065934036608,0.4346994028824632,1.0506086824045826,0.278122888777546,-0.7443170967223686,0.16104112255622105,-0.8476502549553446,0.046604467714458565,1.337876832423236,0.08661529145205943,0.965915573480012,0.26550031279165753,0.061975350903049085,0.08440668450934995,-0.08454766531200707,0.7144698703479877,0.4473516479462417,0.15272111483751258,-0.22490718451817057,0.14739012765384402,0.3415909381270943,0.12930690996170258,0.9550407170956605,0.24914476856565934,0.0,GHD
203,0,1,-0.11513322395280448,-0.3411281636676385,1,0,0,1,0,0,1,-1.06202624546148,-1.0601457841112663,-0.3840444421653938,-1.9808981868528048,-1.9859692476569897,-2.0784832975759286,-1.614286435838319,-0.09987518043244313,-0.5509820388087752,-1.6391630527585317,-1.4342435907089153,-1.3649306617783508,-1.7640121185703448,-1.7352686635074808,-0.12775971419867144,-1.6349771891523528,-1.3250736677848305,-1.3889781923697406,0.0013539277944537133,-0.23974799026585372,0.05547656086335363,-0.1224137342368138,0.25956364257206915,-0.015317608591255591,-0.730867476897027,-2.5407888320273266,-0.3907016566157589,-0.047775461769378,-2.52030633550649,-0.3334017453971932,-1.9258662749270925,0.5530683796774761,0.609120581769749,-0.38114946573948544,-0.8217150009993949,0.4330580948176768,0.09880345266286496,-0.846505991978112,-1.1693532875880588,-0.7348193527896183,-0.9958492536889348,-1.0600534937669617,-0.5214468583500722,-0.017441619969380998,-1.5570335932012547,-0.5088549573864599,0.021981017770114318,0.2987625987558836,-0.6617404021083743,-2.7474057976722266,-1.203390576207133,-1.5039265411749418,-1.1639012052939484,-1.100515539400191,-1.5336751025648272,-0.5956958059988927,-1.325534174814073,-0.640052279915738,-0.781772571469773,-0.5303994592765316,-0.612616992366377,-1.242037742665122,0.2514089735776159,-0.8053985163518683,-1.7069453567577777,-1024.0,-1.1257096914834568,-1.8001038495947215,-0.11988493219963389,-0.8802694261659907,-1.1532319114579745,0.08066621955525118,0.006483623177341413,-0.312618291522704,-1.1561933544820995,0.5537167971769984,-0.6253285779209903,0.7978648161720457,-0.027502164284811295,-0.2880815474035847,0.2580822950503258,-0.8473090389203505,0.20309928592934476,-1.5457446512685011,-0.28338013859415195,-1.3608488048770948,0.9938661320083418,0.06309640345264662,-1.5678309804487125,-0.3601562595142854,0.18057310939296195,-0.17116026438516516,-1.1701054326964075,-0.39295601384263307,-0.5855908746186669,-0.19797740076461115,-0.3872048029468771,-2.0790920853518133,-0.2506345673839424,-0.6343714453216245,-0.4337177511528519,-0.9686556593435446,0.3414198863199819,0.10614019975866508,-1.8781671259907713,-1.2639539809535563,-1.5523813490579768,0.5561894422926056,1.6482072084414758,0.1798091810964592,-0.4969797731379537,0.1433012067029761,-1.0328159973318225,0.24510104253262485,-0.4237377754834058,-1.6377375860609733,-0.73287514031239,-0.04826965640826025,-1.606721787787914,0.1319926919931089,0.2236193706093907,-0.6507733875896007,-0.11717112183908103,0.14303607095959847,-0.34888543281173195,-0.4510084285084727,-1.5180412196254591,0.10386584674283418,1.0,GHD
207,0,0,0.3676168871364145,0.2561809441950157,0,1,0,1,0,0,0,0.3215150668329134,0.38000246726597753,0.057141760998807474,0.40154528357425745,0.47012526530401394,0.611436713103047,0.17770558821690824,0.7437715053611309,0.5856995370933432,-0.3219669020319911,0.7739912509965732,-0.3405906726708667,0.25405956259822915,-0.306307291730928,0.31603190553717014,0.8044236575160025,0.16313875450579718,0.12507364796941797,0.42805008100945713,0.6732545708513613,0.05460279173359889,0.9443458453901205,1.1314776286559147,0.3497596416019854,0.11947716794488468,0.39861357790088026,0.24129392849930223,0.7789963132246317,0.3366487154458075,0.39962914094131996,0.007783730607915124,0.3527375284791332,0.28087912278313437,0.543750547988351,-0.04983860828640739,0.01754677581914529,0.38201643704055677,0.43988891122264634,-1.3472999259930794,-0.2511994191689438,0.2581512550763125,-1.5827621031424761,0.21683325449635849,0.36468706350625163,-0.07046389637757612,0.32905709288669516,-0.03724575142264657,0.6828107684199064,0.11871427258034516,-0.24342116790686896,-0.880956574482323,-1.265110005108993,-0.7475361373351163,-0.1688644420960494,0.2734085273478634,-0.6126665346869484,-0.9132237514083013,0.5481481142353596,-0.29594485742227966,0.0491252834961105,0.5984173115292154,0.39329668884301067,0.020249646141033667,-0.47139240865534143,0.4180524522154135,-1024.0,0.3368479783099307,-0.45473175306610536,0.18205453647214512,-0.6036149608644787,-0.5906406771162566,0.05054792030249567,0.006483623177341413,-0.5828327877911073,0.4291294470361399,0.4620247369016002,-0.19419075153877255,-0.020698212743360134,0.10669286735098236,0.031091864766634638,-0.5712438307840655,-0.33425007543160495,0.0390859947863035,-0.37323232370287696,0.16877730234198085,-1.0929533517993788,0.38498856012149185,0.06140117101075428,-0.8216813511244315,-0.37245535450169787,0.09971960963889062,0.027301262749617562,-0.8314176781438881,-0.24649311909937846,-0.397691989643041,0.30318318896497326,0.5095366960318655,0.16032495642231182,1.047608517023366,0.05627944249581752,-0.4336741868282729,-1.0477502427594776,0.29949277632529897,0.5361175113837365,0.0961343915212652,0.13257421121257898,-0.19269706043527954,0.6239392690436651,-0.14313710671562851,0.061390153503308516,-0.1155262585178876,0.1573271489642046,-0.12369868252430803,0.053716637733508904,-0.4094999574824224,-1.2443911908819751,-0.15089262479040413,-0.22560640007444324,-0.8900052761426345,0.34391124037845205,-0.15197043074470395,-0.326108311011116,0.40554365380679275,-0.014455761720801024,-0.37400441723321876,-0.44307804567250025,-0.0431621942454983,0.021009305336535066,0.0,GHD
208,1,0,0.08155837395709661,0.24438798192045616,0,1,0,0,0,0,0,0.08448643926366098,0.3403204143320586,-0.022523157672020774,-0.17415220611864035,0.1361856176000541,-2.0784832975759286,-0.20987644976583278,0.2678913899312851,0.7682018868299719,-0.39041656478553866,0.7781939912911051,-0.040126930801575734,0.07144754593714883,-0.15750453312365925,0.30026398736255633,0.5823286552060727,0.27546462902667346,0.04439348009239126,0.3586635849626489,0.07921656585511767,0.05479524999485487,0.5330846604781878,0.3127179221671396,-0.2356966756678884,-0.10358119754292126,0.10238319391957856,0.18935688278593782,0.4958617568288809,-0.18961432696074307,0.3221041978220467,-0.70406072720868,0.40739420727896847,0.48732289647068056,0.7115680705113008,-0.2696221820536313,0.44108676353331105,0.5538936914874232,0.21986515384603797,-1.043688818287966,-0.09320404207603322,0.10620796483108377,-0.502920312198145,-0.019122163809969207,0.0656568806308395,-0.8189971478120399,0.32794160870389116,-0.3253337154446883,0.4122834015063195,-0.014783049607689148,-0.6307246442723666,0.1946853610080862,-0.762180918627442,-0.17611757911023546,0.5484399685118415,0.1844883430280653,-0.5178649571063002,-0.2662361426109454,0.7196206229866547,-0.6652041989297794,0.19986224818992804,-0.0688090892423556,0.1593388658320101,0.12588845640300225,-0.2561138782721555,0.28330058728919694,-1024.0,-0.1089070265970875,-0.9084998104709389,0.5236099778148495,-0.3806051507147712,-0.43682452863443844,0.137291113631695,0.006483623177341413,0.11915245368530387,-0.9615490693436927,0.47631033287118163,0.49460584828669274,0.5079422544427652,0.1439973004473802,0.08181755602832815,0.2031349907407793,-0.18142926204603935,0.06394134457270222,0.24759825803036506,-0.15557140756059545,-0.6387727071231765,0.5915547207101229,0.06140117101075428,0.3588541108696868,-0.2829211417175436,0.12438158203134565,0.6116062381655878,-0.3390762035402941,-0.3388910005504712,-0.22908386936739594,-0.4132421365269663,0.24727098002026524,-0.14648302122233753,0.682404370512096,0.5213152634581775,0.09005504210177714,-0.35272803069421776,0.3031403936541171,-0.005833671547028281,0.0019521040247146224,-0.0016094505943226973,-0.5047901178068176,0.3919906170245237,0.5188554205449878,0.06977171219326572,-0.42489011866686793,-0.07364294378642149,-0.7535429556866463,0.10708300779849347,-0.25816837918725355,-0.8179113113979679,-0.0627815367066396,0.15279617612361018,-0.27162829989179665,0.6997296707883645,0.020634544864482292,0.28212359403522375,0.36524482631394645,0.17291912614721194,0.03271441991735008,0.12881707683171484,0.1868350828642103,0.20670789480161036,0.0,GHD
209,0,1,-0.16737206333002888,-0.4837652720669234,1,0,0,1,1,0,0,0.4289350175101284,0.5936875178974045,0.2936281267404636,0.5356934588640101,0.7363084670834551,0.5396749730988974,0.31726525128311256,0.3978164328956221,0.3714543767881765,0.07726937894841047,0.9180253574047974,-0.012749756731380076,0.536433433292381,0.23849758979568406,0.2805534035396759,0.8531295994473163,0.6466302059175458,0.5197645923470007,0.3243865666192833,0.37496436281693485,0.05408750873194041,0.6785938237414081,0.6177733507948928,0.5109343865765733,0.38101674372852423,0.7280290962875013,0.3434545239588621,0.5495078810365753,0.5395598314202937,0.20684387980224445,0.477748279043228,0.3391280491596727,0.15713716669425604,0.5958375877725816,0.3495520007582404,-0.07875254211814398,0.5703188464064437,0.46489376977512487,-0.7244000444877489,0.24713886998044696,0.31694808186179146,-0.845863938691474,0.3807350434574913,0.012088715082212825,0.305877790585339,0.33305403869916544,-0.2739116171886431,0.6230444694094548,0.2386552900648368,0.5136851682529245,0.05309052467071766,-0.4242749088392212,-0.0609990341350202,0.43956521813183325,0.7566798822935309,-0.5550557223953858,-0.533283638322016,0.8240312986455101,-0.15717689700557963,0.6960119866026805,0.28949033531773233,0.7449090066532889,-0.05460388870222698,0.2462228087869241,0.7342874938282362,-1024.0,0.5763346816752634,0.2119230315587355,0.5062575031230432,-0.4066668059461705,-0.03392124620803289,0.1393367305305898,0.006483623177341413,-0.149033840429856,0.721661799044611,0.5266312872007106,0.5652257576193178,-0.05757448231016388,0.10230937307981036,0.03108021210374183,-0.3561113773674317,0.3892215405201795,0.02884471346824648,0.3844346209089374,-0.28609934428330425,-0.2835474828748023,0.2599667392843393,0.06140117101075428,0.16222374865123662,-0.3364797879521928,0.16018535594248598,0.5620809150499487,-0.19956596877268548,0.04372922900687714,-0.5734387902033887,0.46541374359311777,0.6276564564179237,0.43741976805846405,0.7294285751307886,0.6084919986277618,-0.1297521601141982,-0.7144872955055966,0.3196483869296654,0.4240948660171642,0.6177733434187984,0.3482566978703303,0.356798097548867,0.3375357569180385,-0.17794913377006996,0.15324647266672958,-0.44526550635963924,0.510284378073886,0.2777931674695701,-0.04424443459726798,0.4197374913680117,-0.31667524735000274,0.48900176510908316,0.2117927497375192,-0.2378016720795588,0.7128350785877301,0.47170729016637825,0.38872789477730435,0.3462656780191703,-0.06648374613053953,0.4492970310745734,0.12633628079487513,0.6494507368942473,0.21128375720068582,1.0,GHD
210,1,0,-0.007437874226884764,-0.8347215985805739,1,0,0,1,0,0,0,0.10248421859448444,0.40657780360419327,-0.3178395628151869,0.19278847076753808,0.5761981626569169,0.5214172515371311,0.03080750628854851,0.3999710343344176,0.35054491034761687,-0.31260156761356545,1.0564765142280534,0.10154970713007137,0.4025278368911489,-0.02166988552242478,0.3580207523145554,0.8368341255567037,0.31835586095159735,0.0436939418350793,0.2794103251625712,0.2200373503249956,0.055430305517438584,0.17465334552121145,0.3757162185040735,-0.46648581585284,-0.11160767772083506,0.4497590563663076,0.29612618425964016,0.5893914305736304,0.09220099235068324,0.34939519784872985,-0.545877076069441,0.1727202040823111,0.27521918142571955,0.7760149791405035,-0.31471662301823833,0.40973389277896194,0.552965748755128,0.33702295369973484,-1.1170717525276117,0.2965662228759047,0.2133414299602917,-0.224478778052845,-0.16874657259154366,0.2404976103235292,-0.4317522962779404,0.31596699778839665,-0.10492813505625653,0.6768877302590596,0.17727089317354475,-1.050574300890143,0.21232039359208146,-0.45258265658893343,-0.14441125255675105,0.42715072606486343,0.5903520694044384,-0.4560438190078219,-0.1814070448283661,0.9749388232744811,-0.37350924890379866,0.6171885018899617,0.03818031288725082,0.887518635659612,0.10817875197123465,-0.3347126148016543,0.44090427273213906,-1024.0,-0.03105639260669279,-0.891542334077067,0.48777018698969093,-0.17424835269182515,0.01046312877626843,0.10799171577053032,0.006483623177341413,0.08879685058966877,0.32269080956349117,0.2763822600103267,0.5746602127968677,0.20990565319559848,0.14228859771035504,-0.12803436518658723,0.09668827653813004,0.06662679224345101,0.05121380559758808,0.29028414159044486,-0.01872825822460117,-0.27654335111617334,0.17957777680529863,0.06140117101075428,0.47303411868730094,-0.28707454908205576,0.05518350778971143,0.48432817593693667,-0.27562844628060573,-0.7365936329217343,-0.24764547371711884,-0.6101548636139166,0.15870018209865908,0.3125609312884246,0.8692587229313162,0.4361539513807953,0.08735787715681843,-0.43008377024187316,0.23323704409460785,0.6574867502214468,0.4052580002348891,-0.34408419287621317,-0.5906891112649459,0.17264108325762173,0.03746357927694279,-0.013149527994398646,-0.3307434188685076,0.7211198708064668,-0.38300158369850235,0.13879909396085865,0.28650024951661335,-0.4270489234639063,0.3751668154415451,-0.026629043301661638,0.011849677508718317,0.8010050976350046,0.611940352248695,0.3806571599578043,0.4536997819982048,-0.19321695167638023,0.27054820663125195,0.12765617880632726,0.10802123820540514,0.14217166768742467,1.0,GHD
211,0,2,0.8233899023721261,-0.6075175278109994,1,0,0,2,1,0,1,-2.158078011050712,-2.0086183128902455,-0.24120261132046847,-1.758124753784532,-1.5020580570996687,-2.0784832975759286,-2.098193005601605,-2.189812758645574,-2.174346881618169,-1.8636484800189994,-1.21237264589924,-1.8844592713361992,-2.065484346903696,-1.7655404910755137,-1.4452557947215423,-1.6092486714658716,-1.6174525944522076,-1.8713288986879382,-2.2433257887415556,-1.401426766038397,0.05806696930491493,-1.5580373591923375,-1.2319106627522707,-1.2560213706690355,-0.28270693903696714,-1.7013265046757207,-0.8139283969992729,-2.165387188909643,-1.9385369687086054,-2.055833055822853,-1.330594467044906,-2.298223964544218,-1.400888591529464,1.5338351921501578,-0.4077007010858626,-1.228862808782259,-0.9362251820803321,-2.1710203050577346,0.6257552025044166,-2.648814628418367,-2.0413716836156426,0.4844424925249564,-0.5319042142476677,-2.348697130486318,-0.5270840847613398,-2.289434170101517,-0.30505927553333007,-2.5719320708028914,0.7517953668449359,-0.46621758622255405,0.2232502323400985,-0.5174619181446981,-2.527582730719055,-1.7064105087162948,-2.308880881430948,-0.24139097427593306,-0.5825013757335921,0.6015117693858506,0.6545093362407398,-2.181446779083317,-1.4054990493557074,-1.5892713477149194,0.3555303303681899,0.8753391446723864,-2.102703554383558,-1024.0,-1.514280860203727,0.6055590031854922,0.3792317763633682,-0.9182058068925167,-1.6823228709125209,-0.14441418628782834,0.006483623177341413,0.11062205668798279,-1.207252368414337,-1.8454466025308136,-2.9664998608725743,-1.6567034988802274,-2.0599907283790344,-0.2466201687346728,-0.9470161310542967,-0.3781371031003289,0.005491004039261169,-0.8163431378596735,-1.5301266818988053,-0.9482040090171769,-2.089645126667621,0.061787581437572466,-1.8014875438090836,-0.36214244373781806,0.014708538156724538,0.4936561860096601,-1.6996167504455706,0.7649700992065432,-0.7423982637054962,-0.9443034304887024,-1.0855171880100414,-2.031902307439026,-2.0442310273523465,1.3009782109973265,-0.7197920289844321,0.2387448957030969,-3.196358357527938,-1.6028822515406242,-1.7822857951483286,-0.7021799728434414,0.44107995842276804,0.5776077070708729,-2.1268386000384516,-1.6242766952036967,-0.8633643579426128,-1.7624671019156746,0.1165403066275238,0.3442924997120283,-0.11345957494395674,-0.9880217894133996,-1.2685516389718263,-1.2618651051570913,-1.7804291088305382,0.009181180751880747,-1.5104099662459844,-2.078595686086575,-3.6849895975648295,-0.7551063461740644,-1.4204163250389408,-1.1605063833174118,0.02848251650308612,-0.33616216986566627,0.0,GHD
212,1,2,1.1976179054780665,0.07048316733686352,0,1,0,2,1,0,1,-0.9030202188398785,-0.7607555640356777,-0.0962363702047349,-0.9930966512597986,-0.7950710308460678,-2.0784832975759286,-1.1243592513077687,-0.6685632842320134,-0.44289347615282015,-1.184057497463173,-0.3814568248093092,-1.084377593894299,-1.0456110865360884,-1.095524645387632,-1.2095456587347635,-0.6215441764656202,-0.5156304975691401,-0.6942685780385233,-0.5917113603877593,-0.23558222349735342,0.05659951045721387,-0.8722093529063073,0.14216913948452678,-0.7518337955465524,0.22903001821623775,-0.6882779043805173,0.10785808809780449,-0.3609624046397689,-0.8797366852196107,-0.8594477962593506,-0.33529465037796885,-0.3337837491887588,-0.4339265822254059,0.5115055142336543,0.37044064374434327,-0.2419608953545215,-1.1892773867929431,-0.7587511012202861,-0.8742787808930512,-1.085045329503404,-0.95940638889169,-0.7789388408007792,-0.05096538031454917,-0.9556082803750023,-0.1390613587460561,-0.7354210014149325,-0.9175736845401218,-0.2996046912315477,0.4650183245917038,-0.3895439741890991,-0.19728431099130106,-0.9412485142007132,-0.919805235286897,-0.9338272579839023,-0.908359479781107,-0.5664724746342429,-1.0928405757351012,0.4017864027731076,-0.5734203204737585,-0.2443753207520763,-0.5486064174921519,-0.39630088315386935,0.14030057435346766,0.14040783006624594,-0.7395932226082219,-1024.0,-0.8107720176591969,-0.11130072769568158,-0.9274559776765002,-0.904918358465481,-1.4794085406335915,-0.20118100254466023,-0.08588077279578017,-0.09460194577367115,0.7066385981580671,-1.3008095121980474,-0.41130275904702635,-0.6048613699248836,0.16965913440091338,-0.08825099055763072,-0.3042126104351479,0.05084049782078593,0.031039320126969083,-0.7824527354134895,-1.3325556529522251,-1.3691689743335047,-0.8710050228475646,0.06737879340093479,-1.153042860830132,-0.3496790763584995,0.0536517844189873,-0.6487882824132669,-1.00964132217017,-0.1354860759755145,-1.202207155975962,-0.8123192889637139,-0.5441569118861028,-1.0940712122650287,-0.3769449156282212,0.06565693299300178,-0.44557702397752585,-0.8175055727287397,-0.16221339927269687,-0.5574001356278105,-1.2080131084100276,-0.5937114267010968,0.3112334720990568,0.5213759683237826,-0.32869916842609537,-0.024291946479901582,-0.8423340935583105,0.03928674213677568,0.4002974683227904,0.10103355455422959,0.8313242115236098,-0.4306849907957711,-0.3784184649646167,-0.478372652393865,-1.1809612911642478,0.07499047257724234,0.3107439739499626,-0.49662087304642544,-0.13258464376769527,-0.3818245755835194,-0.5117145415260392,-0.44434270112677926,-0.7996747456872818,-0.33814215780724577,0.0,GHD
213,1,2,-0.18016913671299417,-0.578027902283315,0,1,0,2,0,0,0,-0.0809098524602964,0.12368484908711397,-0.12530196444565592,-0.39637588254965556,-0.1485061569809065,0.46297840829580644,-0.5193663572086681,0.1913612113072022,0.2882640209233527,-0.3261961534990394,0.5890165569862891,-0.03478843261392711,-0.3324578667440303,-0.13348736736146713,-0.2828060798591325,0.42120999321073604,0.457377685527577,0.2683582653901093,0.28741655246672326,-0.13630685861537278,0.05512175451741718,-0.6737083335770359,0.16460994053294226,-0.6397974612730295,-0.09603417190493733,-0.13333939632436326,0.18988777172509405,0.2539501176021416,-0.3682113061592677,0.33347723275846386,-0.8595339412233167,0.26247365929642036,0.45429597527419124,0.4915034283481861,-0.1757106037691161,0.6533896072201683,-0.278638531331294,0.0892484948659452,-0.8823099997999422,-0.2992105392965793,0.0561149784955239,-1.5454675479219877,-0.20049246097261775,-0.46032534655398716,-0.9788416532316891,0.39068787444533687,-1.3037829444129287,-0.0060259293907843434,0.19138063772530278,-0.7943473763274651,-0.20541152492473597,-0.5471711469324297,-0.33522573024107233,0.7180430382440729,0.0007780527833100896,-0.4663354102921746,-1.1540550481302312,0.6424796658564519,-1.3526585329030045,0.152152377640518,-0.40903380330552336,-0.1492008419909692,0.1449259601894185,0.21422207065082252,0.2828200347033701,-1024.0,0.030883228422026055,-0.9934406774794868,-0.016163200877612707,-0.3732986098228329,-0.5641050574025968,0.10101332128852675,0.006483623177341413,0.3975247670221884,0.22198638539341956,0.39531100614218245,0.8868558036428928,0.6270625260436997,0.13225074095033743,-0.43251504055532786,0.6514202396802563,0.22385684052201146,0.06834543977795485,-0.08807851452289327,-0.8394751250294872,-0.44637070228044917,0.40961946794375836,0.06140117101075428,0.4421667096945064,-0.16707739632793242,0.12688906549947146,0.3050774389903587,-0.45707296224428146,-0.5199736268348719,-0.9576146940411369,-0.8538722685082493,0.7373564008570909,-0.3442206095615511,0.8780403601790279,0.5252841987064382,0.32220156336963596,-0.9803127085577488,0.26520157003728667,-0.41763056081897215,-0.1690413802758689,-0.4639884927482922,-0.4331369479086893,0.17927567893550347,0.6803990580989394,0.05263593439074699,-0.7553157359454655,-0.4042351768072701,-0.8843171801613977,0.12430282597844432,-0.3881760288521573,-0.5626015280550232,0.06779473186199525,0.086606033222972,-1.3110904249493136,0.3783759276765463,-0.2751029359790287,0.6818838298356742,0.11972633813319958,-0.5043868935784185,-0.24565588871075555,0.5808958306474993,-0.2716110712344195,0.12707573128035438,0.0,GHD
215,1,0,0.20876794611622418,1.2189612837225987,1,0,0,2,0,0,0,-0.11657097273221258,0.16224438110762526,0.20792163986503093,-0.08603667406788755,0.26878938481497333,0.3587969843317104,-0.22886800357010015,-0.22045279128786818,0.05412307156822533,-0.3539039481384201,0.6389253540102787,-0.028347074443758235,0.09021801007902025,-0.0824654114189948,-0.728856904764643,0.3936418496075843,0.3085880432802007,0.04738742221970178,-0.1438002422889515,-0.33222051507496886,0.055213312399789265,-0.3098176354086416,-0.2651844171394882,-0.28941203401498444,0.5285123986995418,0.34346426163962895,0.4963882895570512,-0.0026658030563750097,0.00607506396358574,-0.34348904526602764,0.13938485019542443,0.0714023457803715,0.08779913157950703,0.7942092725383918,0.5673993020836101,0.1849771085403615,-0.7673868577630699,-0.12417532359066226,-0.711369951909069,-0.6169073391809552,-0.11708412032115323,-0.39064484884341605,0.36156268065660646,-0.5410059075959993,0.3477255316967948,-0.07274205085250021,-0.7637056648023581,-0.43369076859641414,0.6729981597570007,0.4323671739359357,0.39895290207939693,-0.4984997065024405,0.1700114676914952,0.6396491691780183,-0.5332023772165235,-0.281104440303944,-0.3825892089623054,0.7182747560443812,-0.34908923058981745,-0.10033825336994874,-0.37576775034549437,0.23981182990905808,0.06752306033031324,0.10939198028458305,0.24880602873723662,-1024.0,0.09417471950600236,0.569032128710264,-0.4365626501814654,-0.15254314158378746,-0.8886832544856866,0.03741282779722868,0.006483623177341413,0.5699864962191896,0.8016414783074588,0.34266356917607854,0.2669129811615766,0.10399928535376507,0.22470147378875815,-0.10171747838820983,0.335964977101096,0.3045933639698091,0.02129900509845679,0.09674993548767692,-0.8011274788119733,-0.6567946483171813,-0.2504378423794578,0.06140117101075428,0.5673200370113651,-0.05979940115177515,0.1660325766585142,-0.05334630792205258,-0.028044277688331374,0.12119008466986304,-0.578071151511199,-0.429728818279524,0.13439122630064107,-0.13463485712064457,0.020689119395411595,0.48921034941320496,0.11280027142246545,-0.3283847709423141,0.0528924944180378,-0.7296300676564481,-0.6761423717985057,0.3428590061834894,0.7454636338833837,0.24939238053218094,-0.37341165362785816,0.13742583186442878,-0.8240999240616687,-0.34906312271822615,0.7604503316302249,-0.0047233061590116615,0.6919872651377578,-0.5740476394637639,-0.23810944809740073,-0.2127399499634451,-0.20661451134493075,0.344898004682417,0.07332257368194635,0.08598634085435548,-0.02268483991655086,-0.3100271580451444,-0.4846992469203047,0.13786188661212231,0.27764602088262375,-0.005714981892635033,1.0,GHD
217,1,1,-0.2795503905928702,-0.17585869830482126,0,1,0,2,0,0,0,-0.8515923665887676,-0.6627988773310066,-0.1043798717153756,-0.7306807271271819,-0.4676450863539657,-2.0784832975759286,-0.6531847145938866,-0.9624216786063566,-0.4044557510715135,-0.8198803875116225,0.26214076558968014,-0.7568923146955078,-0.45737220609918144,-0.6500954520418232,-1.1225071749214188,0.038212881190221155,-0.2189793993659063,-0.43540266516603243,-0.744982625763626,-0.5857759811517588,0.05627340671884218,-1.0236708351540624,-0.1678603638144465,-0.9078062480706764,0.37098167112456365,-0.5345276601245288,0.6169911176790766,-0.5376719676601484,-0.7814386591029602,-1.2281041207662093,0.24160680257794864,-0.2509486061575809,-0.0022044157325745964,1.3228793540156594,0.26863393951000886,0.3003282548206778,-0.3198074926016707,-0.7550733491686954,0.028735788023078523,-0.2598495796570212,-0.7698872355725107,-0.3361286541450975,0.22651546423632332,-1.357900216433759,0.758558031989249,-0.8483926784928387,0.2338158804793704,-0.8451183035231028,0.853810823302601,-0.0013023460817216466,0.5217376561916136,-0.09305154378817093,-1.280673320114477,-0.03460525893655147,-0.46041283168842684,-0.3889010625789272,-0.8301549722214141,1.3118225103244603,0.5784676836509584,-0.7889322930882482,-0.8513743854406073,1.0663825608202475,0.1466024667767495,0.5149163669621393,-0.3227832283759742,-1024.0,-0.4234798533806783,0.4446053292065791,0.7799031466881589,-0.5985907885219103,-0.3251873367711667,0.15990095693039114,0.006483623177341413,0.3647266430107331,0.731024033854343,-0.9522088895525287,0.020715981638277484,0.0769489625149814,-0.02172863563251901,0.2610479236071468,0.5735783782989534,0.03685549215663802,0.02063355804269707,0.05679616349082499,-1.5969023767187678,0.007464294882614746,-0.6133394687279969,0.06140117101075428,-0.5027827763025043,-0.21009664521395086,0.08733142324338998,1.2855114757448427,-1.2667151388719704,-0.06382380008227287,-1.2618437679359296,-0.9629940545399118,-0.057922074503337494,-0.6372399164475867,-0.8573035636627502,1.5903907739581866,-0.12249124792157157,-0.5801468902067767,-0.18498797818193213,-0.8695708395884717,-0.30819430574271606,0.26745382021980674,0.5104687600493228,0.4829890288734145,-0.7256409383277485,0.016053997803738902,-0.8663428173623141,-0.4171681826366095,1.0482318781081734,0.13484446229050223,0.9650333830602698,-0.05615517104384067,-0.6690983435748432,0.2571933963575606,-0.9665337356528865,0.9315515381453334,0.18870509685873063,-0.050871654902351446,-0.5723379925321946,-0.25203098334610663,0.3922081414711487,0.13185643477107656,1.2094545311672638,0.2577965362311406,1.0,GHD
218,1,0,0.15903131178394128,0.35279816146627285,1,0,0,0,0,0,0,-0.04382259884353928,0.2560297505898085,-0.09421754276341389,-0.10139387807716212,0.27487408971881083,0.48118587508346566,-0.39561041165346567,0.39092396029829896,0.4187609986681447,-0.4229616504012818,0.2873467230824832,0.09221720243233314,-0.07731148562632773,-0.13927007790270138,0.3062604176948282,-0.011839568559899823,0.14392589695038305,-0.1352706054182324,0.14039455935991293,-0.08565011797342306,0.0552165439496463,-0.5641960602576995,-0.09833244205920855,-0.6154455609253559,0.14298323569558852,0.3220792313314327,0.36740505083249236,0.27222738470201613,-0.03467672082694535,0.2002870627808716,-0.36705940075494103,0.16531633200020604,0.33083012760524183,0.10112151083181187,0.07439970279571549,0.5299831294134865,0.6958059761279083,0.10199592501744002,-1.034457795434265,-0.33551574680998975,0.10455820811950192,-0.3003606667605779,0.0007536989534138678,0.5638797344477118,-0.34401026314644445,0.32020835613736565,-0.9285029128569962,0.07805116786504124,0.37319661130400417,-0.24020020366678793,0.21404426508675028,-0.4676195978885743,0.10365796811153362,0.6908976504922714,0.3358065900737839,-0.34174987436207493,-0.027873561676360115,0.49420319773340793,-1.0681629576414196,0.21206397913882677,-0.39983503577803103,1.3059114986543743,0.13364389024522896,-0.48026169459032003,-0.031809736248723686,-1024.0,0.21921608236591786,-0.4260524495423726,0.9869559419852009,0.31433796976901596,-0.5953908790853661,0.15990095693039114,0.006483623177341413,0.3232416986334791,0.5719522268916662,0.34266356917607854,0.8602289689325046,0.45361752244787473,-0.05208911965546528,-0.1789977700229943,0.5494314235709942,-0.08971156102639198,0.03996632652868517,0.3892359248392549,0.5212963347259039,-0.447421547103029,0.1203254323154766,0.06140117101075428,0.684404423535236,-0.22284531653326878,0.11117806508525101,1.2530872573619658,-0.08044693697655766,-0.3909717588838395,0.6685439419811765,-0.7860431061298389,0.8122198781977295,-0.10386743141175418,0.24682039518204907,0.7178566433747735,0.31649097326814757,0.37100642770455167,0.22848442671743452,-0.08298239269436768,0.18889119875992105,-0.10392735430093797,-0.029301036142735343,0.3466401956401316,0.08162844295891732,0.04932738075320091,-0.662468765561997,0.3456037707340438,-0.33326968970627713,0.08429983438209582,0.6002960741336827,-0.26828530026710434,0.010940538295015017,0.6595426013527016,-0.6242598641622781,0.750953616163032,0.6682237100762735,0.6271881544733636,-0.03783300462183399,-0.4116336547354598,1.1751657619495053,0.5795849319185261,0.5779943202614118,0.2577965362311406,0.0,GHD
221,1,1,0.16687702863237922,-0.21766953453799812,0,0,0,1,1,1,0,1.0679590242558903,1.3191253694257374,0.11119503809166065,1.1396036872618107,1.4318681727302938,0.8204637606682801,0.73160571664947,1.1887705261130102,0.9798574022320108,0.4975687912983989,1.3086963812476158,0.6855641924982336,1.0740353729266119,0.7573215444544487,1.1622556414555412,1.2226579407638607,1.081020340126355,0.9073938782876717,1.1171154874061269,0.7950969834419548,0.05447745441780182,1.0423937557422427,1.0431863381187745,-0.2380853190486546,-0.17374949661205213,1.4475642830727855,-0.06574144033660119,1.1786938449389226,1.1725015511520416,1.361226604492572,-0.1373214822779524,0.3530845206213279,0.47620088420751516,0.03730054332966864,-0.1272015774373816,0.39709787141535086,1.0245256253960962,1.2132902137807204,-1.293173805356239,0.39934987351505824,1.1076641191606995,-0.8621432513613924,-0.2607358873656904,0.6983595769033433,-0.8219926879266215,1.3248481833430445,-0.47497389513154425,0.9265966995167979,-0.40490978858253507,0.06157158325692447,-0.4703698772553491,-0.3498223929458405,-0.007410514770534583,1.1072134688249604,1.1738636360283716,-0.5576864965376384,-0.05155307193684958,0.4298534160238038,-1.2139864644472222,1.105588394251947,0.8715862499543469,0.03531965006472868,0.04225935767115229,-0.45561600025988647,1.1403769328220654,-1024.0,1.128562682535528,-0.8229516291077247,0.874265597482548,-0.3879650636448067,0.16069025803119982,0.15225683517618627,0.006483623177341413,-0.1422738367241982,-0.742477657824921,0.40466020287735555,0.670884204019304,0.4597235079358505,0.03546030240137628,0.004358349616930033,-0.0213977189392807,0.24562995127763199,0.05669415574148997,0.23795953329506322,0.571392184988818,-0.26915600500222414,0.508605559316312,0.06140117101075428,1.0415409253538082,-0.34068372602859187,0.10266605027261688,0.6929905105619164,-0.13725477982330053,-0.5189031154631704,0.06739627122890371,-0.36807100164971107,0.8389127547322299,0.932011683650158,1.5283298755477517,0.12785026899075141,0.08438180680671056,-0.6050543365345243,0.2689416444055369,1.07063598682435,1.0892425710602414,-0.19442315926852813,-0.47682973153006214,0.44847706854000835,0.5007862529239988,0.008179541888090096,0.8413745664889377,0.528485459785066,-1.2400833520395647,0.02302339002332154,-0.7280705049950544,0.013272542149691502,0.9414261523269515,0.31750072894721537,0.48390917910396986,0.748452034137062,0.21917774957392921,0.47664356938523356,0.6112273787443441,0.3770363293511529,0.6133530924229723,0.1271254954917625,-0.22946245251356198,0.2403977336780853,0.0,GHD
223,1,1,-0.2017985072308521,-2.255953020712133,1,0,0,0,0,0,1,0.48803627780109593,0.6184173319640474,0.14992486767811092,0.6309356729670448,0.7881662585873345,0.7220522413512924,0.5490469647719437,0.4249299597967159,0.9605876085755185,0.21258319359178351,1.2272618945057419,0.18325671660110876,0.7533993522013693,0.34660390999895285,0.2876436619553439,1.2335138758128388,0.6038107567106579,0.511122896213955,0.43010868925640183,0.3953739246001796,0.05451182126683939,0.0965757324758751,0.5700618764514205,-0.2715571849922571,0.2470393270325806,0.7051934998528633,0.3621742477442253,0.5820684161251891,0.5601890898523559,0.3006362878665872,0.24434507632551217,0.3017079530449715,0.3535179605192303,1.1228291137657271,0.18268357570478297,0.33059374149174137,0.5440428748749838,0.5642284807947077,-0.6288736867699822,-0.003397903893509734,0.45791861257696437,-0.9017644884913553,0.2149443630722278,-0.12196928727279145,0.14035202182990797,0.5918198009885819,0.21604096382910754,0.35167366445838466,0.3032964553316712,0.14377059093030256,-0.14281937505623374,-0.40894539180298334,-0.11242805157640923,0.5918904510892788,0.4783932603381189,-0.5383926005500425,-0.557196953124609,1.1328329319868369,0.12954509596285624,0.8379689677714818,0.7223947332595618,1.24975203711012,0.021931131989735474,0.01982703154937,0.8403179808702639,-1024.0,0.6680490840609634,-0.13957960175710435,0.785786748847667,-0.39675536775630277,-0.32054215342573206,0.1608408857014504,0.006483623177341413,-0.05515496920890833,0.6200911211710416,0.4620247369016002,-0.23945118399630205,0.3675618249129276,0.3175633863608526,0.6311954577424433,0.24187590956801802,0.25699705830760794,0.036794259726022446,0.08894102813050474,-0.4303549018686567,-0.4615961034931501,0.29540130047586943,0.06140117101075428,0.5676248522429976,-0.33951098176658373,0.14989352765808484,1.0236336619611972,-0.2617896920916176,-0.13111410200386858,-0.5789787656522664,-0.4414587526167508,0.7219078758763621,0.54642377333287,0.6773702770192164,0.9592960766091889,-0.4338944780024472,-0.6779942889209093,0.2775666475178064,0.258137519015005,0.3142605925589218,0.3035472911139145,0.16222259815971216,0.3846792163980876,-0.07815364071911207,0.1364955613407704,-0.610062490291183,0.8470401959111462,0.11463400051390607,0.033340690849880485,0.7974793749440366,-0.1383740208360853,0.6700558818564195,0.34090754630274384,-0.2415737885355229,1.0892506222531622,0.8553953243419712,-0.36683884721211496,0.3182760046923737,0.33268828330221695,0.8065878881368289,-0.43982871831875836,0.7961713689920594,0.25994485223091995,0.0,GHD
224,0,0,-0.03988561867660589,-0.0955764737734017,1,0,0,2,0,0,0,-0.1115226884046794,-0.1149980071214414,0.15147332881376366,-0.33306423796075235,-0.3428027841673741,0.39082678537872795,-0.3227873897204662,0.27663643957949124,0.21526660810182768,-0.8010424337127148,0.18142778603023088,-0.7232549043932588,-0.3635051832744656,-0.8739943063846649,-0.10510376609797287,0.19731748295032267,-0.32098477109853846,-0.3262026933323637,0.06888299715739865,0.4579054685790873,0.05442320858321224,0.6402538263993147,0.8106489356280457,0.512701858021014,0.23621092187579343,-0.28555693146260736,0.3987084339949224,0.4576375063115348,-0.2785890728482944,-0.08631918683188884,-0.11866974804959285,0.4212088363030016,0.29509000888189935,0.39262796713147663,0.04760626359656804,-0.04648997229230943,0.06723391059454177,-0.039458036604588236,-1.4031230934360748,-0.5855460210994821,-0.2387110914808265,-1.0505495042723012,0.34568723341439134,0.06925561466469657,-0.252114846768519,-0.056928153154950326,-0.011930711034222274,0.287969997191213,0.35198161615294127,0.17335915109954633,-0.4734978730104826,-1.381147307632939,-0.8126674458692504,-0.6981234116703549,-0.1395142447967047,-0.615571362604668,-0.9819570509496831,0.24346159789277327,-0.1431947118802146,-0.06405915717177728,0.1417183064232375,0.18251844689083332,0.04565660386171602,-0.41449128548807024,-0.07843373233656975,-1024.0,-0.3713248258621041,-0.20271162423276232,-0.08830035609578218,-0.8798036475504475,-1.0092618659080816,0.02673428857396738,0.006483623177341413,-0.5249087629436636,0.4941582109682423,0.5782186213168472,-0.267028904984648,0.16082246010455506,0.05640627703768022,0.6148878119473844,-0.3261886867355668,-0.31002821921573337,0.04026239982920052,-0.18911780007336582,-0.1763279633402954,-1.3540692506613947,0.5190537442034824,0.06140117101075428,-1.1831415577771895,-0.375670130067827,0.1660325766585142,-0.06527741258906332,-0.9099867679695317,0.025760620010924606,-0.5789039212155926,0.45112758927359575,-0.17612572098361415,-0.37704259703521203,0.40720937620001313,0.09440771352398825,-0.43358393689216995,-0.9470125349912406,0.3491641900623899,-0.12479926446844379,-0.3246628039504968,0.30684673817212604,0.0862755538802679,0.4079939319482195,0.1707428418730784,0.18162405771912934,-0.5675430257189541,-0.1913304467731287,-0.17077192622171922,0.005446626832491232,-0.2518367427939568,-1.3044862342653258,-0.28689911365293974,-0.09989549324737462,-1.266762552184558,0.04744989364273047,-0.23908404016889398,-0.39282797903925293,0.2821989384698537,0.6376334191713718,-0.5004393167937116,-0.44291957091303197,-0.026079139635010334,-0.02717634484219057,1.0,GHD
225,0,1,0.8321563408646288,-0.3345395327199867,0,1,0,0,0,0,0,-0.3207418883717039,-0.18261084721164603,0.12637736913231196,-0.33645729244786393,-0.15529919648622184,-2.0784832975759286,-0.3554629541634618,-0.03783544279320615,0.20302047314088617,-0.6961716434783034,0.3494254637632854,-0.5752938679909496,-0.21396117404522577,-0.5967613918624801,-0.3208769790644323,0.21725130400393727,-0.1569524524982419,-0.3015554910271109,-0.21157913976777207,-0.11719063935287177,0.05455344398421668,0.10422646118940912,0.13782712413878204,-0.12371016714101686,0.3284451682923523,-0.17626783947432603,0.5489027700356985,0.1053750826200346,-0.3469438513140737,-0.3892301745988281,0.33468370928127283,0.3244062354253112,0.28203926617313724,0.9422174727390175,0.13008328901245042,0.19154751941093207,-0.08924131839012574,-0.24227154597073772,-0.9321456200141535,-0.46178693930574227,-0.402382223791439,-0.35855993829211114,0.3533594953872849,0.11841313020188354,0.45360716258084555,-0.28246303787272836,0.15813507104908234,0.06982333147232847,0.4707249448381483,0.11367316251353825,0.35153788014490955,-0.8820149061076142,-0.19167205992012437,0.008317867801886305,0.18043039301847033,-0.5348623441579208,-0.4377101869503673,0.721093643860214,0.25592038437365217,0.027532410179326203,-0.5125273218075846,1.1151683958871912,-0.018536261982962193,-0.1253818921201102,-0.0503955199318196,-1024.0,-0.4257311236110824,0.06809832396957138,0.01189008210653268,-0.4003902295709859,-0.8002049723101559,0.15990095693039114,0.006483623177341413,0.01243066524287638,0.6919010155614377,0.5027001060850075,0.43435982737542844,0.11994511219532603,0.3302391534041868,0.20657502903115602,-0.030544909992753194,-0.01066414241075498,0.02884471346824648,0.27375304175587906,-0.12065293160564416,-0.8700198947019467,0.27061565880869587,0.06140117101075428,-0.341525335030108,-0.2608139812044024,0.14335688516452558,0.24076393521110517,-0.3732986806481558,-0.027692902208326847,-0.24111129020488245,-0.278731759980186,-0.23380429466983327,-0.3713589449672527,0.12092529989484367,0.5508248201297912,0.0845461436818711,-0.27996857353779225,0.2727098599758441,-0.05865697170346072,-0.011560328765686315,0.41176591774613946,0.2134841861695494,0.44257822835288163,-0.35777499770200366,0.14238498448914355,-0.7605440366540805,0.5074777709977155,0.41190123874170925,0.010666162613732466,0.785637296662988,-0.8825842714822641,-0.16785908230359528,0.07235205837648476,-0.516730932561689,0.46239260952402217,0.592815433831389,0.23071509855812897,0.15778371056356336,-0.06273269241654361,0.2798100004418475,0.12874296218124243,1.0369619726896482,0.2577965362311406,1.0,GHD
227,0,0,-0.4948769698551115,2.971015688122913,1,0,0,1,1,0,0,0.23423919951787536,0.3278699424970003,0.07282140646606422,0.18064484014391843,0.29070293028133437,0.4482438948259388,0.3072666050265843,0.26094278084013717,0.16181253121156206,-0.027392651985312755,0.7498668061333736,-0.060564448703145646,0.44935904923230297,0.058051754530672815,0.29456407994404266,0.7351437763412859,0.3877382487510121,0.31542072896818807,0.2120701308738137,0.25440381897266784,0.05465386292136523,0.2539253607424936,0.4317827944751471,-0.1656240136478245,-0.10259342731496243,0.21950347255264185,-0.0033946227752258097,0.44100560429372226,0.11813382060391844,0.21574315632993352,0.2921767390968615,0.5056740245283488,0.5788323569158917,0.8250045755454534,-0.3236900393972602,0.48181754484150946,0.5960169854376349,0.3190660841697539,-0.44391767927821735,0.2309882547008684,0.2024031531926078,-0.7945539472473274,0.06099394191716308,-0.17449156676091343,-0.15363518403784995,0.3834633833529314,0.6748454017221118,0.4351513734258257,-0.16831022676438973,0.08893596316474751,-0.08175502836315796,-0.23073856681619623,-0.12381289100829837,0.32460200515328674,0.31960476329404264,-0.5437135575781997,-0.7769755290135293,0.8209020443821387,0.43738123837423376,0.4457954309105652,0.3067309648492271,0.5670159883077479,0.05535838452801697,0.1654017313403527,0.5155770957751292,-1024.0,0.31737370523740793,-0.3854030083523304,0.7189233259279232,-0.39997749257425613,-0.07107115550961675,0.1608408857014504,0.006483623177341413,-0.08839019878759359,-1.1082714796685265,0.5266312872007106,-0.2826267841048036,0.7995886061144728,0.12682255152256974,0.6801897120783758,0.4752730196559053,0.14747115431638264,0.06351688953788565,-0.03482404887264337,-0.5187683304669902,-0.2835570793784941,0.774879132464141,0.06140117101075428,0.16250939716836504,-0.33370612699073754,0.19059941338033984,0.8987309913587512,-0.2769952732104468,-0.12182863367062788,-0.7895098910250838,-0.36144495990861264,0.5959525843459363,0.39451706353303834,0.3357105778897744,0.775439265763044,-0.12865035946454334,-0.8145033205241591,0.33795189584736973,0.489464679139751,0.12220474943196054,0.49556657816383654,-0.39811444161522713,0.20487787264476384,0.4557578085295107,0.23875903622952202,-0.5582031692896029,1.036166466924108,-0.8310362230122301,0.10779578754156265,0.8572880903151038,0.15906648718778707,0.21946376798479714,0.3122180995593562,-0.6263147971915366,0.8504523912719639,1.2010626223484335,-0.4019657201401611,0.31482884145911755,0.6908737872741255,0.709073697958158,-0.43971804997012626,0.1569852853011303,0.25994485223091995,0.0,GHD
229,0,1,0.8968636708554221,0.004420777729048466,1,0,0,0,0,0,0,-1.462565029705013,-1.502098146323302,-0.14404575076082235,-1.3953991975284883,-1.4065288926528634,-2.0784832975759286,-1.194569218968689,-0.9717885283117741,-1.0753270569031346,-1.8336948726626874,-0.23106257375943218,-1.6801413470548596,-1.3150951270329303,-1.9714476349252248,-1.3434578247842643,-0.288539276513198,-1.3963790330587074,-1.4407030173148423,-1.0837299654799244,-0.5066843010946089,0.05574549965636963,-0.8840721278854895,-0.1441177954959635,-0.8166816114709812,0.32491608849149267,-1.526063315963954,0.4177659171502909,-0.53160272031566,-1.5132662417124898,-1.2497624332030748,0.15647580774661754,-0.10786843014139805,0.0459529753869107,1.6333567627149932,0.16609216159685314,0.3102856892732312,-0.841438660083434,-1.27315352064511,-0.6406288161939343,-0.5136412363696318,-1.3927060298596883,-0.8798074539225166,0.19136055640796223,-0.9459024810138338,0.523028846898589,-1.3751207736343953,0.5959504313313805,-1.1663425636574933,0.81920145793438,-0.2623040241964126,0.5657020170054965,-1.186012083174351,-1.3429409017674019,-1.336354463011144,-0.6961597802080205,-0.6039345491887926,-1.4018000125917873,1.4582621002038207,0.9034496092971408,-0.9222334150440373,-0.7494460377035286,0.86114216117723,0.17301448320018661,-0.3498783551093392,-1.1925382968077305,-1024.0,-1.1298967503625432,0.11110125254607178,0.21701540620852616,-0.9015991859298288,-0.763847768659558,0.014879197460876722,0.006483623177341413,-0.3883668784468913,0.7196488513665117,0.1644730510595547,-0.8288656022731203,-0.08084522217415448,-0.1834774991348076,0.5477616628163661,0.22841595594660905,-0.7232949865652042,0.021589523670774508,0.07398242422394563,-1.262516231440555,-0.9050333735560459,-0.3633894667604405,0.06152966101255928,-1.8182738891910717,-0.37215592245968243,0.0840716794480293,0.39375878855326996,-1.2422050021911804,-0.1998766300149863,-1.315639945392894,-0.9479695069539945,-0.5983984131798662,-1.5559360698551834,-0.6190395255488899,1.0379457931917244,-0.7196799540876678,-0.8489992000593851,-0.4191162746312754,-0.928186382393435,-0.6096616367106884,0.05645061806154633,0.35169328478043277,0.096644301681298,-0.8260285277651834,0.12163755800985773,-0.8637871410183159,-0.49712301931053426,0.5148758212271765,0.07385392154028932,0.9400684364750584,-1.3949787755569167,-0.8485278772064028,-0.21237264527525038,-1.633070276741443,0.49401441504395843,0.09346766960604415,-0.7055835117052228,-0.8721052486279807,-0.050695615758727205,-0.22953570488499644,-0.44426080617794034,0.17814204508944573,-0.04927061872132546,0.0,GHD
230,0,1,0.5711052869166598,0.5904144550400575,0,1,0,2,0,1,0,0.12774202618948105,0.2943343715987053,-0.2079580404583089,-0.40813165644282334,-0.22131724377414277,0.547808588450968,-0.32848324546843427,0.5343291285728904,0.5685880699437471,-0.3251243287110048,0.2671048975244645,-0.2671616028424677,-0.1752845489969271,-0.18389914205164423,0.6246956105594406,0.11960860338991108,0.15469608432732185,0.007265570894879962,0.49571743389375067,0.42213726141864094,0.05528393061783504,0.8514310727000792,0.747515887169174,0.7308743234466692,-0.7811720874526226,-0.42114132513492086,-0.36535627618447525,0.5848675054724811,-0.591460173612068,0.51432329132194,-1.219679479170797,0.5990542303475738,0.7047562796385985,0.47443000696005394,-0.9884929482737284,0.3395635066059881,0.6115218158876546,0.24728680487668112,-0.7370581578156112,-0.16143441488205712,0.11167287393319142,-1.3835975703203447,-0.3035489895773962,0.10489790777118703,-1.39731289485181,0.4030129770306039,-0.11794158730796069,1.0077741955249808,-0.730533595664005,-1.299682368555862,-0.6823883973162288,-0.5464325505308416,-0.8843230652220143,-0.0774921398949047,0.5048675296464515,-0.5666266763836726,-0.9247008182875021,0.15106033705184135,-0.8128364051589176,1.6037476373758213,0.4222766916466294,-0.5848710970828398,0.19685412969655988,0.22708000688373497,-0.11438914905196114,-1024.0,-0.30501582962814455,-1.4469625969487199,0.28732886158441473,-0.5841251351584663,-0.50274219319285,0.117018238648639,0.006483623177341413,-0.39198560391483445,-1.8412185241755818,0.5637994454134626,-0.2752180831502799,0.8931881726020274,0.07316575684260664,-0.12392148319787653,-0.007681947811281439,0.39133023381356885,0.2791231329947906,-0.11042291916489831,-0.14116208947891556,-0.8524148539271875,1.1151448714467946,0.06140117101075428,-0.20150977707614265,-0.36348031059478353,0.15818353871572807,-0.017400264485226243,-0.9646549909883269,-0.2237260058674257,-0.5643298473986945,0.7190769983431431,0.3213935364575051,-0.2898987307367261,0.6731209556075658,-0.41513258872728903,-0.4309895346034169,-1.01251161594183,0.3609754054063825,1.5665900958821737,0.3716900533725824,-0.03924468047357064,-1.411298497882514,0.33039494016923454,1.6473525477648583,0.14058364599840167,0.45479758265523385,1.035995720617702,-1.3915752858582746,0.17997582003251894,-0.27911222728558904,-0.0558867206777758,1.5093489115134082,-0.08020911928041156,-0.9975446141085351,0.5120338548179773,0.936634394350952,-0.41243533124247045,0.4074932014277439,0.22201001817122207,0.03204937276730062,-0.44296673933216896,-0.8860962642598771,0.1618546001012719,0.0,GHD
231,1,1,1.6716768334705017,0.18812733309251156,0,1,0,0,0,1,0,-0.25065318789818913,-0.0202795299649284,-0.2976614328717597,-0.2777959658948642,0.017276942173333885,-2.0784832975759286,-0.4434020448016409,0.16562881781102826,0.44766983445963404,-0.46148556555343107,0.580307648848617,-0.20740343149521698,-0.20448202113501354,-0.24498793528630167,-0.1522434824366789,0.3746737428019353,0.20943609286125645,-0.013862708820607833,0.09271597857196438,-0.019886111040509923,0.05547600814146664,-0.5003453981240464,0.15083507334115243,-0.6658608695438337,0.028046389165547587,-0.06175781487394332,0.3987954207706028,0.20962970315221924,-0.3380041582001421,0.06835051505018883,-0.6526096427393283,0.15947043083452417,0.286694401172348,0.6185577519758112,-0.20848801876719086,0.4843141374735907,-0.030578951905984964,-0.040137642066552535,-0.6885941345299125,-0.31573196130283104,-0.18425622497679717,-1.3587450673525845,-0.09639600252034541,-0.24636742060704295,-0.3691608238166839,0.04844623050966997,-0.6141611701969717,0.15829604979744724,0.34691216494759486,-0.9247164132289957,-0.5144474663643644,-0.5683619898294819,-0.1769044902839243,0.2667874499539504,0.609743746994226,-0.4450656064960812,-0.801214382201992,0.530998664774266,-0.6823943097226465,0.2598435187424183,0.15375203630006481,0.32484047834579666,0.12416365523046317,0.0638274294557665,-0.03215021617343615,-1024.0,-0.4197384376779358,-0.7225097692600047,0.0144835389256992,-0.3800382206977055,-0.6557936233848977,0.11366939979827524,0.006483623177341413,0.14143883972450172,0.4784951036666646,0.2910762350599419,-0.264598365222797,0.3276382669529426,0.12054366294695389,-0.043203239289655415,0.3737569421209554,0.03215743869618408,0.0445534212446376,-0.16507113142623855,-0.6322447005753307,-0.6637124556822283,0.10867397355540852,0.06140117101075428,0.06861801004171211,-0.3033017021635253,0.08074150780715016,0.17288737608209306,-0.33185452543875404,-0.5719938737701541,-0.9823292808628865,-0.8392150244748718,-0.07676451308668761,-0.36508132281861133,0.6793380204508234,0.31787728045945957,-0.43396455289943225,-1.1003226570039002,0.22821774951142668,-0.2734546665845265,0.4230841659512253,-0.3005544456821878,-0.3900696940839463,0.5763159450075541,-0.038415832311159116,0.015351154091478919,-0.6776831502111965,-0.14744569031099755,-0.07369462707843043,0.13055825369075677,-0.13759047759005472,-0.587212445658165,0.034486807110924195,-0.25974067622768154,-0.005303398696431389,0.1031011006036666,-0.1874340081763376,-0.41196779363873487,0.3487772746672148,-0.14546947415413097,-0.5359175343346163,-0.43848504040546094,0.4651062410033841,0.15453160625352746,0.0,GHD
232,0,1,-0.2152833228371952,-0.09574880150646194,0,1,0,0,0,0,0,-0.40703427020319316,-0.3168774078893214,0.11306443565595087,-0.5124994842411269,-0.3928633919899321,0.24711085758829254,-0.11168191738089614,-0.3703423104164958,-0.10789574057982282,-0.17752582602968753,0.28006635669594454,-0.28870450922107876,0.008606030838109367,-0.07637595245770529,-0.9776771901495637,0.18849738523341455,0.14692671214405525,0.046215789972766964,-0.31940023186911853,-0.39787786970837913,0.05492152452891483,-0.7581656128862355,-0.2978687263596842,-0.6057714062415981,0.3749282594831468,-0.32203923072869417,0.4724093708318432,-0.3068753342372298,-0.4378136354802066,-0.8008124665552532,0.15753962668501578,0.19409513385335309,0.31490670322547415,0.9064335643216755,0.25531023018378407,0.48252879100260165,-0.6060875083932876,-0.34783220462317954,0.5259918100578924,0.05225169178425548,-0.387597765371516,0.011460542930619377,0.2966270436678074,-0.41807783163183526,0.2234930156677444,-0.39967073767922695,1.1045836784826384,-0.4771240956018605,0.6353376483293842,0.37849341877008535,0.6773914213126407,0.24537773809214253,0.17907879654866174,0.29742742996460264,0.16565361702838866,-0.22585848539683212,-0.2955247704752889,0.9491654888650136,1.003742690810675,-0.22233378456927605,-0.30588451078237644,0.8509183139800868,0.10399999115660123,0.6710021242530162,0.02359065660354097,-1024.0,-0.26110544109843536,0.33837551849726644,0.08199586459979802,-0.03470356341935973,-0.0851658726586982,0.1608408857014504,0.006483623177341413,0.420716362140589,0.7242773297293452,0.37552627906047453,-0.5588687076865735,0.4937416755687398,0.16004858659783325,1.3918227523974593,0.7238053624337026,0.2772907311070567,0.030616123901380212,0.5732335866793035,-0.6375302410210415,0.15344058679268652,0.10020057548882134,0.06140117101075428,-0.03216452110479335,-0.14878500547481638,0.20444539484810373,0.5122528885040717,-0.024276770229205786,-0.045233553934215735,-0.3954682048797637,-0.8171217295073293,0.15464188724572986,-0.2356038899050913,-0.27928715438442225,0.913200541760165,-0.11908012042822007,-0.06626170069733157,0.21029352746585384,-0.5073379550387607,0.12226538933478327,0.5162902166964565,0.4552481816999674,0.23132319812041194,-0.030233049622477703,0.22598426036086897,-0.8607664144624894,0.13266820235074475,0.34248688047931114,0.07043288579647053,1.245546042346892,0.2790784316209398,-0.2624765928291837,0.22480957014258768,-0.3518163094076123,0.6094593706114122,0.7736748312310181,-0.6442471567605337,-0.09233936607705402,1.0394126628434355,0.33115525273021845,-0.42622910888656534,0.9388432672690319,0.25994485223091995,0.0,GHD
233,1,1,-0.8269522612594413,2.220341361042747,1,0,0,0,0,0,0,0.892895300032554,1.1636995839463902,-0.35285241530815104,0.3985383679881326,0.6990889138566427,0.9249654659426395,0.3792105588226853,1.115453301174517,1.2911810617666353,0.2533417850268312,0.8206179410141577,0.5343772142722281,0.7091831355438226,0.5203792788358625,1.4426765815246847,0.6555169052898746,0.8308224799494544,0.6283599591756747,1.153461097405457,0.6741016799908195,0.05551885166746938,1.4725807874012937,0.7984298963325661,1.0970005873110835,-1.1175023765539478,0.375982923248018,-0.6281203216387814,1.1768359409705984,0.10320865368840475,1.3595519053418095,-1.595186828166931,0.6034845196998844,0.6929395852440099,-0.16260575094464688,-1.230965878109336,0.28540118104162515,1.6710672686318409,1.0096887182759053,-0.898282361102146,0.7921137325230492,0.9064853406602019,-0.4477374520071674,-0.5699247989027555,0.8771130519111402,-1.7257755497111387,1.1150871684207069,-0.22619274243772508,1.3116641260398083,-1.307407751722124,-2.0084731647999394,0.017676194512991357,-0.2869981587674959,0.4986855197494344,0.8956592087241033,1.1888032963234563,-0.5202222539296091,-0.14640773894626607,0.21831111266433023,-1.2840926269407258,1.5895244585506687,0.6793650834383393,-0.7637484833892006,0.2347877916871976,-0.13721599728663716,0.6528634067062816,-1024.0,0.22095997731754172,-1.771622574051243,1.7435714522850894,-0.02905883062800796,0.6300197562724992,0.15990095693039114,0.006483623177341413,-0.13124715197384706,-1.8516679371573244,0.548523194742726,0.6468794552648809,0.866585367704516,-0.002495526227525961,-0.47735847679290755,-0.19592655293383102,0.4598324896253469,0.4653676455873911,0.3061023262916789,0.8051834281201683,0.04143552276396257,1.146256811064074,0.06140117101075428,0.726877071449576,-0.3189165215236481,0.13883395919868174,1.287063249933682,0.3304875889707807,-0.37964142541710216,0.32663256988177813,1.1384965929323565,0.7002619810051365,0.5168305040895494,1.449712181240658,0.21234924272181693,0.08655636575684829,-0.3442685738900781,0.3491524064163765,2.5870777398255593,1.1285701332178966,-0.5038753717433613,-2.0249591240549054,0.12210908824769685,2.224115141742813,0.07046291810860517,0.885805681134617,1.0463301612505684,-1.4633144151839748,0.21831288795846546,-1.084183889032974,0.06882103930419191,1.45701530681955,0.5273523149062551,0.09392745585744859,1.025998070592079,0.8907492438200718,0.4637626244625874,0.6639246511842898,0.3459397336039881,1.0142831037002502,0.12686955723370522,-1.276583106706479,0.2577965362311406,0.0,GHD
234,0,1,0.12417445657701552,0.20202129416447687,1,0,0,0,1,1,1,0.6035083300300176,0.704543645634532,-0.23284118071307444,0.3155671672121974,0.4172230315904619,0.7771639397982995,0.4136407533428538,0.9179757743925009,0.9586008907362057,-0.018485778460557368,0.8674121867398968,-0.0736231118512287,0.5569086820951358,0.05643495333907477,0.8488895516049743,0.8758785663107402,0.47809879638675595,0.4165974133497155,0.7795393166609536,0.8778382060161408,0.05522320443473984,0.9976599266298135,1.084347319817229,0.543694041268926,-0.4947551016327137,0.14942523045662431,-0.1509867204878994,1.0719546932628428,0.06248604090343835,0.8665910433317479,-1.0035453447416276,0.5072915121746342,0.5100057074376331,0.6207652512269424,-0.6474420222307488,0.16928110233260707,0.9521631808786756,0.7453471547887998,-0.8213703078150209,0.411652516041969,0.6085056827648031,-0.4831175484549077,-0.15690867811093154,0.4867762283416318,-1.2133903098622454,0.7548882017303803,0.45185937023073525,1.0503269333030207,-0.40788557266108916,-1.5529278921318717,-0.6261622884290593,-0.6847323528051741,-0.0353939561277705,-0.00836503873678682,0.5544489702166012,-0.5988574806903612,-0.38900399976440975,0.5045196029596801,-0.3628159548827587,0.708980622369304,0.8923082255060395,0.1593830245681457,0.17974873442386985,-0.07783322677669058,0.5965697163989707,-1024.0,0.31942840521015275,-1.4224041326963042,0.8073390181225332,-0.40604874906392957,0.1729425812050729,0.1608408857014504,0.006483623177341413,-0.6452261535420194,-1.3290743372945886,0.5149440666236893,-0.19109080968128322,0.5961986019504713,0.13065283920997617,0.4328559923002507,-0.23630040364043126,-0.1659984338497906,0.1417413951018685,-0.28500324998009,0.32549098332147597,-0.4510089708436419,0.8675077174065768,0.06140117101075428,-0.33854180533449146,-0.3718773106467767,0.14556786430400337,0.47940029291483066,-0.16279842322898716,-0.3946794799606727,-0.23236909126981556,0.5021078393689378,0.8178131737342619,0.5545081570395394,0.9437344070891538,0.018255244952035607,-0.43222754697135257,-0.8682326859715456,0.3236142627552828,1.9941327910103375,0.4250479905869135,-0.203739107188341,-1.114818898321718,0.2131842919412223,1.3581083805875525,0.11762225679657866,0.46901197613385365,1.4423764960020662,-1.1739896623219088,0.19410007196020362,0.09459781958371286,-0.343832257073619,0.5385962865464141,0.19040749129592865,0.1631758382132627,0.8071256957102004,1.2024030704520645,-0.3003948795838018,0.5068102634118252,0.8079366684697982,0.6606096079506283,-0.44432602778642827,-0.4516165796419277,0.25994485223091995,0.0,GHD
235,1,1,0.7278596235328587,-0.2321205281930049,0,1,0,2,0,1,1,-1.2563676848930465,-1.087319647086009,0.11721101831137051,-1.1000876146986083,-0.85059530294647,-2.0784832975759286,-0.6684460680409433,-1.53936814337892,-0.9937185365725275,-0.6423620278780879,-0.3241454061146342,-0.7829600255815843,-0.47467287247286827,-0.45594407079864263,-1.576587564953833,-0.6063118590680575,-0.33940087168102023,-0.5570963317333427,-1.4245936188326467,-1.0319701132388273,0.056271158856807765,-1.122152246669403,-1.0684993968705392,-0.8932453960694166,0.5707478307756927,-0.8842999465704146,0.8728169949914031,-1.4459781557372022,-1.119915080883019,-1.676882969053291,1.0852284918444493,-0.22980319983616576,-0.16490956276697566,1.2137890557100437,0.4896910118891516,0.18459190728284489,-1.3554030940409358,-1.2763710173027938,1.2374916316457354,-0.3694339878402584,-1.2198812204715819,1.711334376353024,0.4082735161177609,-0.9028259756348548,1.960787020372981,-1.5236155881808986,1.4870786412313155,-1.3006703763416434,1.1107936452017708,0.6068306239802792,1.5012670061002475,0.4566372574650168,-0.18827428392602247,-0.30454407466675415,-1.3547740487543738,0.3843803221823445,0.8815027378380152,0.8013298576842659,1.8300720711005647,-0.8953366478787991,-1.4518141646719493,1.549349647204819,0.06545289338609116,1.2503968471846392,-0.8068268863050171,-1024.0,-0.987359911001835,1.3837753017040777,-0.13690299055249872,0.15844307803002952,-0.0676299732035796,0.13831591992352701,0.006483623177341413,0.6703200789834786,0.8245626726117298,-1.4471522231189706,-0.15097943098182684,-0.15781112520997298,0.17047447615690686,1.2206335515927842,0.5813020277902874,0.6431920212665408,0.012341952739540718,0.7256019744606015,-0.3371990506686498,0.5554299982834657,-0.810039229104805,0.06140117101075428,-0.792296045948661,0.08685330122820391,0.1513753415499263,0.2875153319385622,-0.2764946626069941,0.32956307921081507,0.45200212458890543,-0.9797711474043539,-0.8019214936145439,-0.6362414207452334,-1.459340656545769,1.0909418228061825,0.10118403052773546,1.1582283495250711,-0.48991102539039116,-0.8265401743216368,-0.6256906059205439,0.6100978202461543,0.9770470392105841,0.24403977709739294,-1.2613694026178646,0.11768514326052235,-0.8655993438199784,0.09573345039268195,1.6564404954145213,0.09077084157875576,1.752325065090579,0.18261490709904582,-0.4349037080350118,0.18427206312374111,0.4318571312204408,0.19121047537881883,0.8319198418356295,-0.18354209642115454,-0.8394402180135845,0.5433199866424889,0.5635376670144798,0.13919585475261334,1.8157762718134178,0.20899914588138385,1.0,GHD
237,1,0,0.009449925810215422,2.9014851631577687,0,1,0,1,0,0,1,0.250374521289936,0.5293240992751876,-0.10580905043639711,0.23100820263047409,0.5751036357641306,0.29655825522650675,0.8036588810906444,-0.8582836087779858,-0.20134865938584084,1.5253182509588854,0.837205641384831,2.06181199418582,1.2388820658985211,1.9538142761144266,-0.2132638390237985,0.6308983409493109,2.0679348104479125,1.8418353648061152,-0.006982031068157428,-1.7569529604223082,0.05614826183564039,-1.3724021562158875,-2.590831153471737,-1.0077169536569195,0.4795577931034245,0.5568964357540958,0.9761046707458032,-2.165772495930156,0.23299037624016966,0.24036817639614694,0.1788854412642762,-0.12253369965640004,0.28446229577888404,0.6026714208235462,0.17604807499909814,0.8370043005340633,-0.35790536230368575,-0.5810812194203813,2.0686589098344026,-0.19673975223115173,0.8517767330723056,1.551774143896493,0.3731259494443609,-0.386337831041436,-0.016739186484328917,0.2640789127090162,1.322440643733774,-0.33284103816811456,1.24790816834438,-0.18451157090445433,2.453431631935141,2.598891895353405,0.7123938119287798,2.1238974100948322,0.3419564135065486,3.1170082737170146,2.249645669877832,0.9277517438109795,1.078796543241497,0.11760992793597709,-1.5480388974884487,1.0543384483570275,0.01754655667143517,2.8999626057554915,0.7444771615883405,-1024.0,0.40035437133247,0.29595264968205,0.2978484735391314,2.874653399852158,1.4242938329071382,0.1608408857014504,0.006483623177341413,3.077795915265056,0.7666798157724238,0.139971226919706,0.8693262422639019,0.7259130368345784,0.12246904457074471,2.2735352312338617,1.6933573886274456,2.8976399998931353,0.04176303673790229,2.5528974984643233,0.7376441505087807,2.2882965178248904,-0.18797358830790162,0.06140117101075428,1.222593977759969,3.711330684884577,0.24501572313075004,0.8210618670146326,2.0080007920846352,0.04639878920487437,1.6618002667247729,-1.1063604877004798,0.5676915854072974,0.8169438401824307,0.03621675848420051,0.9972366481118452,3.118251224855365,2.1433147441021165,0.21286770603819605,0.073163049585166,1.6396082913878367,0.4464015522264498,0.6401709670295392,0.5442374488452824,-0.00997534379137604,0.09522017015633241,-0.8000698338294173,1.4898328519851631,-0.44187559112311864,0.14302779985730346,1.683823749010017,1.7908429533556711,1.7681972245798947,0.09966591164531487,1.3715375091923918,0.8466962046259007,1.5546619061721758,2.187348409681628,0.2742803403877074,1.8643024948455655,0.6883028002855136,2.8409290958478355,1.6516367707797122,0.25994485223091995,0.0,GHD
238,1,2,0.0102500201414758,-5.59063952231521,1,0,0,2,1,0,0,0.4425280254539602,0.6663511813960854,-0.005944141040919887,0.6259911068047609,0.9034091851953109,0.4068459330086884,1.1593031133139315,-0.8716694612784774,0.04859321611305046,1.414492966381551,1.3467647853950424,2.100935665256175,1.5627755853246912,1.7635489134082636,-0.5744598321814104,1.261071873483079,1.893164236025251,1.7251746833431447,0.02950122957460572,-1.4597700770572495,0.055709456424831015,-1.3105493248562121,-2.2967855736372775,-0.9407153346806008,0.507710493523649,0.7647861445870581,0.9187672864173231,-1.677531136089757,0.5081418298798207,-0.11009933578417329,0.436439558652609,0.03900135500796244,0.3512963771530854,1.2233460765044482,0.250420784078324,0.8742461853314337,-0.5755831516740771,-0.3554195335654515,1.5407817444506375,-0.47406751311220213,1.0252606107903808,1.9080398360555957,0.407810914549396,0.08532002270272512,0.6361320327778809,0.3669936647740382,1.7508555150555283,-0.47143752276387296,1.1499969735894648,0.08211171177903193,2.8028354603945758,2.125065777819257,0.7771930685829067,2.2310800290981394,-0.014113566334675197,2.883521652645822,2.547670812020929,1.36193370007684,1.5536415074897716,0.04334886590933644,-1.4288675589450908,1.7913462200273087,0.00028100051546385763,2.3507093951217612,1.108444995836692,-1024.0,0.8048398061859577,0.5739106562833701,0.3206682893002421,2.7637687249561007,0.7548356088978652,0.1608408857014504,0.006483623177341413,2.9252348791561125,0.7782527978989728,0.34266356917607854,1.0481950159978768,0.7837823974804753,0.4058522519749404,2.6137573791507767,1.7102351574868841,2.543188969772794,0.03567752508817315,2.903210477774099,1.44506448309753,1.5833680182842986,-0.04544090534204056,0.06140117101075428,1.4333257701415403,3.4370173089014333,0.2535657481405644,0.8245153174125327,1.9253464311529946,0.11463750186252643,2.413154747565758,-1.0853459786252175,1.0396350801533465,1.3330775653639144,-0.2972988612021607,1.211398781316949,3.0620928002936014,2.7579303441174345,0.20954350761435553,0.16823572431551229,1.4287531886334475,0.584147724683934,0.7188312851318339,0.484507358353859,-0.2917230637266661,0.22313714595388207,-0.8512750090730699,1.9594165708193665,0.41759872030250794,0.11057105530548528,2.2284814379164146,1.485278959400505,1.3530963969224736,0.3278722506048256,1.4629974771136234,1.0881934908961375,1.908474977919339,2.203552327969342,0.12869029440107296,2.089661137663652,1.2023900055073926,2.827634675169006,1.6656740880239684,0.25994485223091995,0.0,GHD
239,0,1,-0.005743259367398365,0.4520071054309118,0,1,0,2,0,0,0,-0.05982437321504902,0.16140898280621435,-0.468418622153605,-0.7890100054301075,-0.5358934676115917,-2.0784832975759286,-0.9784859427598088,0.2974929404823226,0.7463629503721484,-0.7810222639206142,0.4750073188188827,-0.21228970011272877,-0.8337420842027047,-0.6142167895708998,0.26036425989542716,0.2789350977024229,0.1359575820631433,-0.0709679520817219,0.829744417349158,0.20929003117329806,0.05557115678168059,0.14242167410654508,0.5474523025183321,-0.42246832728608996,-0.8039897760683761,-0.6327332212774995,-0.18861022339929165,0.6997696639439288,-0.8693807227008231,0.764971028877657,-2.3587718533771183,0.4133173570653837,0.5960093533212505,0.36467138959241246,-0.9222438674986135,0.619997047936872,-0.10197991517139739,0.20961367736632522,-1.3344074420193748,-0.3915166504107753,0.12385851857648283,-1.469917193237469,-0.8045672589406404,-0.5450697447421549,-1.7288060972631725,0.5315615518266662,-1.9713991744552737,0.46910425847158527,-0.5165869235446829,-2.2698565589113713,-0.13159713476998555,-0.6694108086435422,-0.2766014768334709,0.3416095100963705,0.47851298028218286,-0.5810898753507098,-0.8148987312844487,0.1549943741476198,-2.7342937002974166,0.8843240756515797,-0.0819133577280908,-1.7959126547812778,0.25415612301341806,-0.19920714415642618,0.016706559886003978,-1024.0,0.1501270875087819,-1.7396619964269013,-0.46321783522795756,-0.5771799682303366,-0.7853732705686354,0.14951990570797438,-0.008318209826890872,-0.00702253016467118,-1.3793603872365727,0.4019733283212488,0.39280733132162116,0.7625927746770528,0.14343327794924143,-1.1379280904059923,0.2531374784399392,0.08685616177631453,0.16892689813011405,0.09795612463386821,-0.918333858903417,-1.0645267600032067,0.7757357795517059,0.06236843914819437,-0.14074853039649665,-0.3157574805425613,0.07175123936044393,-0.5656854607164638,-0.41099916178602797,-0.8271715806599595,-1.1848455622086458,-0.6328216481683884,1.0694607055230112,-1.0934338583244634,1.289286314981173,-0.36776508317614615,0.08766389574454275,-1.2532892876053814,0.27820802898292063,-0.2804264023880619,0.3549600350295359,-1.2079090826016183,-1.5612079027744201,0.4350656609622163,1.4802123476908398,-0.03646633968642067,0.25504775594463924,-1.0846676681232887,-1.47482936593011,0.22258035094577994,-2.3140921016992593,0.13359731808870878,0.7109584840886872,-0.10107365300402282,-0.331843111274806,0.12139184427138623,-1.4240138060806065,0.19696582974202556,0.2413585737650874,-0.6854945424253629,-1.122937200749085,0.12848008445556555,-0.8831009631985037,0.2554892673114432,0.0,GHD
240,1,1,0.08062815514999742,-0.09318150603783346,1,0,0,2,1,0,0,-0.23981516671664543,0.02414050936218864,-0.06067050054540918,-0.37600253242466286,-0.04294007234579962,0.38811952597923255,-0.2351479850611918,0.20016556546888675,0.20942154339925537,-0.2122490327081857,0.436362933867729,-0.15805909206293778,0.07222457704150052,0.06298955771867285,0.08056359499084151,0.180559738995182,0.3114884049749685,0.058542829339441875,-0.024243871919986906,-0.13534806042531258,0.05488767883354594,0.18911418879609673,-0.062263495662078394,-0.24861815743925003,-0.04556352718274499,-0.07866091740355116,0.18635009096873226,0.20048367507140763,-0.39227043736831485,-0.06445857367200353,-0.1986057254821559,0.32861107853023913,0.3659484825036461,0.5492064527494264,-0.20671527092267036,0.3513200326919981,0.3450706126966993,-0.07370688323609449,0.1302707508536694,0.9744640169521757,-0.1818581736554171,0.0941738989085547,0.022380762665182675,0.4561956423435196,-0.42826068626372443,-0.15580903835730534,0.5865841159637507,0.6310859716735079,0.006270150583920914,-0.5935270119240871,0.3487358446269006,0.3019564814695886,0.32776086070781585,0.2829313933627135,0.702154728598577,-0.3148709562508829,-0.030872881141822628,0.647506798481553,0.28243501956014433,0.6426427515562894,-0.34557403578945833,0.5646978717315234,0.07229819543883341,0.36180618666375985,0.014123603847065755,-1024.0,-0.4111085861825165,-0.7371328270671559,0.1297672758478667,-0.17648722679283438,0.8135325248459134,0.15990095693039114,0.006483623177341413,0.25742960700696854,-0.2533322298944438,0.39531100614218245,0.4706793024914527,0.30495249061171115,0.09651993748621615,0.2202034793128466,0.011156487181074698,0.392489932651563,0.053714355905689536,0.3976031278893133,0.22962327849385356,0.6359753397289283,0.4067580235087388,0.06140117101075428,0.06856305069650723,-0.19786768443396668,0.09971960963889062,0.09981142944287962,0.11647724179601988,-0.4544804847196185,0.050499405033763885,-0.3978959423960895,-0.054184984728779494,-0.14506087945696083,0.3089852243189466,0.24332360827997898,0.09449592842422391,-0.10225987075641856,0.26440873474022675,0.5283540966949984,0.5285995565283261,0.06755787480723134,-0.4604058098479694,0.19930571811007508,0.1988317884282591,0.04523189647596692,-0.4440482007580327,0.48397166141463377,-0.6460791604959462,0.11534158831383678,0.2464936252310879,0.719208772191563,0.3976374787587333,0.21142774708872403,0.022973655640065357,0.6261295232650604,0.5549025545211963,0.2555688833049324,0.3362445095014577,0.2749366187117938,0.46045612724985374,0.13116826942661608,0.19944592824268892,0.2577965362311406,1.0,GHD
241,1,0,-0.13300710042605499,1.5075448050855382,1,0,0,0,0,1,0,-1.500788838960495,-1.235030130677775,0.041853040562115876,-1.2980932794434306,-0.9191695238466016,-0.39213030681854305,-1.313942415109556,-1.5554153539081896,-1.5459242915305325,-0.9219852440921882,-0.36276014856517025,-0.9897603207395047,-1.0729072029945579,-0.6454597987406175,-1.4159153548767205,-0.7666554887026501,-0.3637911724441895,-0.6827255169826281,-1.636526085209566,-1.2792315055856553,0.05764858625267812,-1.2782278010415684,-1.2821454377438835,-1.0933176628549535,0.2664683234130199,-0.8969801905477088,0.6112311638638597,-1.7943103627972148,-1.2567783931240852,-1.7171100630460494,0.43648257365104837,-0.8552110321964176,-0.6950626970002705,1.5472486799823602,0.3294323492428998,-0.4385866908150758,-0.9309236516237721,-1.5991398752919987,1.306711929869466,-0.9670512648355418,-1.4737104469120528,0.5536605615326541,0.04539256506534879,-1.3590407114820822,1.0284249102639196,-1.6592839413477605,0.0691994991481419,-1.7771356395761115,1.1622848014739302,0.0695139468598392,1.1418040034096208,0.4925011258158341,-0.4651338460590813,-0.5268407234014602,-0.5995409646875843,0.22910183523968633,-0.0880087191824806,1.0385419683966064,0.7298737385100893,-1.3206343797356896,-1.7029996317146403,0.850892093093767,0.2876012040217716,1.635539526888426,-1.203624397123859,-1024.0,-1.148439127406952,1.021091945501881,0.5469282299967554,0.05019044161803812,-0.39289313819299065,0.047684000546923344,0.006483623177341413,0.9846478915582696,0.7088457628653047,-1.7348782068497108,-0.31964206437061354,-0.9675373155550713,0.18977579786668447,0.005364200308030065,-0.2235036120521911,0.8485492232440542,0.009854339630701018,0.5722980669716429,-1.1675439204346165,0.33075944303331134,-1.5093802323688617,0.06140117101075428,-0.94831351579974,0.449341437335263,0.09052353021664829,1.0691888550302016,-0.4318976825176727,0.5013446525255411,-0.49618513133349473,-0.9662677065398777,-1.1736542843424542,-1.24220220817837,-1.626790890110599,1.5778677330332773,0.12122860560213154,0.3394780843646177,-1.2092157271908905,-1.255583084805279,-0.29546825763120305,-0.12949558117521848,0.9155359860082736,0.3459614567012536,-1.4328363993945512,-0.1197080443543011,-0.8660852212855379,-0.9474939833368458,1.0100754984185085,0.2112705705388225,0.9337299662663017,-0.3731633038003202,-0.6814128385615391,-0.24952374513266312,-0.636970023742444,0.8035604596262486,-0.2019551748593843,-0.271704706852648,-1.357049622831855,-0.6498608086458975,-0.2765982318825437,0.17575423915008861,1.470305286209182,0.015151688440958572,0.0,GHD
243,0,1,-0.03473042556955739,-0.6909111888667236,1,0,0,1,0,0,0,-1.3928150478889492,-1.306981089961043,-0.07168107948011958,-1.5199606543683275,-1.3821925870622387,-2.0784832975759286,-1.44590803952503,-0.7808796789562756,-1.0396512915470113,-1.5484405910434667,-0.5222901469343354,-1.4621135015104982,-1.4501180288770226,-1.5288858424053053,-1.445380671720963,-0.7410559267502433,-1.1547400574038673,-1.3098841280923135,-1.0441039341141893,-0.5962048532576115,0.055673307788688946,-0.8188119578632398,-0.1955278746551868,-0.6728056768958283,0.42189340653617263,-1.2463013029664434,0.5818141139173495,-0.6356190141333941,-1.382420810209485,-0.937199475538998,0.1642094225597004,-0.053884418638044704,0.05023190270462495,0.9498372990561937,0.1960599207600048,0.20731872980904392,-1.4368312516821593,-1.248704841610695,-0.21806993793050175,-1.4682623845046967,-1.4135554622422162,-0.9321497681528538,0.2596691981276443,-0.8957052628284669,0.5512106461112016,-1.1791361319248947,0.23762137063302305,-0.8750691083390763,1.0266764441618474,0.17260638412492105,-0.44800158162124176,-1.094743175759161,-1.1803742397807295,-1.3295487913324593,-1.1046623522617003,-0.5500492018763319,-1.043604494403936,0.4533816594243595,0.26707873077496735,-0.9792098813469023,-1.0011715623395996,0.8724580949930262,0.07842180911558917,-0.17011877016596666,-1.384976626110698,-1024.0,-1.2555128446488846,0.41843687431751725,-0.8520062505711795,-0.8850548742845018,-1.8726956357694013,-0.1351635448097868,0.006483623177341413,-0.032011408672437756,0.7455590450072443,0.22646968476083165,-0.6231804569755456,-0.017461879813501516,0.362142633918107,-0.02097257924919692,0.25214751786847783,-0.8196540915732657,0.016837134737450018,-0.7604719593026859,-1.2741826221890196,-1.7116418687082322,-0.33132594905996204,0.061658463971476535,-1.7375343149260032,-0.3523671661414409,0.12105393627447748,-0.6747568772065762,-1.2056927283794254,-0.04773588376209914,-1.2340505580164003,-0.8245740955072691,-0.8127121660828577,-1.572271338068582,-0.8185748642613934,0.19368160915006466,-0.4334982573994966,-0.8699591454149618,-0.1855721590032418,-0.9189134642616869,-1.2583601798536117,0.14857757526681978,0.5116650584599605,0.5954384155628645,-0.7159932053045066,0.18314937844966847,-0.844844342220776,-0.7342595351833124,0.6870407231282788,0.004013987152946086,0.32184109803577005,-0.8011656499452066,-1.1303236403137507,-0.41553466195169564,-0.6897513457941009,-0.400328475687904,-0.47446064474274957,-0.6690255237242383,-0.49443294391049214,-0.19720146897861496,-0.9582621641825095,-0.4325592064652964,0.05467609030727534,-0.3219669509015488,1.0,GHD
246,0,0,-0.14199869084876066,-0.6400001507427258,1,0,0,2,0,0,0,-0.3848325016278561,-0.29359260899302037,0.21038547889721074,-0.5429258978212932,-0.4244053097458355,0.23111965755002892,-0.47823400440656544,-0.3317918925607447,-0.23347954907845536,-0.5814572633320146,0.3859390434732644,-0.6782180891535539,-0.4069269275553536,-0.5181547301011874,-0.3050255100544707,0.3048869050807991,0.03571597036095085,-0.06616984814459141,-0.2482911769195073,-0.10799075511198657,0.054391595297827736,-0.16403672345114415,0.17220062931012672,0.019543180176799495,0.3316162565239148,-0.45577459223768607,0.36791440052851354,-0.014567143242604432,-0.5672300978380019,-0.49833992666468435,0.2183597270552977,0.3357362918840668,0.34840567621167917,1.1991707502736086,0.2632765655434223,0.2978311254589874,0.419632709786877,-0.3130180513992003,-0.389582284239247,-0.5314251296076549,-0.4174879229561096,-1.0864116984785013,0.3311486933346074,-0.9529034647298952,0.17371735669488464,-0.32178749762784975,-0.04175237610750769,0.0680291874643974,0.4586659015627263,0.2617449001925965,0.23163471526971302,-0.6996529572570515,-0.3311191309203415,-0.14194157303980087,-0.3741439023835741,-0.5756827265203881,-1.03186303864926,1.2631667779480211,0.12985338652977724,-0.0417166597654584,-0.11592640354946947,1.1606798446891398,0.024023660545223063,0.47176563515441966,0.0269159161036527,-1024.0,-0.30512338743767436,0.01576952020202291,1.0506650561552378,-0.5895703226231638,-0.857350772412583,0.12681646082689335,0.006483623177341413,0.017097639348368925,0.6751435444608679,0.5432225002107497,-0.47804314259472636,0.419177432428372,0.2991203423562975,0.041111916728566796,0.34866982522604495,0.39363675847645785,0.036794259726022446,0.11319795629005942,-1.382150828159186,-0.8749871994108043,0.36787439329673977,0.06140117101075428,-0.7104733447909665,-0.3241844243571424,0.18399267991646717,1.4687897851335983,-0.4736559025755929,0.040199362526717984,-1.4640482054609085,-0.11612250915872976,0.14173197035351792,-0.4693946124462225,0.044660529597804796,1.5112180826783113,-0.43714439588521514,-1.0946050336514221,0.29166131724285665,-0.19838615790319922,-0.5077361728259335,0.4394163401356575,0.3517761475810984,0.17059372240278767,-0.04344180988844515,0.19357634921966843,-0.8506945372634935,0.23038991967266723,0.26516512647146256,0.003286104879832456,0.7824567147620494,-0.43157507980102205,-0.13658169879393292,0.6169586565429146,-0.638119711068284,1.336929932651749,0.5619385560822575,-0.5683170029998017,-0.07842085658443917,-0.19686280209410575,0.9887440738667077,-0.434001514381164,0.44623442070289215,0.18342082480202285,0.0,GHD
248,0,1,-0.1492184682083908,-0.45811848625375096,1,0,0,0,0,0,0,-0.5128536294115943,-0.4521529670744279,0.11513734946201153,-0.5085301180933044,-0.41931718084051667,0.17888070275276743,-0.5776817524605024,-0.34947676153812995,-0.3510155563581964,-0.8519133066996228,0.03715490809144954,-0.7576076344748325,-0.5495224075876564,-0.8399620998953481,-0.9190215207317206,-0.05217872126481858,-0.28251689938696295,-0.3651818985659063,-0.34736674274953466,-0.0839868424675145,0.05537100325160511,-0.38528065846843446,0.34088699772676234,-0.4255205525087775,0.40939245371426747,-0.29175511131485393,0.14739290181367493,-0.061211156854260575,-0.3806443651167277,-0.702958956814291,0.13122416442113108,-0.016203844674815737,-0.025721234941217416,0.8984937196299486,0.513558065552354,0.04604716873747306,-0.5399965419352072,-0.40441799937306994,-0.9615860194042715,-1.0646392555458633,-0.5462131216231939,-0.7386785011719905,0.22206252187469167,-0.7404510170317168,0.2693967528827246,-0.4258088840187187,-0.6710471128425278,-0.2437998795330112,0.44605281460214063,0.21386922253133653,0.10825139852623356,-1.1419692071655867,-0.9831964172378003,-0.22530137106244333,-0.4672859433616428,-0.578490524525646,-0.905771068569903,0.9292604618214824,-0.09652643842269133,-0.25279164132252063,-0.20657578474611435,-0.230666795174378,0.042206507282847916,0.014100158757482552,-0.14999151295813404,-1024.0,-0.2562526327988202,0.27496152839865645,-0.1639360563124882,-0.887452741645482,-1.4418614682653195,-0.17285198088726866,-0.016414372523333304,-0.09279696267545613,0.7598165657394815,0.24083099493847884,-0.45709580790948584,-0.24775725526062203,0.30096576650121803,-0.09178177287663683,-0.12791755569313532,-0.17951472560450896,0.022846738101151197,0.026980440525303625,-1.045152026483382,-1.3682378172460892,-0.35995910832821787,0.06289599016358821,-0.9550094966974404,-0.35069165928002255,0.09639218606232894,0.19673120747759856,-1.0677949648477785,-0.06532431396112076,-0.9799819354872882,-0.5523547316568654,-0.026402260578014175,-0.6637199245846725,-0.1893192004292481,0.6876401273425728,-0.4374357828777545,-0.7556117466519111,0.02897220438563914,-0.7027895913427132,-0.5525974785742064,-0.054850799127550545,0.5219114763715335,0.4430940862788398,-0.4277801953403826,0.04424148693593271,-0.8527750229212843,-0.4518029034835053,0.7081266187963179,0.002236257998047695,0.37931851784596293,-1.035817766661515,-0.3767879593135243,-0.4352864085120132,-0.9498515843648251,0.6807181499917759,-0.22955103033052177,-0.5437917378418593,-0.16692907783553523,-0.5565213090068183,-0.8813377022198823,-0.43865667135370634,-0.6410889232251202,-0.3632972548088033,0.0,GHD
252,0,2,0.6018559019638471,2.116535573203701,1,0,0,2,1,0,0,0.7161827630495787,0.7792439883470242,-0.037810844797694816,0.7261963330337924,0.7882091795068941,0.8123062704353633,0.621036441488042,0.9235717857633708,1.0049488627460326,0.19148744483155034,1.0347834725542275,0.03572235123185176,0.7385901434727304,0.2395409805286395,1.008281095198086,1.1070512716763141,0.547574558061209,0.5272154143535158,0.7927872571101523,0.9147326045975812,0.05485136953780924,1.0027479940021142,1.3062659427200036,0.03839866504672309,-0.25025988417042616,0.7286520135268993,-0.0349978440366391,1.037383934643968,0.6728638097140376,0.8733807148310385,-0.3582387681091281,0.39732682671729974,0.42875735670137183,0.5026612529701804,-0.4148790021879695,0.23008845372235132,1.267266417541409,0.8868653822795138,-1.1296016193344096,0.21548897962132288,0.7242748538692524,-1.4577949081436272,-0.10724211970283834,0.26413876642847395,-0.7557907587503904,0.745558217241074,0.009383272746182279,1.0511315840447033,-0.38290927551223997,-0.5778905382171863,-0.7057127406577874,-0.7881770440921473,-0.6848696391273257,0.09078734161437253,0.8264258617598557,-0.6086610333486057,-0.6049492850752057,0.7170154501391004,-0.3652282019529084,0.9679823737934355,1.0243565917304016,0.19455960978707657,0.08859336602198248,-0.4581411433728858,0.9180719880392761,-1024.0,0.7161239587827577,-0.946067525717001,1.2473305147887483,-0.8837750412722601,-0.02687139368741675,0.1608408857014504,0.006483623177341413,-0.6455179192151896,-1.0960211537834634,0.40466020287735555,-0.12570202759215887,0.2483247694618209,0.09734009113297426,-0.11075856416099426,-0.4022266688160008,-0.04360310742384419,0.06309518168294576,-0.06833705478546011,0.06056626697562425,-0.6446835800622855,0.5785966596702699,0.06140117101075428,-0.0954283442240281,-0.37343619314437954,0.10266605027261688,0.9371501115523967,-0.7526908001852989,-0.532196585556169,-0.571389939275907,-0.06688995571450346,0.7528416323686996,0.7040310233916527,1.3127488664254368,0.45108689956744535,-0.433277814552432,-1.122554644969019,0.26196953144685864,1.4604402252904887,0.7231849126006522,0.03507951340407038,-0.7782732934747908,0.5960492375283896,0.46901698139604103,0.021927825553317994,0.4031090749905392,0.5532916560054185,-1.2368735278716154,0.1054921155585334,-0.5192057141026019,-0.5542047121330994,0.8444335597473643,0.22116117657210316,-0.016828519689266463,0.9943809748048608,0.3665820465995091,-0.24957504030487257,0.5714141983731454,0.14608438473963384,0.4601581101891974,-0.442206143926386,0.013572408414615659,0.25994485223091995,0.0,GHD
253,1,0,-0.10625035013071897,0.7110793781453238,0,1,0,2,0,0,0,1.023478462141175,0.37497997447753323,0.09987961777981288,0.8682550901215912,0.021279470966479877,0.9177992003013695,1.1068473113610613,1.0667826520423906,1.218415499790685,1.1582872931279595,-0.9549580108485116,1.2266219363247364,0.39634726543853716,0.5190556927366389,1.3086401446005984,-0.29186411488710295,-0.10189662146392804,0.5462516761221918,1.242397315601967,0.9417089808784465,0.05452073370097419,0.0378480586984898,0.24077195668245246,-0.4865420851445753,-0.22615658913460834,0.11155990204405739,-0.28255574465500005,0.8174201581872,0.9089848968265827,1.4767378864659457,-0.5243959317177772,0.3358554419714119,0.4823297845511303,-2.3089728779314314,-0.02337098335277059,0.5563245147552318,0.4096783370703591,1.1895103033527763,-0.10505355692262418,0.1909964583035449,1.1959407781794624,-0.04409474581153508,-0.3240813791745726,0.7630084394063033,-1.262268684568128,1.388867438947984,0.2161836961549154,0.23565251951190244,-0.650127609241634,-0.2798243393442108,-1.470790955597048,0.5861629667073561,1.1869873609356703,0.828699897510875,-0.10506646508448249,-0.023697592573241374,0.5058482480003063,-1.8389605831565408,-0.28781939808157914,-0.07715832134616507,1.3149779291144497,-1.1283592653126102,0.1261739455955905,-1.1959045569117444,0.0878262778845832,-1024.0,0.5809408699043579,-1.1228896076136083,-0.272913266065102,0.4516825294045679,0.10695841376146523,0.1608408857014504,0.006483623177341413,-0.3271377089482436,-0.4502864729147671,0.40466020287735555,-0.028875877625512508,0.6591136042807281,-0.006712764397702419,-0.2798327256510146,0.4174586914174895,-0.8294680396203757,0.09038806808083634,-1.0138870963198006,0.6634727640791375,0.30595143685521653,0.512883939453002,0.06140117101075428,1.9252544899444044,-0.3587421127418096,0.12438158203134565,-0.8905107449358652,0.9631862172915429,-0.5801508258012689,0.5575148219627175,-0.69153516335237,-0.1620012526815033,0.6425937875049664,1.1294180875833935,-1.9400872873874837,-0.4351818138350568,0.018379739840301897,0.27099757142652026,-0.38485352202219253,-0.3842834110326973,-0.5322872847339342,-0.6062846754620729,0.5869037084679575,1.2983867967741223,0.017713046794516157,2.3282270834103627,-0.6278856452588614,-1.314917493087145,0.09058723547465307,-1.487370268685192,0.8714891681043555,-0.3595200439993684,0.4859862051953132,0.9529629619163972,-1.2716909383190582,-0.5830339429495659,-0.1596426672906157,0.7354862167144877,-0.034028782923358925,0.30576295158411093,-0.4433559112718661,-0.8793128375906929,0.25994485223091995,0.0,GHD
257,0,1,0.4540984872400562,-0.28316655145111824,1,0,0,0,0,1,0,0.6325283292689362,0.6071437317808941,0.11397795134117399,0.5661505323617683,0.5161416330316074,-2.0784832975759286,0.5020486484916769,0.569353678109236,1.2945136737052514,-0.2536314420607784,0.9620316204081986,-0.1897452595746186,0.500013110326224,-0.33760880023424134,0.6865243057794641,1.118628431321782,0.1564609165336856,0.21039184390259003,0.6476023285525261,0.8885815051287981,0.05450785334743838,1.2383260295879666,1.3168679049197474,1.5423865402551922,-0.12958058881373136,0.33086271406724127,0.12183209157012,1.0069549039653982,0.3846795521444316,0.6455255187603863,0.07725400583985607,0.569302620432982,0.46281202306356367,0.8082803232056526,-0.33804285948345864,-0.06007296023708835,0.8515275786990254,0.6683199697144233,-1.4766172821970984,0.22532918547759195,0.5291781635240037,-1.351807360308972,0.3363889287192458,-0.20955276071248827,-0.3863421023230126,0.7500837562456726,0.28659251657121926,0.9490276839628433,-0.13390932673350464,-0.13967233627423323,-0.6525148073046066,-0.9373587082871796,-0.7563119043731567,-0.19254949462097357,0.2038804278920882,-0.6173190103667535,-1.0479343922533266,0.8295768480407879,-0.06342639356863404,0.42210331107111176,0.8159230270317533,0.4723330791990832,0.02007265498059106,-0.5408431186101627,0.7487690442649347,-1024.0,0.6934212755913735,-0.6855717908042155,0.7897937531198477,-0.883066457793113,-0.03320189178043724,0.15706063257158817,0.006483623177341413,-0.6722711111503745,-1.8548273715510784,0.6131297450418364,-0.20687125791083708,0.45117089201978194,0.14904385591488067,0.5650314485235041,-0.38049884983302773,-0.28527572942079604,0.0697270129519294,-0.4687851830590444,-0.4865257407749684,-0.6375991357819718,0.9216997491326736,0.06140117101075428,-0.72338660431625,-0.3759483202201509,0.175288399887145,0.6958986115849789,-0.8384628701213179,0.03510930086986013,-0.9785263294124853,1.626881859113582,1.0428839663737837,0.40027078592621046,0.9000489877335712,0.4822194331045667,-0.4333636831527492,-1.1537882667252826,0.4106140020062816,1.4552295509638447,0.08815425364304072,0.5576326129551883,-0.4498620613122967,0.20057204671371964,0.5254441084170663,0.20108717843820706,0.02714092967800668,1.3209152887446112,-0.8316786970601769,0.060305001538833516,0.250069444732466,-0.6883263606503236,0.23610271207073713,0.18114262346972404,-0.872109251476396,0.8828060757299855,0.9159776560841976,-0.33157176574356934,0.4234162276532535,0.7168940817149491,0.5906623102653369,-0.44371926536221157,0.09366999929350456,0.2513165544681962,0.0,GHD
261,1,1,-0.06062782352927932,2.1947130687712915,0,1,0,2,0,0,0,0.5140884558179816,0.6863209266192948,0.03955363270259914,0.513171186754712,0.7171455824634573,0.5769258924388009,0.3710801054693755,0.5883679862992687,0.4413504490162155,0.12698067262954874,1.0817957510199205,0.23393947950179922,0.6015272850327111,0.29642772792820815,0.6517347647597698,1.0295585064238828,0.6592529049899432,0.5294288696910742,0.5621634014297744,0.40038097471720485,0.05463768475156061,0.8355528204704844,0.634826319863278,0.012891085750332798,-0.1428900694865268,0.6366874260125441,-0.15885718116316505,0.7245177565559754,0.4473532555294596,0.6394732076717216,-0.07946057325523327,0.39805701666541055,0.43725243876109127,0.5989213746939265,-0.25883964124693004,0.3620813398828792,0.7195890685468235,0.6651506413756972,-0.8752829141942916,0.17444292562698444,0.5762420540553334,-1.0975865076192644,-0.06465667865181482,0.05529196356816475,-0.5811995833988619,0.7479338543207718,-0.14873752505300633,0.8747389170161786,-0.3339657735531474,-0.4187793270640727,-0.37638557698484926,-0.3303296993228328,-0.11957800338550997,0.7731543556176139,0.3932918137637395,-0.550014184915297,-0.7137824719921675,0.669027616503111,-0.43311621408399464,0.539868264651915,0.3492187130052359,-0.29413629626336896,0.03746743885854914,-0.11037831465190781,0.8118027416096698,-1024.0,0.7146954655351727,-0.8689993921517012,0.5410383298641711,-0.39099842264795787,-0.13431663145021683,-0.07338257104681527,0.0037963271328226014,-0.1019382487758071,-0.9859082265075391,0.43847970958238647,0.5393608077020781,0.34595814325925994,0.09631533678749767,0.15517195965221398,-0.05266939577846825,0.02002250725899129,0.05803114905899868,-0.17528538358537316,-0.23615732788826838,-0.4535017900715339,0.5394864386692907,0.061577046782877044,0.5580037500146463,-0.33515611763297326,0.0993286238129252,0.4435517493436131,-0.2724095918646555,-0.44577770311405124,-0.5808249909466239,-0.09189758651655837,1.0575418712454752,0.572305067960556,0.9319507951056215,0.3546687683594029,0.08464988191120124,-0.8191375859992425,0.28982207819100797,0.9271562480974006,0.20084153396507,-0.04869021799094115,-0.6221798674414625,0.17689167086758778,0.3168674080651358,0.012234918306458769,0.15129194731684434,0.6610364536801483,-0.9855475344016106,0.08090697774830329,-0.24511349555412545,0.13024625771447398,0.3145329398594953,-0.22175528678395978,-0.545321706691056,0.7257768104093104,0.4354512363458836,0.3414084660027968,0.4117785961334232,0.39382961473259503,-0.16945678376256132,0.12597426341440252,-1.2204977800315047,-0.21408445257591763,0.0,GHD
263,1,0,-0.26425926924848736,-0.30163409937681546,1,0,0,1,0,0,0,-0.44392390109191854,-0.459839379951855,0.008172371304029315,-0.2241856751720135,-0.2251827666838101,0.19241471729332724,-0.5170572928253012,-0.338848352195986,-0.23116563728388534,-0.8429742086066976,-0.123578806430872,-0.6418778464350038,-0.5790951571698182,-0.9158135489048055,-1.061274895626194,-0.14208338235524023,-0.44351617849765473,-0.45353747108222975,-0.4311947906052335,-0.16341441384716582,0.057847846397447875,-1.2939656587758526,0.20605057593231624,-1.124338424183154,0.11842364847733117,-0.0754767271178948,0.07174440235996993,-0.17454392752585332,-0.07962256493257958,-0.49555332748592545,-0.06727461283002038,-0.7675511348856061,-0.4945582621440163,0.48315652849024976,0.3743008304383943,-0.28629191468400417,-0.7951989584356237,-0.41058184259597336,-1.0893640616923155,-1.3747990487768764,-0.5494849511336674,-0.9038964335030435,-0.016792495882304696,-0.651809765402727,0.27621561321094873,-0.4092208294965707,-0.8269272002959241,-1.0130649956597726,0.4048251497068563,0.12206124627698026,-0.451861664467202,-1.1195776329478127,-0.9435952397565595,-0.20988566963607244,-0.6328717224964189,-0.5608776710218872,-0.8530638835509761,0.41910321814700646,-0.3471439613462657,-1.086793288067815,-0.2039303719709816,-0.6834485767744101,0.16861526946365915,-0.33548285629723373,-0.22702672314508715,-1024.0,-0.002287189953968017,0.4870762017931143,-0.23116296744128934,-0.882411438292017,-1.6630606225223297,-0.10207888450120349,0.006483623177341413,0.020204023718759834,0.6429285641647842,-1.6144017463691542,-0.42281667384437177,-0.5613198317305085,0.08390965093509895,-0.2772740617985638,-0.13338550405065996,-0.732716636284434,0.011759635337795487,-0.5717023559811489,-0.937875519495707,-1.3598601032745123,-1.4045796505987878,0.06140117101075428,-0.6072953763549346,-0.3482380808873946,0.03845535474924927,0.20520223118593955,-1.040045054582042,0.2235475486366435,-0.7972021629723602,-0.7815439707545778,-0.041578622357424565,-0.5941161283710023,-0.432138481254269,0.6103958990697702,-0.43215572985819184,-0.6359203258372297,-0.4577738872193665,-1.1743927700220722,-0.8422505528823253,-0.25221103381721727,0.48431997720595227,0.5589056032041766,-0.8289593326011355,-0.12289874352828675,-0.8584998639984841,-1.08678924744116,1.0695888327953578,0.11392248983722435,-0.12715689394064097,-1.2206867415384404,-1.2136961733933154,-0.4836640539385581,-1.0712830799723871,0.015414064354016186,-1.1002689234456273,-0.5346410035633221,-0.23267687139382676,-0.6138544459557673,-1.0576980049301186,-0.43843300752791436,-0.5769012110368752,-0.26792796082290515,0.0,GHD
269,1,1,-0.022748327564323902,0.42700610847351134,0,1,0,2,0,0,0,0.29546789702046017,0.5884923588401717,-0.05665321067840378,0.4156044122096746,0.7814097611631959,0.5148827709222416,0.2559178169751624,0.40879394792492313,0.3086801727065863,0.347275647744371,1.1572800068367282,0.2551497736898835,0.6325438345798526,0.6781061367561468,0.3864931704984339,0.9698798656874549,0.9201205950431374,0.6708562815781867,0.3361363173564934,0.14336625429828662,0.05496528884802557,-0.20407543339733591,0.36878890522878605,-0.4951115090691338,0.04406586880160911,0.7253765112472275,0.21274976958235112,0.4306531105813426,0.38240982633822634,0.3347880171730819,-0.02141368034303523,0.22827442833720776,0.3272667210776764,0.7859534845884009,-0.09052216460129144,0.4055860713027028,0.6165221447905492,0.44884413987190774,0.08619966223320985,0.3543914715625458,0.37889968959848425,-0.7464120009204903,-0.017331117206449632,-0.04331486338943138,-0.21475373933028427,0.4498515015517943,0.0967519938830248,0.42394692954698454,0.18813514793084235,-0.3029945175069708,-0.13067331721549733,0.20386100220467473,-0.1791622201484558,0.8617022346871235,0.7493342487728804,-0.39911897414538194,-0.4076714060138707,0.9697647453298064,-0.17437557829648279,0.7578293820356351,0.15064369016441018,0.2781458302774831,0.028431309720808314,0.5737873347422,0.7192129044706008,-1024.0,0.45536729053392117,-0.5356879467984235,0.6177785484738497,-0.38443151528232666,0.10918173410061152,0.013989829736683255,0.006483623177341413,0.1938061184310135,0.41867257879701675,0.34266356917607854,0.4905366476048196,0.2632134380316216,0.11775817510299423,0.22137981083438696,0.13076599464583474,0.5125382930222254,0.038274915159667355,0.25925681897549857,-0.36126092153690176,0.02079876194376167,0.22675023969362773,0.06140117101075428,0.7287664265266975,-0.2442448336506795,0.096715209306594,0.7102107898307171,-0.33818025256382556,-0.474333820909418,-0.5773987172776975,-0.6674305355754605,0.551332790339592,0.5007381483891348,0.5207365901377602,0.6981674361031995,0.09254859203765393,-0.6725756290218918,0.23688649593618163,0.10065012885368643,0.5822404533115478,-0.04017667999644168,-0.24477381182944624,0.27528209654144326,-0.06730121879867981,0.03322031774209954,-0.4041395682679059,0.16387237771608706,-0.2789398386839909,0.06365477498753813,-0.028350690715603654,0.8162324662996681,0.5761116687556984,-0.2261737676183762,0.14580452866636465,0.8578283904785593,0.1162308786655442,0.28388083465307984,0.3214104266482156,0.08362363796072873,-0.304159050970574,0.13076063289622614,-0.24530563184013876,-0.052481016323972784,1.0,GHD
270,0,0,-0.1637293627224502,-0.658415281376458,0,0,1,0,0,0,0,-2.5250496458677514,-2.184916499156957,-2.4498464265139255,-1.988882026828621,-1.4788318585689926,-0.9226369702322215,-2.8299779204257987,-2.4359389269604894,-2.8525012025790772,-2.400037760869342,-1.6818621166315577,-1.7401047323979397,-2.6387047280112554,-2.1288806551748882,-1.725326926713479,-2.351727101247696,-1.9232848516434038,-2.374272198196567,-3.3754488546894255,-2.1122477143944542,0.05684209976300733,-2.278004089255259,-1.9053744285721017,-2.4243643269728197,-3.540050286572419,-0.8881026492207422,-3.7011832434093197,-2.2788641158926595,-1.3907925728378883,-2.0782902000922117,-2.0927017882457695,-4.443546667258041,-4.082234119083316,0.8039067405073033,-2.7653757458256045,-3.740868893470076,-1.7791578160815125,-2.3804402310683432,-0.438822866372965,-3.271240817565973,-2.2221188092832223,0.12065697069926842,-3.4861968665611034,-2.6743779339328158,-1.0534283702234963,-2.1549650366249526,-2.96238195607563,-2.977399861604598,-1.24193557330945,-1.649289281824561,0.4651263161502366,-0.9323702710821866,-1.8695643157966635,-1.0231097459089429,-3.6309098404544375,0.019307785480463534,-0.5286770407668282,-0.1714031906464552,-1.6512748144623006,-2.9578740369236947,-1.9768341231664115,-2.55463807520603,0.33609668524144365,-0.3539938957871521,-2.264549386573082,-1024.0,-1.6546863213317111,-0.8476182926783397,-0.8979622717504822,-0.41317963280436404,-2.1896675177421545,-1.357694438171558,-1.1752219152744936,0.4066404081322109,-2.2811503478168635,-1.6015709746664173,-1.9963998565160022,-4.256389891934894,-0.06356230418896108,-1.9460042485276186,-3.145437290703688,-0.9204254207283652,0.08624864795534407,-0.46825644354555107,-1.7567540133037995,-1.3341363138377353,-2.1831759370615695,0.12848308661103985,-1.4855595961936645,-0.22331027966555383,-2.859549904299938,-0.7755466825826799,-1.2645275429349783,0.03596165889344805,-0.859790090630917,-0.9585397400681092,-1.4425191159444544,-1.4847903647746035,-2.82923574848776,0.499114821927483,-0.4733613067988276,0.5936058527193535,-2.8713912802259673,-1.75178845836117,-2.5339244937519823,-3.7345274498831733,-1.7072270413237338,-0.06496732874002946,-1.959833274149667,-2.1992907847121224,-0.8451706684118739,-2.112471175595221,-0.14934907150545224,0.3436848654633861,-1.1340090210074358,-1.8484991501631822,-2.2369784840507174,-1.5909151215102741,-1.4062213148893112,-0.44824751078330516,-2.9764253311067224,-1.3283873033972615,-5.308661848822748,-2.458531615832311,-2.3190345582355643,-0.4505079710348424,-0.7318355647584007,-0.9587794959225173,1.0,GHD
272,0,1,-0.15283724505929852,-0.5114858334303548,0,1,0,2,0,0,1,-0.879785188508259,-1.0951260309569435,-0.03886747399438176,-0.6327646626585565,-0.8729191641494288,-0.04530502425205231,-0.4147115598878158,-0.9512462699210046,-0.8548257018284591,-0.18493838817734426,-0.6543744658549845,-0.11702302373924357,-0.6820463118186373,-0.38687000622471124,-1.34106660884997,-0.5322564504548267,-0.28079262308241043,-0.12348188290106647,-1.0143651526965558,-1.0295038121852753,0.056977634154673475,-1.4102707050659973,-1.0853169730552898,-1.1333451881207148,0.3079222336682196,-0.8179190095229752,0.5181063638516292,-1.2752383236982592,-0.5937515436250602,-1.071383430957544,0.5355493255857569,-0.4983004876317466,-0.34755293513437957,0.5082250827960018,0.35150927106032287,0.08119931287729656,-1.0328232976674394,-1.0070056478668281,1.2765138663063038,-0.8853964662172075,-0.6475041759010167,0.27494454890814246,0.16320281250111596,-0.9624394602030237,1.3103691697188855,-1.0125904609107326,1.082106456705179,-1.1592020620982826,0.8572898638004693,0.11216404853361955,0.6927416764610843,0.8593639892458783,-0.7058404487019725,0.27943790003555535,-0.6895312310759557,0.6569075198513749,-0.16839662837923333,0.3972396295167177,1.2068766997679552,-0.8578515465272787,-1.2071512143535972,0.47299858522969107,0.07918088430506276,1.2491896885661697,-0.513982305297854,-1024.0,-0.5364157847100582,0.8336728294399208,-0.3122815716493651,0.1581281595992704,-0.26328085202087176,-0.013448530091469051,0.006483623177341413,1.183712354815951,0.746503145138142,-1.4576465200852193,-0.32964841154908664,-0.3094804071288228,0.07915262724466618,1.1041825477501261,0.4697693454278664,0.7195262960805935,0.011182336940470874,0.34042872475820185,-0.8867471292798462,0.4684969085945922,-1.1377352823812348,0.06140117101075428,-0.2047936472231323,0.6017311808545691,0.10526781703829481,0.15990072047638762,-0.5366559142306226,0.18549909225764366,-0.2905209788190745,-1.0447886842422522,-0.5842026155967966,-0.5424326579723082,-0.9919126644976213,0.7712460549202891,0.44330649723413124,0.3056744343936112,-0.4324504118801572,-1.0759071373876545,-0.46594810509856693,0.16021695435637875,0.6346430998503159,0.5547419888662706,-1.127010563550933,0.002934640682731985,-0.86418728103888,-0.6404323221667486,1.6051986799951754,0.0793308486116134,0.7131906514384112,0.6632025017100289,-0.23290530024468115,-0.33787350407814876,-1.0387444117405884,0.06577854873923115,-0.3112210689350466,-0.3184063788774115,-0.40929673959091956,0.5616515150417312,-0.5739739744928904,0.15977913508568264,0.451398082985239,-0.10583264123412711,1.0,GHD
282,0,0,0.09984028721871767,-0.1578651119068279,1,0,0,2,0,0,1,1.0706950159611328,1.1186209791643285,0.40662342015429975,1.1434373293904316,1.1799429796835956,0.7530446875922524,0.8075388660965838,1.2470795519665652,0.8338157945876773,0.7515074125384519,0.9274338358234834,0.4961929076378202,0.9101572955798859,0.817313856809534,1.074510510279386,1.0242309339699118,0.6694095280074016,0.6804819257763597,0.9309700391183983,0.7926801028471709,0.05372431309189921,1.5230075519560071,0.5587025742989903,2.3727679753104662,-0.1597032630851946,0.9432079163960533,-0.2302000819569594,0.9819046471946289,0.9176836575029876,1.0629277270819093,0.7911892620172362,0.6867537581810328,0.4411159190235547,0.04351023586188842,-0.2012007314857368,-0.2843462929905431,1.0180300707240322,1.0090972112484449,0.030642378881023648,1.3408169294814831,0.8563399355882885,0.1533174187200383,0.507531939053457,1.597848722883039,-0.3421711583793153,0.9482790840369213,0.31481430700174756,0.9272401331827813,-0.5671613541986485,1.0385302096923135,-0.2550842999041087,0.10827438229176019,1.4061799316328303,0.5630978851048261,1.2397032037681723,-0.4210907308068493,0.6532638606177753,0.2947165893032192,-0.29798516941854203,1.4442701651953196,0.6707945650205852,-0.16854825477086718,-0.14490685064451272,-0.13970900715565612,0.9097293607473499,-1024.0,0.6667517751921554,-0.32239487813151496,0.7709094655452025,0.24698048008940016,1.255225975558596,0.1589561408964868,0.0037963271328226014,-0.5239842966057027,-1.9393892068982383,0.7234064504738064,0.6943422486741857,0.5648735711830619,-0.0005641056447205388,0.0805740665764123,-0.4053234725310652,0.26752589772407936,0.07940449345343717,0.2062751261534532,1.6558299824568448,0.6580781750977591,1.167930087649424,0.061577046782877044,0.6619046325053511,-0.35098806471754757,0.23780969549588968,0.4590051453856366,1.1498818593497475,0.3344899629352199,1.126254433142906,2.5287533387941115,0.42375969313101164,0.7395448312521247,0.9698830357624458,-0.06316071947842516,0.07688198417617341,0.2607538460273635,0.5342830394633185,1.2129119859294828,1.1909602376600164,0.9400820965360875,-0.25191370440033606,0.4128104538057815,0.874016222197667,0.3769716543766375,0.8524977767611533,1.028965838074412,-1.1190641030555557,-0.1293095431064135,-0.2976175660936486,0.2799443386381006,1.3364039981708693,0.2758895767949022,1.2495472284312683,0.5750521482912148,0.668863924815614,0.4930807600746598,0.6253119164264861,0.4465796909033152,0.4239367868603571,0.12626683690457305,-0.2230602259673834,0.2595255782121643,1.0,INT
283,0,0,-0.005752564311048051,-0.6425318587861261,0,1,0,2,0,0,1,-0.36871377620211937,-0.6148060998736503,0.23619476789809196,-0.2154048277325727,-0.5103212097509587,-0.06492728555355348,0.786522520487689,-0.38850346662639845,-1.0130424553200288,1.6354326753157562,-0.4465934647216757,1.8974653738851903,0.6112672770903713,1.5444496602162447,0.0036387358997011635,-0.24340739575519754,0.8558147709146181,1.0768930566386248,-0.6276189058569511,-1.5933447763787008,0.05723088365101726,-1.345052910778676,-2.637494350797668,-0.956553595888494,0.6191506578041194,-0.6956468810219426,0.7412495788019976,-1.8052420800935434,-0.4115658644665117,-0.6600038858764289,1.582478874382711,-0.24478470539683211,0.26066460802715724,0.592299794399516,0.6462159021984851,0.7082614998131632,0.8080532013898996,-1.0938852233038274,4.223056804269613,1.7984359352386141,0.12657492255536007,3.74313369107769,0.49949262472868167,1.513912246738859,2.275466850648387,-0.6528198279999207,4.18242848662595,-0.6418051635009528,0.8693952195316161,0.8410107449122359,2.9080776309548115,4.15587749821999,4.527871079711936,1.4476777239200973,2.99127841079332,4.372328577629953,3.8050380987307486,0.9711366259072804,3.6667938015001167,2.0948222627092776,-2.538230736008723,3.431583477142549,0.3536486033303706,2.9013077582203732,-0.14415824017223347,-3024.0,-0.12300880347846396,1.233017602392863,1.569182192925205,4.095501317026782,3.580252620532383,0.1608408857014504,0.006483623177341413,3.0217085405176127,0.8327713237749262,-1.0907711868859227,4.093532324138784,0.8394867394716458,-0.051476169241356215,4.455175759686217,1.686898498666225,3.153342233215286,0.03937813589579376,2.9879605936478217,2.973022786881955,4.389575039731226,-0.38203542929588286,0.06140117101075428,0.3239919170643816,3.763407065275975,0.30576942303771304,2.08540223802891,5.350401754720068,0.2719098243052773,3.949144120213458,-1.011875333333084,0.12538918165954632,0.22073000528914405,-1.4180111117568208,1.7318062861912527,3.830310498931418,3.908307750560021,0.13188652813060947,0.4726794514758021,4.041747235366545,0.8601850206693344,0.9888428712232176,-12.918792079594638,0.3743748290537303,0.788476728146974,-0.8473253956117334,2.2334092418375717,0.556747191042859,0.25620464952803157,3.175399503539099,4.866066634701715,3.422434895784892,2.429807856078638,4.226105538826834,2.090542031721241,3.068751065672085,4.712769349262754,-0.12203497125338507,4.968182280639656,4.690014711424072,4.917357614505558,1.448456465265954,0.25994485223091995,1.0,INT
295,0,0,0.08225641780330864,-0.6712703191622047,0,1,0,1,0,0,0,-0.04476865576743156,-0.05125641973496707,0.2699277954527982,-0.016349392085508698,-0.022364261578293042,0.3538354734516059,0.04336155630163562,0.1481948950774777,-0.013997215309369005,-0.10886049604324934,0.2560743710611931,-0.3123744736729631,0.04386606745525949,-0.12366830030632191,-0.04601399224276722,0.2861821685013585,-0.15211242724164076,-0.14971909144907292,-0.07700818534318463,0.32274706961249533,0.05421477283894888,0.4550918040329797,0.26160884307314464,0.5870897998060389,0.4376470313687217,-0.024175048751701612,0.3296113754727488,0.16516053219672613,-0.018458584163685805,-0.37936458012565943,0.6175283254894046,0.3346320947113393,-0.0759147324884792,0.5283796746808641,0.3424985186203579,-0.24304412708730097,0.24990255225429642,0.004223236996744644,0.04851747735758465,0.5905211311905376,-0.1842383355612256,0.18614457313532817,0.3651533045279968,0.5088534640143842,0.5868060643019581,-0.21119979727201155,0.5080410772551291,0.33313440777696973,0.37930105950709136,0.46124483774887776,0.144285921196308,-0.1655577449250482,-0.08103289952831472,-0.42695358965977387,0.35749835941492325,-0.4012993904459243,0.16407059075609506,0.462432864125836,0.5433645823239281,0.307664134043908,-0.01123473766935649,0.2649010536035644,-0.09829160660775674,-0.10360975672066876,0.1311436724394023,-1024.0,-0.04560490216299844,0.3213250927585734,-0.04845907253844032,-0.4361167241744246,0.3374257446117126,-0.02080030237287586,0.0037963271328226014,-0.4869335160931754,0.747658134456907,0.5426550461878039,-0.21851612657717584,-0.2876764492824136,0.09789987567535452,0.2598587590362049,-0.34919175509666056,-0.3429284602700732,0.027323564590317442,-0.2551601248935449,0.310728247702297,0.1448525081128201,0.20618713120972748,0.061577046782877044,-0.22292890799207535,-0.3578802750112451,0.16751901505987174,-0.0705865165084449,-0.25953107629514083,0.09944330527535922,0.17513327668389378,0.5522601699604736,-0.08551291569785477,0.023697941324399042,-0.020689255890512116,0.19133808170056862,-0.14512325141999274,0.07438493677443273,0.3355772739881479,-0.10261764521742874,0.18826817941988597,0.19756760727843062,0.4005965156549083,0.4114525436266053,-0.36405219623856006,0.18825683043739516,-0.517301564318945,0.04843769427606417,0.5103685869693028,-0.04465814439684659,0.3418240994949873,-0.30755098262696895,0.061068397041316544,-0.19734180773909973,0.48277144934589183,0.24070753486227806,0.15631346135532745,-0.36168144578684003,0.21561661459891474,0.06877014867744531,-0.4315331090941249,-0.4429515858105224,-0.3194122742219195,-0.11664837369598208,1.0,INT
300,1,0,0.06755856703791173,-0.18027251734987126,1,0,0,2,0,0,0,-2.133767658605383,-2.2246255323166015,-0.2555181469324963,-2.061311020872043,-2.1202366172485623,-2.0784832975759286,-2.0874659615421276,-2.3460963621317226,-2.1153591584948277,-2.142257427002514,-1.3259213813841286,-1.7315844496631072,-2.350145177834842,-2.3288171091032748,-1.5426302262716833,-1.4719890560316646,-1.9912651879795937,-2.0245997892213636,-2.100047569756058,-1.4603042109823825,0.058074983328070075,-1.762469118574421,-1.2958430505545584,-1.5121908741925771,-0.34103935434777544,-2.010595406572277,-0.38318614952590574,-1.8162397925738127,-1.960837340975516,-1.5895296269932007,-1.827982858687324,-2.1678142905405244,-1.2890998337474548,1.4753520620281841,-0.4138839689359514,-0.7932563461187844,-1.2304791673373177,-2.1502581433498493,-0.11975595101541295,-2.9445701200547325,-2.1088223674261166,-0.01691114121402665,-0.45666702857680197,-2.605304249890896,-0.6772802184427936,-2.171190595276041,-1.2910792901217734,-2.5304369992938285,0.6338987593110073,-0.3841618659649625,0.48955956531014555,-0.8541380463016346,-2.113490280837122,-1.1453770351014703,-2.121263330473872,-0.10097646818624718,-0.5237931759079364,1.0151288279672117,-0.11400917940752281,-2.395373976603141,-1.7630681351240143,-1.027094794746905,0.33761383021356695,0.054246250796734334,-1.9963972099651595,-1024.0,-1.829844890183335,0.5852484615619747,-0.06752475113406656,-0.8856495406294198,-2.576566119128193,-0.06555455088911523,0.002452022533693507,0.4220725769631392,-0.9396669891132664,-1.7921416944653241,-1.4213778075897494,-1.3253474267735041,-0.6181204596424309,-0.4171634937787666,-0.23745873597749642,-0.7996087820357144,0.006936469506723067,-0.42621035294792353,-2.1263451031816176,-1.8718178752230488,-2.0428373487942206,0.06166498319130714,-1.5609920135977067,-0.2265089530954505,-0.019476319560214693,0.2639664551237612,-1.6671052862337337,0.6625369710130201,-1.3354620969830413,-1.0730101854819576,-1.7116154187355854,-2.129261812265773,-2.1002729706499004,1.0258406517825993,-0.4472773675609933,-0.08698692966236436,-1.534445857184599,-1.6390855331016283,-1.4995382118307237,-0.5215115360147846,0.2884638210815978,0.32587830506882576,-1.3629175525145105,-0.9125865149978584,-0.858028174453695,-2.0694215332812727,0.3382928678460137,0.32159610905780733,-0.38321782132698823,-1.0793207629615478,-2.0015153378780766,-1.0999302252184942,-0.9931344752589414,-0.12063819807756042,-1.9351601271327852,-1.1058111185886328,-2.482560804765447,-0.8917730300040665,-2.048459212240572,-0.44888042795446453,0.7372844450148487,-0.19838777718685988,1.0,INT
302,1,1,-0.14380141920949793,0.13575252623304124,0,1,0,1,0,0,0,-0.08221306898010457,-0.5804496774773346,0.011436483537528953,0.318967231313402,-0.29120904087848076,0.09869101219740838,0.5420834721528248,-0.11874651658934869,-0.6454788959089247,0.6171646033328237,-0.559045893453927,0.09539442895867968,0.0070882359915573,0.14585425369477362,-0.9678422266263299,-0.0782277087820126,-0.06301780229706405,0.3957269244589043,-0.5130188216790675,-0.33090524964570156,0.05789408055555328,-0.8335334766984982,-0.388090344234369,-0.8284911574503585,0.08528638557029455,-0.13196551777483598,0.1031153532699758,-0.7269705284549635,0.43912682791674196,-1.2586993998082643,0.14718348694070443,-0.7539212341663991,-0.8578779143737947,-0.11416875455627848,0.38865310848367457,-0.5696201128246645,-0.8358821216160719,-0.11366033234847145,1.0989700760783692,-0.10560438626262904,-0.08831028338244498,0.4380293741993645,-0.22967008774645212,0.4056958967634156,0.6477951175668396,-0.34917676089179983,0.47933535772149594,-0.6172953061216434,0.33484019488878064,0.019332590266204815,0.09547585428855279,0.6828376007824756,0.14491522992672431,0.6444315371614567,-0.2764716570005913,-0.01927622412927669,0.3484324764133235,-0.24917994711453964,1.1137816666792515,-0.2194074457805688,-0.38436333078907164,0.010607711271461056,0.1663382061328661,0.8180198817996033,0.16094998650860254,-3024.0,0.561688768034942,0.5954559369068435,-0.8506827737825051,-0.009220571820843609,0.024996215660078747,-0.11740708619307873,0.006483623177341413,0.4035161477134784,0.6210985789406165,-1.6579911329942467,0.28308657772065465,-1.1581700696786599,0.026061572583141037,0.34140618950505436,-0.5005112361663835,0.3704182815717544,0.009479694191914233,-0.171593581495503,0.3176140456432363,0.5037118037802794,-1.4893664401491602,0.06140117101075428,0.45426519536285315,-0.1741895289373379,0.009504678443213507,-0.4653013360443189,-0.06335459752322524,0.28504615292147206,0.615128837369447,-0.8015012959252683,0.4336078955742087,0.3740636977901465,-1.1426619086522225,0.04702172497739793,0.08775656077544651,0.7553436902865481,-0.5775345317814408,-1.139455554201979,-0.5495806601447312,-0.6895325047161919,0.4640148250784772,-1.1421975519849588,-1.0375327085363093,-0.08303589325943762,-0.8322087797091289,-1.067987414729581,1.3718462262868751,0.12515931570524835,0.2536042645532217,-0.0034008312055101445,-0.21616996073919573,-0.5001645710780179,0.3972619499303527,-0.482766455518318,-0.8187290479328779,0.08839121195325453,-0.4392208029221261,-0.27941444817415534,-1.044441059401002,0.12404049064713175,-0.19065543280158953,-0.29442292012883764,1.0,INT
303,0,2,1.4971793797836945,1.042938463854733,1,0,0,2,0,1,0,0.7966181077292637,0.6209975543380758,0.018209987944694268,0.6306101545031207,0.3838551341248549,0.7898963558312434,0.7738288873450175,1.1947785692227457,0.9393518551611445,0.6288959596164272,0.300920415136341,0.4253220609164483,0.6136238367784845,0.4581909388893084,1.0540462254117462,0.5635738097794196,0.28877871218883006,0.49120089073874335,0.8940162394374646,0.791294299156308,0.05480046124003866,0.9682843188310954,0.6262491804125442,0.34926790299940114,-0.3843636096142548,0.3852982403987425,-0.19292090041939247,0.9367408727168726,0.6188441278685094,0.9408090908498061,-0.4919813634754741,0.5165957242381841,0.5426700479985923,-0.5018196473756528,-0.5220807136453341,0.24994323757933526,1.0077917677572228,0.9023932026400415,0.02971779648147967,1.2749426412395604,0.7193543277687033,-0.21638961859610958,-0.0763099024217834,1.4642687838909483,-1.0174491443338791,0.8472441826321145,0.5355740344961043,0.9552913810594452,-0.5432151097606833,-0.3881151246007317,-0.47645139291732064,0.23868947874662125,1.0869947928403303,0.3496509998412995,0.925211418792339,-0.23995130788261065,0.12184908605510328,-0.2955824425249008,-0.0038472957378991282,1.0842613343869385,0.7019172654775592,-0.02920965506672,0.12193460773493779,-0.39694497208539997,0.6180030292590956,-3024.0,0.4435698827363341,-0.9583630061704853,0.670175061816008,0.3398117208751259,1.2008070080024895,0.15706063257158817,0.006483623177341413,-0.5778203853522896,-1.2274260022849943,0.496352263152754,0.7293859269653472,0.48162927238126607,-0.01783198527234972,0.41263111157753024,-0.27738540494210134,-0.0011174532230026515,0.09643245253732967,-0.014176837786262737,1.5125386443438364,0.5463738162754938,0.8613817320185745,0.06140117101075428,0.4297479915845085,-0.3491036567153173,0.17348345121927924,0.16698801016891793,0.906042947929334,-0.2988307491518293,0.8531594038165013,0.2588474978130658,-0.023958581366601433,0.5368491750501476,1.0712229783139244,-0.45252348062561326,-0.13529753538032685,-0.06229071462219387,0.3048756176043335,1.2352409454078164,0.8203663906104394,0.2931452355735967,-0.814311469947167,-1.713313860042124,1.0993151416950249,0.16838963407365728,1.0356067624103342,0.8077584422812835,-1.2337984734403344,0.10391777117583308,-0.4722824254310429,0.7794045622244934,0.954469549868633,0.37493503147930834,0.29477869595350903,0.060321034973720454,0.6986006035183115,0.5652574574794841,0.6832318933006375,1.007067693616646,0.7027489639908111,0.125754347537598,-0.39739715601366665,0.2513165544681962,1.0,INT
309,0,0,0.09685690270580873,-0.5736762531982643,0,1,0,1,1,1,1,-2.4127162685929857,-2.626758400184169,0.24919553585820214,-2.5942146020223404,-2.8105549875635507,-2.0784832975759286,-2.28161768100072,-2.205751093962511,-2.4025752582253888,-2.771718628032238,-2.2066640768449095,-2.629974904470513,-2.7049166278525454,-3.134574613117814,-1.8123244858953014,-2.3213036442652135,-3.118506354782477,-3.0618888018011936,-2.214890809104253,-2.979865387109764,0.05866725044707567,-1.438237976390847,-0.6641264057915894,-1.1212784708666026,0.33269864633543506,-2.6983120005148904,-0.4002490689440021,-1.4571897808086762,-2.500669265014496,-1.632902919737411,0.4767609078174437,-0.9117714224758119,-0.7121452227203442,0.9277691893864353,0.4576672404207597,-0.4213289130290958,-2.291933201679748,-2.3532577477979206,-1.1234456511474942,-2.1719571515546856,-2.5327259749217954,-0.506259351044686,0.10023133429258167,-2.8892979198988558,1.0101448920272653,-2.47529174613311,-0.3325587657764812,-1.929410838931359,0.9172865356957158,0.0035440726968697105,0.8119517841648751,-1.745656182650601,-2.3763714385274297,-1.7842174995388322,-2.6856128223683893,-0.6199630978262267,-1.7677956416523157,0.0008724879693622907,0.31157142079909456,-2.7869638570515374,-0.9320291797016714,-0.026397274598207947,0.3362967776432147,-1.3503476818718838,-2.4390691614596665,-1024.0,-2.453995449544445,0.7502892643296871,-1.7396321143925995,-1.5818280723112172,-2.6869965926351065,-0.16680562444138905,0.006483623177341413,-0.857395042943672,0.7587365133408959,-1.6992984882697777,-2.231712347534407,-0.852887314247316,0.4804014433316347,-0.8201654363902227,-0.1660001806642434,-2.246732474508858,0.010401346149349911,-0.42809950621097226,-2.6116627412839444,-2.347908176629639,-1.47314526252711,0.062046766149670994,-2.18830187146119,-0.3850664020707257,0.1390619727702876,-1.3439885154978977,-2.2140434151628807,0.5367219653292525,-2.0026069552358705,-1.0705125378477336,-2.299872821369868,-2.3672066943869767,-2.1128599483847603,-0.07894443903862505,-1.1868164608706588,-0.9104206716248292,-0.9185976487382173,-1.35416029099207,-1.8109320004619072,0.02162450386398234,0.8340544203542951,0.3015874979246164,-1.087452188326596,-0.009635742712417728,-0.8444184666366913,-1.355854291709619,1.4660659747934865,0.2597172062476968,0.5641141521915849,-1.767877808140052,-2.8536190431874076,-0.48347485629994685,-2.5403843333085288,-0.6754757891582056,-0.7520825317270416,-1.8923209846243536,-1.60001703302926,-1.077155038454082,-1.0613332924744214,-1.1747981938452337,0.2779957458515218,-0.37047542098063213,1.0,INT
313,1,2,0.29171487044168865,-0.15444954467134592,0,1,0,2,0,0,1,0.3094904892427243,0.31783058205252906,2.0708577409611455,-0.5122741327878498,-0.5395577555376231,0.19319871054800047,-0.19447098024399567,-0.00723980879637855,-0.38806990762499144,0.026795136523316995,-0.5063776164614125,0.19252809397006873,-0.22876237480380246,0.02207126409284348,0.26528940129365036,-0.5493453089077691,-0.1889941952938015,-0.1847099726452689,0.0332703200007085,-0.3949506670943872,0.03936615116402571,0.08803844888055018,-0.6379938781113024,0.027352250826804685,1.8060006011986522,-1.3776844746305479,1.7534536398926355,-0.14334580518207385,-1.3254434152720553,-0.4069567884087034,0.49342813524266804,1.7270842450076827,1.925540501309369,-0.1588713130308497,1.6529182043339645,2.086300613513376,0.9634214719888369,-0.31743700816668957,1.0682030801030948,1.9010465265948113,-0.3652883089886646,1.0047395928818204,2.0242350249212655,0.9809919818480313,0.11461961642460251,-0.5340757135548461,0.898192402759461,0.6222562862243982,1.3362680332400056,0.420409809462735,0.7568200030034224,0.8211061011951305,1.116189633932799,0.26271701510833684,0.8739993108106748,1.0020809162538609,0.7493026663555858,-0.09879978922790959,0.8999078746787336,0.16466780492424243,-0.7836074684207511,0.5215930459410408,-0.08507210213581334,0.2664084753264582,-0.34149850095917716,-2048.0,-1.5746177677284214,-0.006754783210316018,0.7460033033082218,1.0705405306582196,1.8950192568702056,2.1452493093829204,2.8417220706129775,0.5581901457902604,1.0448914369915387,1.4084657058748926,1.0823148889539413,1.6279284028406347,-0.010652972264194234,0.6966793542243227,1.649779278842214,0.125182949072099,-0.2795386899492516,0.662789735182778,0.8501513186872238,1.7819744565988607,1.1706812235763628,-0.21402832232693675,-0.07433384802713923,0.042473568786643275,0.6824537192392655,0.667528071413861,0.8543187054995328,2.5358867258957876,0.8141848469884588,-0.6317511227562395,-1.0631697718904998,-0.5060510241098861,-0.32071459813697806,0.41823252462652827,0.33335777459388916,0.8515542245416712,0.3614748911155266,0.4162603012462808,0.7055806723789663,2.0924830285561824,1.2016806121712458,-0.9859783758596466,-0.06347374445336529,0.17127383172636496,-0.4856355171358852,0.616850079037983,-0.4814358462197278,-0.03943980964580254,0.28259616665350146,0.4004347566204194,-0.12003944434443457,0.4792835164813894,0.6054916379645824,0.28729483747179557,0.6068687782735201,0.821077042319879,0.5626597358416108,1.1135836196736397,0.8512302218820542,0.5881088523338284,0.4619331018978475,0.6909614523770813,1.0,INT
318,1,1,-0.24718261965755786,0.575648132971631,1,0,0,2,1,0,1,-1.0315573979653643,-0.8969475991802012,-0.2651201826204895,-0.7183733605436866,-0.5120180002077738,-0.05191571627453496,-1.0564280230517265,-0.7979494814985303,-0.8694926804979672,-0.9914994592224222,-0.6118236997880294,-1.0330835882472165,-0.9703042951672363,-0.8864068538583616,-1.0226930933973057,-0.8732918096498375,-0.7219506117153365,-0.9014812372671135,-1.0861703201407804,-0.31444428178548967,0.05677377294383423,-0.2564009580427537,-0.08619098744885323,-0.096279159065166,0.007951216350762158,-0.10101089110600156,-0.32451809731537545,-0.46964189879114615,-0.3098471030133047,-0.836670343080809,0.5576731252259494,-0.633553105409903,-1.0397681424624265,0.07526279204475753,0.2986466060227506,-0.9849837569598281,-0.8628533344694939,-0.8251214354998032,-0.267974632031861,-0.11809069512791219,-1.055331658867928,-0.3007518210218791,-0.4756747815218396,-0.784020081668528,0.9795652915074593,-0.9081860262505508,-0.9576932703247794,-0.20651357241113522,-0.005949794850789223,0.5979207130210307,-0.28208300613460163,-0.544775565420597,-0.8903390030598415,-0.9275905399890355,-0.43810314076321,-0.47377277512327365,-0.6827055014604483,-0.005663016280341084,-0.40908786092743127,-0.3707164155564735,-0.6192362927400511,-0.07807418368439,0.0742735852928244,-0.15211351537598128,-0.8527263236143516,-1024.0,-0.5388066532836433,0.9420818539911748,-0.7962613531270751,-0.9295963198227435,-0.41714309393035076,-0.7665380060308218,-0.7025455197920102,-0.3490958230352071,0.6572553314736038,-1.4070300273447864,-0.36086009578440725,-1.5185154268570042,0.10000172617455255,-1.0798645025501894,-1.0984009855935972,-0.3742418167066094,0.06214017974724061,-0.6383230237517463,-1.1587086507464164,-0.34709617732959186,-0.9776237837125783,0.10395908347003302,-1.1102175723510346,-0.36077250217714035,-0.032768178747338804,-0.4818943814328289,-0.9951888422584748,-0.3571682901973195,-1.0221984629763972,-0.034794201038231734,-0.9521366877514053,-0.44473776524044767,-0.9397028391130766,0.055323566130992416,-0.4510006545418378,-0.4769378492075079,-0.4486581198900982,-0.8778660802742988,-0.7182239253426688,-1.001243712732862,0.47153698958039963,0.2726406579695491,-0.9868637251679058,0.01270442188463583,-0.8402721400539683,-0.7265554730340388,1.7329200424005584,0.0036155474640718844,0.26439323291185624,-0.8666320402726301,-0.619011325967326,-0.5530547986855817,-0.6202674899297216,-0.3033511402450674,-0.5639690214785643,-0.5000210304067948,-0.3966909736656512,-1.3563488708388727,-0.9480432871777306,-0.4412035550063348,-0.9608458918519361,-0.6119562620427411,0.0,INT
320,1,1,-0.30462697499395835,1.4981048924829365,1,0,0,2,0,0,0,-1.1018978503449819,-1.1025450022652166,-0.04776379497511509,-0.9951066571584349,-0.9647693727675487,-0.13740868270237092,-1.0248716656530936,-0.9574595839485539,-0.9731559172992449,-0.9512722743583742,-0.784815603887134,-1.1886836401680854,-1.096552311909479,-0.9835479836341176,-1.4526531345638352,-0.9204061776669952,-0.9233062916356616,-0.9824248484958111,-1.0372688812326807,-0.33193550800371535,0.05700360202062281,-1.008368129609809,-0.23867492932887013,-0.8809123271070322,0.2878998821841066,-0.8845145959948814,0.37254790338547955,-0.7051373715177539,-0.9168564222553046,-1.1505476626898388,0.1781982476569341,-0.45909418160494636,-0.5196786683460886,0.22742339938649234,0.37596063931112195,-0.23945769674390793,-1.3078758334398046,-1.0129564550185586,0.338750785808662,-0.3466666016317894,-1.245440814370537,-0.036600532945910265,0.01999011358176735,-0.8550629743541752,0.8772926728696587,-1.134729171280578,-0.2434734803182412,-0.9783901288071514,0.7436097498179933,-0.14618323878703346,-0.06156234468604189,-0.18438010183892403,-0.9317211517682573,-1.3500340627628722,-0.943661944960332,-0.4836378197067267,-0.8557824998266325,0.004432181552076962,0.1699222469012149,-0.8567205534718729,-0.31196981804013385,0.42148502905932683,0.13473170959823821,-0.05936011966156239,-0.9626526400812266,-1024.0,-1.056634490148659,0.504543207721095,-0.7810975345714886,-0.9160106612480837,-0.5802516450401667,-0.17230035224762988,0.006483623177341413,-0.3519189983457192,0.7487601348686133,-1.4890554995484626,-1.5521897976004744,-0.7911537425175194,0.08498896984567887,-0.365258372584259,-0.25268087545874635,-0.5954498822636125,0.012929378782589108,-0.7388483540191586,-1.2243819022431737,-0.37078871162601934,-1.1174739288513715,0.06140117101075428,-1.1102725116252399,-0.37038044334158693,0.05910140966837687,-0.38135939338756286,-1.045491913791644,0.14152807300237838,-1.0563380033876906,-0.8987010232150598,-1.1070491131148614,-1.015926207028488,-0.8341607589629014,0.2521602677863996,-0.7255960073623986,-0.5258591979126838,-0.42761643416091183,-1.035572665706716,-1.2116947179787598,-0.3951431870194202,0.5275864411058047,0.09413913272393593,-0.9359050671272876,-0.0012453427602072055,-0.8603320803600164,-0.7184045190202719,1.4157512674668504,0.09460772133035691,0.48371337581017243,-0.043984390717588195,-1.041488971063808,-0.47524190998929505,-1.1593495776947347,-0.4362051687645851,-0.4650600232255038,-1.5358341504347224,-0.27701434202985703,-0.8109559374659556,-0.8518695463356308,-1.1708297775496939,-0.3815131859195618,-0.38572831680777653,0.0,INT
335,0,0,-0.20228134045154209,-0.3712371195122148,0,1,0,0,0,0,0,1.0611331323912865,0.9841062033493091,0.24819962804156387,1.1305461225543443,1.0099414763644878,0.8031312383776559,1.0002882941036857,1.2504641674289212,0.94648914203601,0.6205607372032428,0.8860324413469134,0.16772721966732707,0.9756622170636403,0.5408179336377122,1.15621564200146,1.1138138313402848,0.4776815534402559,0.6024455402817057,0.8969677234624438,1.1566983417668992,0.05409866923539055,1.4993166623105478,1.2133138965568113,2.2400934972296938,-0.02796706109561111,0.9359322040485217,-0.21007945189063806,1.1680801314623779,1.0534172213835062,1.0325073654931471,0.25211455070291,0.5113858070848226,0.18869141033923242,-0.0182995781393296,-0.09733708082953753,-0.36556276451175024,1.2864283954610065,1.105170071445427,-0.4191764903056967,1.2531918311060224,0.9077232243539199,-0.6370475982808312,0.3317079093820388,1.2242096768555364,-0.4238468531158336,0.7281886251259626,0.34190258352252795,1.3051111587065267,-0.39082071331762086,0.19476604549572465,-0.6676283338905916,-0.23019524315016843,0.13109215199747512,-0.31506677375653014,0.4108467800480633,-0.5803584319124626,-0.24208369122080525,0.2313539557679994,-0.022662601069175958,0.5672299920575653,1.226188381529649,-0.4303446475076212,-0.02375436039724652,-0.6228875916554238,1.0939348432464975,-1024.0,1.073141950840661,-0.5408330146194434,1.12009170838708,-0.4361062642264149,1.2110057001688435,0.022346148975757603,0.002452022533693507,-1.049082700805492,-1.2171735282912317,0.5773374928597047,-0.07363380641912408,-0.06850853682116653,-0.01419127327888213,-0.17996766739796355,-0.9094663335510942,-0.30294961323425823,0.05621372161446745,-0.17669671123102837,1.2358529725286274,0.424565654871427,0.7418965851595831,0.06166498319130714,0.17458583509453082,-0.37503538286848576,0.15957071603663667,0.5044790246106446,-0.009631710482626451,-0.0771509246228408,0.541980437656626,2.411017903481094,0.7977765713515046,1.06095200743767,1.1834287268518915,-0.0021239523077374724,-0.4407751481785677,-0.3549381049496711,0.3789629114660585,2.1851327244037897,0.2801483750507423,0.29852112697347716,-0.33290667849466815,0.3325863985913993,0.4141175851965649,0.131673756614177,0.9491899827830929,0.6925803342473467,-1.0546020904460616,0.008630425753842994,-0.5423274384294053,-0.26973193806117807,0.4453673561225826,-0.1305105717283093,-0.5808284326933746,0.5126736074276493,0.3593354946878642,-0.20078273068868105,0.5941833291462085,0.19404371578456084,-0.11664579271501059,-0.44329974042287046,-1.0715977520667508,-0.030863721923565426,1.0,INT
342,1,0,0.6133979728857524,0.05427419580877055,0,1,0,2,0,0,0,-1.1652987959935106,-1.3417612668998553,1.714457673074274,-1.8795285889771283,-2.098948041344019,-2.0784832975759286,-1.325356499664293,-1.6893873470474792,-1.5926413772397943,-1.1886102773799032,-1.5424209535039557,-0.7942918044859038,-1.6494754076819362,-1.428047195457219,-1.612541543054326,-1.56582372186492,-1.1092826742113464,-1.0098107798467737,-1.141513066371084,-1.5536275221629423,0.05597992599946317,-1.140302359999453,-1.5448292130847912,-0.724042202017241,1.954298690831183,-2.9528224331728805,1.9771871550504827,-1.5329655626569678,-2.7202701113156103,-1.6300435057674518,0.26935654201957093,0.882898045567469,1.13032077768606,0.526775155922793,1.8941324725726627,1.6594528353686429,-1.663567982323,-1.9290842110653452,0.6971640808725112,-1.1337859867967448,-1.7086554234097404,1.0491799174859824,1.9177926296645942,-1.254537261124891,1.107898249636765,-1.9771346286220322,0.6566777650976451,-1.3049515481920968,2.3496099347781207,-0.3340906621693523,1.4788755711094463,0.14572986883830832,-0.4065391986514199,-0.5127935820413978,-0.9956352754584991,0.8851823140812052,0.4234612747469994,0.02118112964800939,1.3149271619951801,-1.097285262779722,-2.3756047536615004,0.7072914050427639,0.1312176849581477,1.3724953804740077,-1.6387170454548603,-2048.0,-2.6143896196338847,0.4587736398745458,-1.0824407113642116,0.3017582806364991,-0.799936948407579,1.809155336997625,2.8180054436073916,1.4424476187225548,1.3458323997579293,-2.421681605390001,1.5144296718130572,0.7117333671279873,0.22471646950871912,0.04561441895445332,1.455416950814915,0.6262492662976239,-0.3185980631462839,0.8020445800850742,-1.0671800459360035,-0.15751709682623402,-1.587825784483328,-0.21017828333725877,-1.299226939972448,1.255736356103901,0.571911713278003,-0.7142504799841208,-0.4198551632962248,2.6840442821447987,-0.36859498831955284,-1.1258516898785496,-2.0821623733890835,-2.0790920853518133,-1.5915424094427322,0.2717104838404551,1.0241812246837985,0.6137594239930604,-0.4416424562459419,-1.038024228726817,-0.7310266497040626,1.4988775061609154,1.8080786598486092,-0.9654052521750393,-0.9759958677516921,0.06251961939514573,-0.8604814495667693,-0.5554629165275964,1.5489294818771966,0.11622283091154731,1.1040209485243822,-0.07848388884669794,-0.835849235223997,-0.4068359934332457,0.15817568043197522,-0.6491906424434654,0.054126637271571215,1.335643587148593,-0.06838778729428167,-0.4790153097985187,-0.6329188911550768,1.535923379376451,-0.0020315694242534657,-0.015580308364134524,1.0,INT
347,1,0,-15.810717529886533,-0.6623035558234376,0,1,0,1,0,0,0,-0.3963994782709028,-0.3579874167040838,0.2458337360819248,-0.5113986360374918,-0.4574839230021867,0.24805237645669606,-0.3823070491340499,-0.01933717958877059,-0.10591448194252708,0.16185178163744499,-0.3688587570424071,-0.15428295289951577,-0.36241651200721325,0.23884510609349993,-0.2829983088253059,-0.46817032334548786,-0.0674555313834682,-0.12184939586664346,-0.31945472823708854,-0.15953285414466864,0.05431605780014697,0.01333577984732291,-0.36636975624704127,-0.04932268280246552,0.3804615040536587,-0.44978585241158014,0.16433153236028386,-0.16297409510429797,-0.501493368830585,-0.40939312581096526,0.3345504782839161,0.30542421677354986,0.14691241309184708,-0.14658598120119337,0.36445107420521294,0.11529068894552014,-0.2626519234911236,-0.32245521480921735,1.4048130917696304,1.0386978371466251,-0.47138933721594595,-0.19974095039654677,0.3219445001297056,0.23930258032625973,0.25960600336040446,-0.44593166498100206,0.43941460382139347,0.2096358346840648,0.20540231757945274,0.16630462590728406,-0.139332510819113,0.7887024798462366,0.8017751358057312,-0.12579648664247806,0.15789427769780995,0.2937848936663664,-0.21841182047505173,-0.413495095204102,0.4362578153791041,0.4274505499243616,-0.5863472619062831,0.02908024774602519,-0.03562415583185669,0.5630390457838882,-0.42456414515133795,-3024.0,-0.7345333287540029,0.04574181451216637,-0.8561196434502779,0.4035570638081678,0.872948396435598,-0.03600388773959633,0.006483623177341413,0.0541493808765482,0.7373323453849714,0.47631033287118163,0.5432492122841629,0.005196529133375208,0.02967484616068235,-0.23510182984888317,0.014396490621751683,0.1360110648994166,0.03296548452677917,-0.30113404066497396,-0.04224097686230624,0.8144423637098701,0.15965152166312382,0.06140117101075428,-0.3864174410686474,-0.24725349125945265,0.17348345121927924,-0.8566365404892056,0.5604928200413236,-0.010030754059888888,-0.24801422768313675,-0.19732888641676677,-0.9107094438936777,-0.30328563428431393,-0.2309005415735561,-0.5255502832343181,0.08523061038341943,-0.3273476638463123,0.2931918033192025,-0.13068772141339655,-0.12317315926349365,0.19308444195638305,0.30367546316889427,-1.6292809417014502,-0.2349703091413572,0.1856852564829817,-0.40574162825375626,0.23198276505986123,0.24369576688491337,0.011352106228447012,0.29026964575615877,0.8563636385646002,0.1666046331974516,-0.31275805457294986,0.09472366720613867,-0.6219167849188841,0.21380481740095475,0.3319496374646364,0.34425336984643023,-0.39388562731536914,-0.5168082465536831,0.13028788096556865,-0.5131087021603994,-0.1485507742697329,1.0,INT
350,0,0,-1.5836029676016283,-0.4746280237812227,0,1,0,2,0,0,0,-1.1358916028347117,-1.3535043407509686,0.07913320755495995,-1.2097667552175269,-1.458214353323405,-0.16710666739181138,-0.8515080050410316,-0.6798587013716139,-1.039952301012854,-1.0428097112835881,-0.7900362100774988,-1.0669596723800145,-1.1646475473633708,-1.3141783571950396,-1.4936813445597799,-0.6924866128926137,-1.0752537852355943,-0.9358374678516732,-1.1414240505034334,-0.5443791113879517,0.05573486971333309,-0.7413196300609664,-0.5230719665572822,-0.48539774364894633,0.5910548645784193,-1.2968704271860494,0.8728795099885723,-0.6845410537818575,-1.0689584518696125,-1.2903288654029919,0.289729927272755,-0.01726530027412564,-0.12677001321481396,0.7459216688612449,0.4032192939026285,0.0724475508453273,-1.3611297939680027,-1.073270208813718,0.5593146550571475,-0.14512223967423324,-1.325999001087711,0.08445540044507899,0.38099764670645037,-0.12417589625750569,1.0028030707824858,-1.2850380829915835,0.41149685632145694,-0.9015615803815921,1.131030379074365,0.3455518664226761,0.18297151243109375,0.07515357714394581,0.3536056338838345,-0.6607541398867995,-0.6704158577933741,-0.15071575691246536,-0.48723053489247053,0.36635125424709053,0.8939318802469745,-0.3808669463143545,-0.8516501137774254,0.8774932129890095,0.11711779077469983,0.17141257984921335,-0.9672225076391041,-1024.0,-1.215779599423429,1.041856105023516,-0.7442570352073393,-0.2512677240059805,-0.24806445152362336,0.009051679395660171,0.006483623177341413,-0.18029363152922598,0.8274717518924185,0.1264284719315621,-0.4269627514541016,-0.21479677912186926,0.1979732084140531,0.5639370787141103,0.3016327740846973,-0.22724392677902988,0.014864868723139083,-0.13013539877260868,-0.2940030766692969,-0.018215457459143342,-0.422423723975491,0.06140117101075428,-1.5489460475330503,-0.33873671955978135,0.1788327287633372,-0.33799922416233075,0.12287676858625839,0.23225995755039208,-0.12106308025570446,-0.663279854244025,-1.1604935128415046,-0.8834845845313593,-0.8229792090402214,0.3671271393917321,-0.4621594373397421,0.03416445967446768,-0.13896793992075737,-0.9216350949099816,-0.8446519045260373,0.38026086516484753,0.8819468485120435,0.45456426180825565,-0.7255376454676474,0.2024621322342017,-0.860683204703649,-0.4958531332714751,1.3651897152938675,0.029200124196524072,0.846502100507304,0.5986720043737047,-0.4486576234050311,-0.12720225895819143,-0.8773448422537486,-0.03784530616990213,-0.061190963519467303,-0.4862433453605679,-0.30975271748773325,-0.10592997503130057,-0.39020990218084284,-0.4431395821223993,1.1093870332906122,-0.06219614197248762,1.0,INT
354,1,0,0.1824851703501825,-0.5750826166481267,0,1,0,1,0,0,0,0.27690884434733437,0.19407002408331628,0.26643788570705496,0.42362723940779834,0.317928064316048,0.4100036016315168,0.6583231518557257,0.07323959952330598,0.06817959008527219,0.31308454781401784,0.4700581600941823,-0.13160527963474752,0.6278766137780831,0.23926731889018016,-0.05017208860074881,0.6213100198358332,0.2058291499743828,0.29756301340933866,0.04007853207390609,0.4851144210233163,0.05451090247870724,0.3395573919242741,0.5002956181303012,0.6266620240876108,0.46765339174793247,0.3656030148548484,0.5048112024879449,0.29739231179777736,0.4642965246499019,-0.4191189934377467,0.5344879656586681,0.23092664749741207,-0.05792451310547975,0.4187428206904472,0.45685567665084537,-0.059590042350259984,0.18209547951826327,0.31920651343382594,0.18031732106563164,0.29687694829524014,0.11170133969699261,0.2903229515614658,0.3088408873359116,-0.01772965585722716,0.5916765676532989,0.06467155097317566,0.8174064687598483,0.15720872009701595,0.47318535213962654,0.5896883365663269,0.31960547306735043,-0.05445196003711084,0.016863361043499562,-0.3368353110802766,0.18631933249684585,-0.4853297459893559,-0.027147095172313174,0.40508922287366145,1.0929346567481804,0.7113017115217115,0.4636256830990591,0.7162712319926728,-0.0537337912979191,0.11945381654502929,0.6596293743535315,-1024.0,0.5296587572607506,0.5381065992779162,-0.056651804901192274,-0.46288721084746487,-0.01541902026327531,0.15990095693039114,0.006483623177341413,-0.5084870351559412,0.7904724222999955,0.41368128906789836,-0.20873362043412402,-0.20397180153965377,0.06913397976278202,0.3656352763621975,-0.08778799186298904,-0.022437882463041046,0.02287805859497524,-0.06414009571975433,-0.2883195322052652,-0.1529571087302495,0.030581539006524387,0.06140117101075428,-0.08100089291870499,-0.36675288505242915,0.1788327287633372,0.09483398467357494,-0.1773466265496419,0.07290733601159219,-0.30241817504541346,0.578449019685293,0.44880957313968667,0.5935774781899195,-0.34845998727357336,0.4080755371062216,-0.45114185617849045,-0.12510037147559117,0.22138339553002678,-0.31628292614988,0.010746436400390866,0.21249750331954068,0.583812009119711,0.1711316733207295,-0.41949658174236504,0.20747933730747295,-0.5726080481059928,-0.05496630307617691,0.6735978503651574,-0.05528281607464274,0.4801730986138099,0.24404158491122602,0.5019984914161025,0.20470401622988674,0.030849243297226558,0.1778759509335231,0.15117069459338112,-0.3477038684994134,0.14992867868610835,0.05188532989598575,0.23559681100094587,-0.44056515478746466,0.8579701775343418,0.2577965362311406,1.0,INT
356,1,0,-0.12405204335182168,-0.03632954483034353,1,0,0,2,0,0,1,-1.2797373206284848,-1.0031954399668594,0.08174932575076142,-1.555944385821743,-1.1864740610768074,-2.0784832975759286,-1.5511495661628427,-0.9627650598656166,-0.9364643197937346,-1.5843774246587077,-0.4050826475947128,-1.301027142778555,-1.341811390720073,-1.3699165409263445,-1.4693516281154408,-0.8131820809155943,-0.969610762719695,-1.2949451475650828,-1.0491506810566913,-0.37293978536421857,0.05618101084374557,-0.7627374309650427,-0.11120039363400884,-0.590856670028148,0.45024476902025456,-0.9477093135782313,0.4798438553071063,-0.5685247912784813,-1.305869183907263,-1.222727259515412,-0.328224647903716,-0.16706203904791928,-0.24787498354787638,0.7292063550780916,0.5286082684411355,-0.003550090874794026,-1.354503439002244,-1.1605765060957922,-0.5349464673463445,-1.03476569929751,-1.3859034888206252,-0.13657240847334023,0.19307863123764166,-1.0461565321047677,-0.01203637207159787,-1.1455125039569571,-1.2471652051865378,-0.9510237475953232,0.7434374006889464,0.2531736374856369,-0.01065056646545152,-0.8685032655524708,-0.9727099727778483,-1.5795604718774303,-1.2348750213067412,-0.406684645417253,-0.6763893662643201,0.41175127760143804,-0.7240538355424887,-0.979343498340974,-0.9248943903768218,-0.5946377938326003,0.18534132336075756,-0.4781945161092501,-1.0497861016487966,-1024.0,-1.2718641289326473,0.4949846025502095,-0.7091295032929554,-0.9245251071874658,-1.3130954249365698,-0.11875734208073999,-0.12313608660445088,-0.26885537408309335,0.7837317288337907,-1.1748481501431427,-0.4801010359838949,-0.29067815119675194,0.1326965208697096,-1.0118514136395917,0.2756939767821106,-0.7891426989869371,0.030747434980742446,-0.6654325164955075,-1.2946500510795294,-1.0989558766522602,-0.5800446408606587,0.07000029932722,-1.7881691935215915,-0.3583704309688648,0.14056952091045238,-0.38338335532621576,-1.0689146129326066,0.047488571488417765,-0.9976684441795806,-0.728322818767521,-1.2170209969843646,-1.3137477100142805,-0.8982632888085017,0.4267443051481888,-0.44371932812899767,-0.4987576772754656,-0.1572604842797783,-1.1723795880783987,-1.3585642540627056,0.04674607724216524,0.7607620656937626,0.31313694751126525,-0.21618292175175025,0.14501787924736761,-0.8589133766469864,-1.108349352728413,0.8352942530671097,0.05014460862228004,0.12160354741496379,-0.8697373841661242,-1.1174677220114433,-0.39010425813001454,-0.5996933568673674,-0.2102896120422516,-0.8695797501588698,-0.5585146094129153,-0.3703723324499128,-1.5061889452029253,-1.2570283721361353,-0.44022132918048656,0.290324988136369,-0.14802568800795743,1.0,INT
365,0,0,0.14483825487979876,-0.23070112870077,0,1,0,2,0,0,0,-0.5761278618008205,-0.7283783390847949,0.3219665456519605,-0.6446379528425518,-0.8244814887172581,-2.0784832975759286,-0.42031333734832604,-0.4570565817571542,-0.1769067038862738,-0.6486661637857077,-0.6810466864186784,-0.7482598988421937,-0.6290607820535055,-0.8423600883261464,-0.6734544182039306,-0.6139706000090067,-0.943295981381451,-0.8378610169206557,-0.4782439905886029,0.0932454455448959,0.054310426859811495,-0.13609756101664816,0.17450052446495312,-0.10573802194011454,0.5836485898925389,-0.6661570571226437,0.5403490347735008,-0.1798207997216393,-0.5022604387542327,-0.688114752932591,0.6795882521162819,0.2736396895099348,0.058835011371798245,-0.15164278077190613,0.5033945362723036,0.0796408485191055,-0.652265016372488,-0.5366472113679853,-0.0655502553695195,-0.12413989223051032,-0.8253862609367527,-0.08129081920310098,0.48005328383376483,-0.3299903836296866,0.9615127845183563,-0.6976937843617642,0.40787873837673794,-0.29980342441825447,0.5962622483723875,0.8654439346741025,-0.5322834020135114,-0.5659389796973994,-0.740011100912141,-1.1316974353497422,-1.0091052457056493,-0.47791306501665703,-0.5105972196296569,-0.4390576369394095,0.674615681028334,-0.41432217687497497,-0.3480178473779644,0.40465702059074266,-0.09296768283988611,-0.5886635939228128,-0.6427373112160887,-1024.0,-0.7841934811943394,1.037201722852329,-0.9617987051507184,-0.6387586959541469,-0.4051160472370263,-0.008088775438663012,0.006483623177341413,-0.49146918997994543,0.825996236714752,0.5266312872007106,-0.16829316697898847,-0.05871736362409796,0.02964928574118922,-0.28008166128282697,0.13342377817363454,-0.7401170193143739,0.018462173252834023,-1.0297199836417859,-0.7037627478704583,-0.32825582506983947,0.0069724992950664045,0.06140117101075428,-0.7986810497659473,-0.371121761322939,0.19691781504992015,-0.7313228461991951,-0.8520030257443619,0.24769436181553445,-0.6437821294900167,-0.2683127053297915,-1.072757703012257,-0.7995699485929068,-0.33376093980090576,-0.32555792019795354,-0.44594872025977206,-0.3866421677111912,0.3018637315973122,-0.6864008169250972,-1.3905940948674096,0.5608306197766726,0.7425332995794093,0.019358555701574073,-0.571988080706099,0.2387250902943992,-0.7498832546442536,-0.3425278988748928,0.9827276931886935,-0.10609448546554315,0.26659707238758434,-0.8013370357976071,-0.7198420155522803,-0.14724442102518281,-0.530560705397053,-0.8859240439218761,-0.31145714622259113,-0.3387748948135703,0.2014198158019913,-0.5320766620289691,-0.5948444061013587,-0.4416620040881216,0.17737586782986653,-0.0955312757782228,1.0,INT
371,1,0,0.05605875471793361,-0.614822308470511,0,1,0,1,0,0,0,-1.275969052190922,-1.354054055810043,0.22638013528527334,-1.531116649871561,-1.6071840523550815,-0.26510570547837753,-1.1211046918709822,-1.0680394916165965,-1.349349689680334,-0.9060147777007354,-1.1192298760516644,-0.9199427871129652,-1.2903836078792228,-1.0078666221247825,-1.3829420064415119,-1.2132163994439236,-1.2406468927320364,-1.2390284171666364,-1.125983862243144,-0.5817731293602162,0.054635375845496305,-0.5131904360377462,-0.8831149190748796,-0.24996566440816964,0.5982231932946032,-1.4548354846065141,0.7546528003529068,-0.9251944716936445,-1.3896839256487326,-1.2986958937089161,0.5156482420145786,0.27769431828862534,0.1697365131311381,0.19060674995604965,0.3951956239375519,0.2859714322666727,-1.3344067181561658,-1.2218389784214052,0.8265193904895691,-0.6478110235189971,-1.4071774506305676,0.5278501310423485,0.53276289057345,-0.7556822010541708,1.1099531332330943,-1.3785486187805458,0.6000944065358561,-0.3915193583343837,0.8763088608656632,0.5998757503551417,0.3281250185477396,-0.010571121025856825,0.1799910253937178,-0.9791222728528786,-0.6476614110773077,0.05299005121607165,-0.05890287936084803,-0.4522549489781142,0.9314458420853389,-0.7888469184438409,-0.981980313065858,0.29641309419977413,-0.027698570550015598,0.03466292316761712,-1.3214588278709658,-1024.0,-1.7326102901737224,1.087128217131973,-1.4543989605115846,-0.18542163586004817,-0.7853371490615765,-0.03211342040313875,0.006483623177341413,-0.05627097182645152,0.8342047857079363,0.5828507209938798,-0.33346060579910525,0.13621318270208058,0.13754681453975795,-0.1373542584237892,0.4414540513892741,-0.4939957254198924,0.01953903032531903,-0.5701793752698315,-0.8901614418903271,-0.40436433129644717,0.08765784636514501,0.06140117101075428,-1.0135790144883814,-0.3408488921809755,0.20297105767177803,-1.1681464928817022,-0.04421997666638851,0.29541773624265877,-0.44686373782838495,-0.4497748219382231,-1.7681105318272612,-1.2624752311127834,-1.0540299855413169,-0.39028247457290655,-0.4412890734589956,0.1365913276122905,0.2531385630957043,-0.6155686143185162,-0.9035822675324369,0.7029551157944143,0.8017883090923905,0.1393772069081833,-0.5533119877025483,0.3085744639905032,-0.8412626376678591,-0.0635545905673433,1.2822311521374894,-0.054609926032851766,0.8588361602070896,-0.1251457872052167,-1.0724621544855766,-0.2716831613228058,-0.1604211965186791,-0.953552365773484,0.20072496443878393,-0.5125422732585807,-0.03901702066338457,-0.5540653654679806,-0.6159602422110633,-0.44106695535427565,0.675977247132499,-0.14125513528298547,1.0,INT
381,0,0,0.07573613726807386,-0.3729871552099145,0,0,1,1,0,1,0,-0.27673838849939036,-0.3865848202544957,0.22426992784253116,-0.09932895202347716,-0.2242009359432354,0.09121049314508602,-0.22490728234442384,-0.11077139549822831,-0.6509218718067996,-0.40807060442654036,-0.29729662177049826,-0.682958446164483,-0.37337632552902467,-0.5494582084412073,-0.69305423407402,-0.2222697300374826,-0.5508464330161064,-0.4671065485543973,-0.38842875489353285,0.116821654927837,0.055810288940366506,-0.23378277933068534,0.390810242934716,-0.26909629017195236,0.5471532231705493,-0.04578553601651688,0.42816559082135613,-0.06924449134503514,0.06619337730836462,-0.6773521668232592,0.5303261838810265,-0.08665059174774437,-0.3460968468051347,0.16713363355878647,0.6807890075458456,-0.2757432725427534,-0.6849717360755321,-0.24869451793977115,-0.1968039997594062,0.2843745433847939,-0.5150012435354765,-0.055247594306665405,0.23839307773025753,0.24502293789265103,0.9283720701771545,-0.4049945357120216,-0.3111835170784284,-0.3508523852919269,0.5262608951182753,0.6436544583793706,-0.09728326224179135,-0.4022320962678523,-0.710110967272458,-0.899786518612539,0.0015452212000491867,-0.5624569140201882,-0.24286013131478318,0.23072178461696133,0.06950936363266513,-0.4711375315577838,-0.0724859209607557,0.2819176881667132,-0.0018568695022071421,-0.4023442307829978,-0.21175648506941175,-1024.0,-0.01628517981197375,1.03965228752062,-0.8220181787973425,-0.6511200028715559,0.024937777876676843,0.044789203970976355,0.006483623177341413,-0.6790107509853801,0.8151961611942002,-1.2580207101361063,-0.25072291164403027,-0.6888742331681007,0.09440791086107819,0.07476029285307335,-0.3335180876039881,-0.569909772946536,0.012147283787966931,-0.12368498583484003,0.027633542201637468,-0.0009774928441377306,-0.6897149492904733,0.06140117101075428,-0.8629403861691018,-0.3747550949168042,0.12688906549947146,-0.5714859916395045,-0.840097387377764,0.2384657078808187,0.023989762949760726,-0.37623109219936224,-0.3410538732394573,-0.2572071348218258,-0.3323938635291889,-0.10344141202819539,-0.44645135192741997,-0.028752201277008314,-0.08095620454285404,-0.789860975903638,-0.19818199823170504,-0.03747680031601976,0.8188282595477865,0.4339461698186064,-0.814912773832725,0.06562589567189293,-0.7686353027538929,-0.5362189572410114,1.347584728070708,-0.024420578228622515,0.3209924146299031,-0.8961768872111336,-0.736922436491856,-0.13670132291314982,-0.4234545371330321,0.058258141817921355,-0.41652741447980557,-0.38475786528357997,0.006694160259721673,-0.008599760211953475,-0.39886835510762686,-0.44015346243271053,0.5820966853164699,0.009248379566830913,1.0,INT
391,1,2,0.7807935801355562,-0.02640548028900733,1,0,0,0,1,0,0,-0.5506795772088604,-0.3880249395908534,-1.954475157197525,-0.05139523428448287,0.18518482175781753,-0.008168194470744695,-0.9107252721985432,-0.906382678380436,-0.8284853276748522,-0.9396205799182463,-0.28588306074904635,-1.1662274123460525,-0.7994941805275302,-0.8247560265530931,-1.483358244413462,-0.5199519301763617,-0.6108422718677705,-0.793462985415161,-1.105788225338587,-0.1344055456773176,0.0568533310174048,-1.8288900030000783,0.1920926715484045,-2.0293018580250815,-3.3089790130370185,0.3769960452141859,-1.4780639015991708,-0.45283475232205644,0.14746210401094206,-0.45347441768233704,-2.115185102150994,-4.188525364093097,-3.4365813056004897,0.3225565724233586,-3.304312665883844,-3.521867529550689,-1.3037746784789572,-0.659775195588853,-0.599551332280145,-1.6301054521544596,-0.8865610391343158,-0.7100021838583088,-2.9772234409099836,-1.7835992037191526,-1.0293281677477044,-0.5439787712378652,-1.8109087579849996,-2.0280045782110645,-2.406664674934218,-1.9014550746730203,-0.22089715963682172,-1.2311290036671012,-0.8082318929123846,-1.1788161697104078,-1.0007897287120635,-0.5850677950357293,-1.4206363660568104,0.33139513910729085,-1.2022782395626175,-1.5474688223682482,0.703986275852345,-0.9929056109895686,0.3578579731019974,-0.3761935411206707,-0.4385687777105427,-1024.0,0.19133447514432972,-0.8501501877898054,-0.5948363934374299,-0.9760345396300879,-1.8149225602453922,-0.13483734912042217,-0.12313608660445088,-0.7264711812094219,-1.7563077570450645,-1.8407625743224458,-1.7234316478478362,-3.2973331973074393,0.014223305753975261,-0.6481933192169937,-2.9320960927770487,-1.0100518918910384,0.015369554589886364,-0.3795513997102044,-1.9709877774680606,-1.4163066401320832,-2.6079443873728003,0.06975107710289033,-0.9055909197117759,-0.37752608429897333,-4.197196163041735,-0.14438415576889627,-0.9232806364022763,0.850159453009327,-1.5512791660846823,-0.41303097420508905,-0.12576409347534848,-0.028751904085762902,-1.2274950996670515,0.4792843108642269,-1.1965322927271291,-0.944576701143094,-1.7013169152326797,-1.5513943358623785,-1.0034209958817724,-3.120872666017367,-2.3034617150831656,0.33844109772816294,-1.3629029618191102,-1.2721844497124235,-0.8636857414378011,-1.8210910176292545,-0.011753087667569674,0.3369053951532617,-0.508042721935616,-1.3340922633836363,-1.6242523687653188,-0.9848355704460473,-1.6084623643425222,-0.18766444257318188,-1.8220411605391973,-1.5610757000754478,-1.7839991732056648,-1.0480357351001366,-1.4347216519169579,-1.1841191747762243,0.1277916746979033,-0.18070377312189298,0.0,INT
393,0,0,0.04615378946363593,-0.4685323807497531,1,0,0,2,0,0,0,-1.4940774076946517,-1.4486395866723267,-0.6911674033769566,-1.4828418171352848,-1.388326679496057,-2.0784832975759286,-1.1662573758676134,-1.011495492831379,-0.9957343658350558,-1.0891539613319992,-0.7925081143621817,-0.8951046581111001,-1.176676717491262,-1.0645261528616214,-1.3060143992974385,-0.9996374055785665,-0.7903599420531274,-0.9086958827961878,-1.253545079809105,-0.7847667146401379,0.05666998754632204,-1.3294956759024712,-0.8800439343080777,-1.1776013429421075,-0.12346818818181718,-1.1652499270462882,0.25231695501401374,-0.9337246707002412,-1.2633219241618892,-1.2944921293656275,-0.4705506282091351,-0.6758520874281096,-0.49290976166673195,0.4117019629391268,-0.3200357444690692,-0.02614012287269046,-1.1660046114794673,-1.2508140510085413,-0.029601511399375294,-1.3572298001458927,-1.389255140063188,0.07209518151983961,-0.29532186991030834,-0.8526225028192609,0.23229490504024666,-1.3813618741777725,0.35703481489661126,-0.6397238433805476,0.6321922627629455,-0.7346875543874115,0.08543016851129345,-0.4566784711421451,0.16000790189350328,-0.7848419680668051,-0.6968466067831534,-0.014793047173312403,-0.3890807767803429,-0.03185744622202855,0.8422728839199121,-0.9123005091655834,-1.4388545106896429,0.2900677603481284,0.12159346871196282,0.7193222713048005,-1.2914220554524627,-1024.0,-1.5558529616434782,0.002296150348052297,-0.9170599656257657,-0.15551809649716358,-1.4697435182685619,-0.31248721643746613,-0.21990098377138037,0.48241765043150264,0.5769796564264302,-1.0804290207404517,0.3462870084517313,-0.36081785845797254,0.10636694299899097,-0.316394170327843,0.35941389175775473,0.1897463341025144,0.03367546454527497,-0.37308054580439765,-1.1848563495401532,-1.018115471910603,-0.9212884968671415,0.0758107413811193,-0.953165185558892,-0.09997756006547581,-0.036750986085361266,-0.6145795294944192,-0.03254130825120106,-0.5881791020849005,-0.8935925700437602,-1.0747984891926174,-1.6043170689317832,-1.0389832281781466,-0.9121292200198846,0.04257894943448213,0.09832494754616786,-0.32639247040993646,-0.0929576038567479,-0.8999614964231705,-0.90391189006766,-0.49393122640010645,-0.16840917792679563,-0.22772375190077743,-0.7017664951946402,-0.10044228108361457,-0.8539626286231796,-0.6604877150024698,0.770337159086874,0.108268037459412,0.32178588926068125,-0.7365693833611108,-0.9352672223723845,-0.53857651301772,-0.5225122014784388,-0.7304882213448715,-0.4193999421670978,0.1210110523034974,-0.10529883575790724,-0.783573353052814,-1.0140966816131154,0.14080186969938802,-0.1255078840070998,-0.3831646573289689,1.0,INT
394,1,1,0.1337356733264469,-0.05229115459280811,1,0,0,0,0,0,0,-0.44604514165297204,-0.21609116737696746,0.29959744332214655,-0.44754291867477347,-0.14722824409735807,0.2053006657937427,-0.567338643987985,-0.17868525888631512,-0.29127136102903767,-0.541352360996475,0.009335550929134176,-0.7050122539449879,-0.3337808745326311,-0.3225826283275898,-0.005957545699364706,-0.2629041182636376,-0.07184179866084334,-0.30658209121184427,-0.36456160883734984,-0.057942377787059934,0.0543028686540654,0.22340595086034815,0.22044789871144388,0.1639259350381226,0.432289704773395,-0.05410729806836331,0.16852380620105545,-0.11527581086593837,-0.3410510666780507,-0.5702928439689336,0.583146807013933,0.18694863153827068,-0.05823821990202205,0.6644343440456453,0.5369595270790742,-0.12330786935616968,0.6838298017934419,-0.3555511334266869,-0.2068678935577311,-0.13701058655255938,-0.5410757215115539,-0.38477535741838464,0.3081138249449496,-0.0933560824574944,0.47321942908474196,-0.44907768442573875,-0.23397877781239662,0.2828563542172216,0.23563342144325933,0.6494664909874087,-0.03413069479974431,-0.5759980754458597,-0.8471776687913483,-0.4485097960797068,-0.0013029461176087627,-0.5196647828880928,-0.5917318966791354,0.49713612505172994,0.08322763793198014,0.8281444060899208,-0.16719918944005746,-0.13016990432493125,-0.10187991401163485,0.3240179604796802,-0.37494619326582235,-1024.0,-0.2930903300999473,0.3733980515530723,0.7097133181532265,-0.6379063001759931,-0.435612360450972,-0.008088775438663012,0.006483623177341413,-0.3666528245257008,0.7626619878350065,0.4468983402583189,-0.3862125855137333,-0.33761369544882347,0.1980754499129525,-0.3415468288753036,-0.3187423391200003,0.35234657865962693,0.02063355804269707,-0.26315834018796,-0.35085995008467846,-0.47685381782843894,-0.05543912849445177,0.06140117101075428,-0.6090137050958263,-0.3512194565242455,0.11659863467803366,0.6906042028886676,-0.9686166264069993,-0.006940015504219199,-0.4041097083576382,0.08546104025813399,-0.14697540780744286,-0.5182599877175684,-0.5081092519220309,0.6092939442171887,-0.443946122146555,-0.36132610644641283,0.22083056427993922,-0.16332959995951696,-0.19822027014546073,0.12521576576571972,0.5262604549371981,0.18041693631155276,-0.5134953047623114,0.052172854467038725,-0.696396126379367,-0.14593019293017,0.5822038895560302,-0.09743983446677137,0.11053113985026726,-0.7257586067059184,0.7124925128492782,-0.3205127482447698,-0.8486629562540835,0.6914509018088737,-0.2043945105592484,-0.5009262582010618,-0.08271121430063642,-0.5068643433979493,-0.5559319823918171,-0.4379399953109995,-0.33255225443672515,-0.0955312757782228,0.0,INT
396,0,0,-0.09387416655166925,-0.08452605936938191,0,1,0,2,0,0,0,-2.8522826987698036,-2.3235190038868083,-6.025894217907719,-2.7252410886425316,-1.9847536870802038,-1.1580067818545827,-3.688771090295132,-2.9217497713961422,-3.259132511361755,-2.856743961634131,-2.014285567486374,-2.558285820773284,-3.3607988080065208,-2.4093350668428606,-1.6983857697835203,-2.9392033101764525,-2.1226414618768943,-2.765912155281244,-3.380160794033815,-2.1081727792478753,0.05670634046418765,-2.1559745865144873,-1.3972846932325358,-2.65298742448103,-4.859583976133967,-1.663010653716874,-4.6861846395763544,-2.1469856745463867,-2.3753191036814076,-2.12184463766881,-4.189084021460256,-5.119800538760493,-4.9427488999418605,0.8132934437164883,-5.264069794667614,-4.481430649550604,-1.6027038974299275,-2.8586986455135412,-0.3556240505728871,-4.0234953408044385,-2.8679513242558983,-0.8199991228056817,-5.220712909551449,-4.159536116516299,-1.277843630029809,-2.610803017143174,-4.498360540737508,-3.4624535283362894,-2.9323470411852615,-2.987124935194437,-1.0459807333508202,-1.5129211516769352,-3.299460838540609,-1.692191361787674,-2.5948174971937874,-0.5972822065769064,-1.6784281645600339,-0.44407723085779954,-2.34708938267233,-3.0360703522727084,-1.471712556222348,-2.9560258744773273,0.33717905457726566,-0.29798472976736257,-3.019265073256917,-1024.0,-2.437270764134778,-0.5043658118599655,-0.8347778641178603,-1.1601073088551805,-3.025926794178708,-5.672163201456041,-0.12313608660445088,0.2241599975941587,-1.6666712996327167,-1.8898855837368407,-3.1143550398892734,-4.245762059484055,-0.6114933711556526,-3.2077305675240724,-3.2598244613617737,-1.4256552056770944,0.012592087622489714,-1.6247545705517243,-3.6409587395847063,-2.642911457219313,-2.68679443300245,0.07000029932722,-1.967963658388311,-0.38695323718772084,-4.199659823145382,-0.9935861165393125,-2.627033224697719,0.9329776800851004,-2.7671442481698496,-0.9812150537116988,-2.357553083815897,-2.239963383457248,-2.8192341812451693,0.31935665638703964,-1.2142198176095764,-0.680773052164185,-2.8103319792248738,-1.8335033409091044,-2.3019652027462865,-4.1082694351983085,-2.4257106372046535,-0.6712636361105261,-1.8637163508298544,-2.0481228500342503,-0.8489828479688803,-2.4986616568691065,-0.12730778783874397,0.29665140518009,-1.786769704954992,-1.735556346010547,-2.6466085304413163,-2.2411841078458665,-1.9432609532601486,-1.2492986143835085,-3.8013492410635012,-2.213203914923247,-5.621622503260487,-3.7294476766389577,-3.55776139893532,-1.1685119326400994,-0.9093348579594853,-3.9204705179463595,1.0,INT
397,1,0,0.03952566291642585,-0.32760652937274837,0,1,0,2,0,0,0,-1.717094820258881,-0.9604259923387175,-0.3244223285907263,-1.8241751067104237,-0.8335639858550364,-0.3783183103739738,-1.9649659805171107,-1.3273850250260588,-1.5148776918401405,-1.0854404726570293,-0.8368702677526295,-0.6720556016621871,-1.1945997658128966,-0.28734650866128275,-1.2057833264441034,-1.832064410735388,-0.40376196930577746,-1.1892551689453739,-1.326550352848326,-1.1906490940770682,0.05618128094136238,-0.868598640779426,-1.4006632568100907,-0.8456702120800252,0.06205715547524792,-0.6689180436323687,-0.11893461185417015,-1.1320085336112506,-1.6112097486098564,-1.348001949026578,0.019636308473298846,-0.3355037991407878,-0.40623108071703656,-0.34520901974228463,0.15335062697568047,-0.045368356016467756,-1.0817327886380772,-1.5684749543291427,0.8002495902906864,-0.12070322598959071,-1.4975497300649692,1.4609099292605319,-0.16535542436206885,-0.4074665228372003,0.3465001472198606,-1.5307038415319767,-1.2843309933498919,0.09092042605399152,0.17344126643512617,-0.3500451559752727,1.357827516012219,0.16687628907891447,0.22764934750933882,-0.534665321564252,0.3614814058499285,0.8797341072693329,0.8003597517972256,-0.7165388228937719,-0.4183629712174078,-0.6176092247820077,-1.8729065350306497,-0.44373310407669947,0.029219735724930366,0.46321852804186975,-1.5876462145912411,-1024.0,-1.9276929545053407,0.02454974082766909,-1.5271687442758626,0.26244037189482633,-0.2151853153830114,-0.36998874267143667,-0.12313608660445088,0.9063937244481466,0.6374694185181885,-1.0278424384345295,0.7206915163544184,-0.6437484521670265,0.03718434883727162,-1.6964721717696487,-0.13534557823451548,-0.10651888633417599,0.026156702532722176,0.7009781878114394,-0.4016671155692891,0.20585894509428576,-0.7772675074425809,0.06975107710289033,-1.168169160939813,0.25700147525631484,-0.036198677777380554,-1.2655291759942748,0.07843414809124233,-0.4434637007092426,0.18272200945981423,-0.8786379705284132,-2.0268771071245957,-1.5492905722933101,-1.4630330342213262,-0.49089869744679837,0.3566058631993699,0.9928315291678754,-0.006340517687508712,-0.6878951608556165,0.3852031348522034,-0.6518812680682428,-0.022281074995392402,-1.1596154921463215,-0.7056278493933908,-0.10298523348042161,-0.8220613121771253,-0.5883663702214125,0.6278471548318332,0.062013531456760404,0.30414975638927527,0.021594341534975067,-0.803949836017175,-0.6364639744625792,0.47167027841863934,-1.1869872747229848,-0.35944417296101727,0.47658182456857884,-0.18316330100235909,-2.06700582834679,-1.181331580804685,0.5818696646866279,-0.9229413259706951,-0.5623228449490303,0.0,INT
400,1,2,-0.03988561867660589,-0.38473084204516933,0,1,0,1,0,0,0,0.5348031748090887,0.05646829310083877,0.2744560249951946,1.0587658914294449,0.46288166468485814,0.23075463071357571,1.5399801775227429,-0.9903165787801856,-0.35716671006863593,2.1862331948004488,-0.17368966890412918,1.9999142453019552,1.1257970205095462,1.8510230976013695,-0.4640134257454823,0.3564740083340914,1.0213219693304345,1.5010011360414848,-0.16569965579901008,-0.4850871790969498,0.056872440059317866,-1.3721941008132885,-2.1050716389452027,-0.9927995903687147,0.5923434111284002,0.5899932282985478,0.7206433439898685,-2.366736324971264,1.149465808674226,-0.6436176215949458,1.3771154717476377,-0.2974332433533916,-0.1123849652232118,-0.3902465774820508,0.7056814349074577,0.2943366943055047,-0.8864756465315025,0.18707900947402373,3.067611385532756,-0.40195202306697175,1.0204194350188183,3.0171826189087367,0.4464811146287994,-0.1080258887879965,1.9717837080600569,0.1452946048974158,1.57601610175093,-1.0569405795948044,0.9230895499432072,1.5819476079394665,1.6760263825707118,3.2316119021284444,1.1272282173345536,1.6353520355682705,-0.18383524187558553,2.7638295611659967,3.216016393542943,-0.25311486074975376,1.8517526724445459,-0.6040524268418116,-0.6649543459909056,1.628572406058039,0.03591307814628902,1.7833483262846679,0.9303566606079154,-1024.0,1.5492223146486106,2.3254947448760315,-0.6740272920677426,2.625818203025591,1.482005901945359,0.06995620938904194,-0.12313608660445088,1.5124397181101341,0.8466393062924398,-1.4921034084625073,0.8817700968674507,0.13246356409308688,-0.008955238719246656,1.9999374562524699,1.018865592073465,1.6902187713942654,0.02101636948787723,1.7000674576848958,1.4102477610794086,2.354210740885865,-0.8615582800682606,0.06975107710289033,1.4480928029280917,1.1055715430399642,0.23262300335633518,-0.16057778509214468,1.980354904040306,0.3886423617993074,2.416291913471467,-1.0043924310428984,1.5283990623602097,1.2690246522830362,-1.2125460387007503,0.23777816311192213,1.297620733281919,2.9104691309366357,-0.29895324558976166,-0.6367549771764673,0.4137815356801308,0.9338338230141894,1.2939998901958405,0.36064361708434306,-1.0357189216911167,0.29325964892481404,-0.7479468787558027,0.4454965137663988,1.7655954584391678,0.07798308098237158,1.7945691312347125,2.483325856581296,0.4149949744352307,0.3497719391610593,2.4258075303069067,-0.3331167291773406,1.0030321314737358,0.9057157309630647,-0.4255922008983395,1.6449323260392572,0.8664290764904863,1.2800696788800219,1.9017870573629778,0.23978101246377817,0.0,INT
401,1,1,0.17822428001789567,-7.104409435068831,0,1,0,0,0,0,0,0.24225490801188418,0.5930414925245455,-0.8051071883670415,0.2869042534214833,0.7239377619733396,0.5140194725781487,0.15634251456606868,0.8756120787059397,0.290349954032474,-0.07673907934124258,0.8714643980232166,-0.1255116655567636,0.5938459565147219,0.27898378442565386,0.9935604994849229,0.5901703990204907,0.5581124427525377,0.2489175899349179,0.4428954200619074,0.6201887725538642,0.05588808148523628,1.2236519586223429,0.8501317090817854,1.349349358193048,-1.0600149168044555,1.0032482796768185,-0.8106332371008477,0.9519592856991417,0.5820830971423309,0.8869441477696244,-0.6355649044699374,-0.004809571186493808,-0.17207129389972933,0.025896014790772772,-1.2791573320967558,-0.7013094678270697,1.29931536661825,0.6528009779997624,-1.0474316089068643,0.5693091161688083,0.46177421713999695,-0.7140693098842104,-0.5622343320438623,0.6840509240298825,-1.0161697991726362,0.29411021255562886,-0.3585307106475936,1.384764427236799,-1.0689252307393857,-0.9344219965807143,-0.25486686506853007,-0.42265079954438284,0.030022858583858923,0.10982714687124097,1.2525534765483495,-0.5599025192913979,-0.3184629992576101,0.1550711838498849,-0.7662564541661614,0.7926622718792597,0.331702773688601,-0.25958041266062615,0.1338731287046212,-0.3784187536922078,0.49110349306487966,-1024.0,0.3576415589305277,-1.1642675623633891,1.1471172766631992,-0.4066348358837682,0.42717214160019024,-0.6340404445332793,-1.0884973833032823,-0.6449917208346244,-1.823157657950256,0.2669727414315875,0.6705489664020459,-0.2568130269141503,-0.004158858918376415,-0.8395705655393483,-1.2382895565178804,0.015541376109289955,0.15816674564009534,0.2878650439765009,0.5906610137769669,-0.27324805443618744,0.5732505528693265,0.12419161815829306,-0.18792169053440802,-0.3567984914338525,-0.04403957450081923,0.5164277959617163,-0.10782084948040517,-1.4327682971279492,-0.09218050942734816,1.6433226981148072,0.07616637160864048,0.7679882310362198,0.9030244517116731,-0.02772441882990903,0.07787143271761263,-0.771527392325676,0.2923343823657952,2.793914702116022,1.225897673673411,-0.3273294756134339,-1.5650420722420837,0.3125278848591835,0.9237305655251964,0.018600411844804775,0.670640301156923,0.8903794453323544,-1.4212674472656834,0.14655715871545122,-0.5449355485757869,0.10202778806827899,0.6650626049164506,0.23951288565420767,0.025572525509426375,0.5911743348201854,0.6656178815497581,0.4753494740765133,0.5988126176857648,-0.183808819038161,0.5733384230508137,0.12707915567555694,-0.6572383749325428,0.032063548588098505,1.0,INT
402,1,1,0.3659361058393755,-0.42428321491011095,1,0,0,1,0,1,0,0.036468444971370605,0.45815956481573117,0.2905024183161383,0.14260649326896313,0.6761979976563173,0.30875618337281474,-0.4640063549542103,0.20728603908401777,-0.15488700744242523,-0.4873940800647668,0.7554557186616412,-0.689963408053199,-0.009914061373802824,-0.08348785235639497,0.014657469181477648,0.3747958984197762,0.19398259879453264,-0.19430023274084499,-0.012835912997153483,0.3631895131804361,0.05397456355942884,0.6111659033977836,0.8621698735967954,0.6978560457162254,0.33022682099596185,0.6476143470712101,0.1032976811834135,0.4776614605262745,0.14509994681806002,0.1690509710531519,0.9747776844357678,0.39103653017938006,0.11240771393368956,0.42315565043193853,0.23350621433241414,-0.18657500176070388,0.16986213313829077,0.09428688671125032,-0.8277591763246119,-0.14429007315093492,-0.09374714993610281,-1.8409496035800672,0.4037505118030175,-0.5614904373411228,0.8620982430816307,0.00991836246676381,-1.2268191400520494,0.6039577575573896,0.07441818064587302,0.791338872948903,-0.9448175990413926,-0.9623079722312718,-0.7655254020940521,-0.9143713153773706,-0.12292616120274802,-0.6071367706288712,-1.5661909354484411,0.3087922580629905,-1.0697626063094072,-0.06162306657293336,0.2644098245185919,0.35752128162504554,-0.22895029267905506,-0.47998889467000244,0.13871822058644695,-1024.0,0.09562724343619909,0.4322678337294574,0.0318686167877162,-0.8971182603760464,-0.4973996235011092,-0.10433209143745678,-0.12313608660445088,-0.7756728242298018,0.6877224014720706,0.5635537786583557,-0.26415376361408544,-0.1467678104394496,0.07589101445534471,-1.218940372444306,-0.4333269829988332,-0.4473053210907973,0.03541366157553473,-0.7393198018035827,-0.9680660131036519,-0.871394803183294,0.3950885965229062,0.06975107710289033,-0.8846753556091109,-0.3768791086393159,0.16235574885028556,0.1043027155829869,-0.851909126133678,0.05739903757580001,-1.4910786101291298,0.6821330239744241,0.12596006415077143,0.05513665886209636,0.33790774453818323,0.23406847109132461,-0.436953416053659,-1.551040211366482,0.3934144297296164,0.5080300481090302,-0.3107630994997366,0.46387793579534414,0.29407132587579493,0.3393438549147296,-0.4659558992937947,0.20388369407326318,-0.5118457265393836,0.7604230262013587,0.423817600749922,-0.11672135782296113,0.30441981287675846,-0.6695093714526059,-0.27048006621437076,-0.2576044327182222,-1.380450380275152,0.11705654206478572,0.45122151486546147,-0.3711186910758129,0.23094742281402955,-1.217550516730034,-0.21458000961131066,-0.44223151472618455,-0.38929019137304777,-0.12358894486100427,0.0,INT
403,1,1,0.21490684453292644,2.6137538297811895,1,0,0,1,1,0,0,-0.7395203849197969,-0.10769343243862811,-0.17565513287054557,-0.5445214012751224,0.2759163938878849,-2.0784832975759286,-1.0090530292331057,-0.42745350433071205,-0.25076919799173353,-0.17404498446179206,0.3569994771144213,-0.2034913758877952,-0.32300005518951913,0.5247282023803641,-0.9547112591720749,-0.3323674846359893,0.7132566476785286,0.09993957297371814,-0.7962818174720027,-0.6752668948179403,0.05747297326736789,-0.9608798283731793,-0.8701581392531024,-0.8921199903977499,0.0050759924779349265,0.3331501405115664,-0.2774764991901798,-0.7996705794479578,-0.4436295486671025,-0.798754473529641,-0.08475265759630216,-0.6743007276780263,-0.7022894526433894,0.6658632337314058,0.27920844845514003,-0.3793969759544307,-0.7400129724910972,-0.6872084447379523,0.8886221870549407,-0.1212861385294572,-0.6062583530559483,0.807672694534061,-0.2655419311417204,0.3580526656030073,0.31331429949811923,-0.6105785959543293,-1.5792899657166797,-0.3108603998241889,-0.014326236045984523,-0.33248589094708203,0.9843608469539817,0.5897901816508073,0.7557162039753617,0.20449328823841892,-0.16069168030269015,0.4756591936852032,0.67450805834581,0.6098704192437314,-0.8241384697480512,-0.559900397247561,-1.2033661214192883,-0.37380541899176395,0.13512070041359533,1.3278119517241034,-0.25774289347513757,-1024.0,-0.3568659341865386,0.12556509155378706,-0.39582529219419926,0.5606073810816903,-0.0011044454852561926,-0.31933377509090244,-0.12313608660445088,0.7755586888481911,0.6379560252726437,-1.4040128781207626,0.7042650365589717,-0.8958377254736234,0.17808888332671174,-1.1767111756011066,-0.32319770780923873,0.8446821002728574,0.025798074494076305,0.6956724863736423,0.40474048292402315,0.4902676593788037,-1.1945489035777446,0.06975107710289033,-0.2530110842034533,0.20715151390965109,-0.013086206559958836,0.033659731558907356,0.5380466416668899,-0.1411335116852216,0.836040571992763,-0.8723177666970946,-0.40910907405482744,-0.3360889530058194,-1.0395208903877091,0.6136000694708443,0.5257649847737341,1.0484456843960457,-0.32386081007746165,-0.8721101071432376,-0.09567395203541397,-0.7093683616684233,0.16952198488113104,-0.6401839912235513,-0.7693672101324426,-0.10541395071072121,-0.8503821668341689,-0.7066118854046151,1.0697237543833935,0.10724119272833023,0.3231462208086841,0.37305417105576516,-0.2766717623929081,-0.42470816577229015,0.901961875731412,0.34517121469681367,-0.4480728175422034,0.5008427696050949,-0.3457657563456019,-1.5131444969049668,-0.74203541024096,0.5875847258493041,-0.765686421190128,-0.4884039417380556,0.0,INT
406,1,1,0.04946039293896881,0.12906402670031952,1,0,0,0,1,0,0,-2.266429524292231,-2.3812927125362577,-0.17706075845555114,-2.293427925825727,-2.3829258734294148,-2.0784832975759286,-1.9407329060668308,-1.887453761192986,-2.190702244474658,-1.9619026732663536,-1.4413477400461874,-2.09412881345802,-2.205354919531548,-2.150335937555021,-1.5310914019349082,-1.579852878807214,-2.24912198311145,-2.2688815815733614,-2.2685287109400303,-1.3918099904969374,0.057216469548314816,-1.3842897696668734,-0.7680311462479429,-1.065518692593701,0.3510791568398564,-2.1782464975723252,0.44421815661526276,-1.549716343533626,-2.1029641794991503,-1.6372549716447802,-0.5583733461324645,-0.9547854848357438,-0.5823931580647451,1.3178266027194236,0.01975883841398177,-0.2864880773166222,-1.396879558073734,-2.1810023569632713,-0.1430359653658533,-2.085829725834043,-2.411909266049411,-0.23682766328444396,0.08777908491986074,-1.711633685071842,0.6310708167660033,-2.3523008209089493,0.08516583853422728,-2.293553173792075,1.5628100974844892,-0.20274717753803603,-0.578903335742234,-0.7973802101589309,-2.503137030519045,-1.7842174995388322,-2.5124590177502024,-0.3623195651622643,-1.2154826740849436,0.6190614244801814,0.9209415215125372,-2.519263759763559,-0.677626956034327,0.528871562440502,0.2962853072773374,-0.16894591681994436,-2.2689890484355373,-1024.0,-2.0466235475935344,1.312063871513242,-0.3654884132395422,-1.2317457164360122,-2.2925022187219537,-0.20252782646819362,0.006483623177341413,-0.5753598128728222,0.7884651112215725,-1.6532303566263722,-2.2285727669012303,-0.8082882679752734,-0.09687898750127628,0.145006330219734,-0.01165155026248774,-0.8969988960842968,0.006986186828797696,-1.3542329299339135,-2.1489852620145795,-1.8556507528546249,-1.3109063956378324,0.06140117101075428,-1.8909783875604573,-0.3856884403039614,0.10148815140115408,-0.051509014015901244,-2.1816175975362593,0.3981575575522779,-1.7977046380699464,-0.9698078616822666,-2.081799633424242,-1.912020649213891,-1.8555915753130938,0.7262471986173104,-1.1884451410438475,-0.7012595648577742,-0.9615330764690063,-1.4488792450341046,-2.434209620381994,-0.054698009068200194,1.0226316609654966,0.44393222967697216,-1.1963438676085154,-0.29815014134673734,-0.8442083222381932,-1.5467969287691141,1.2842664721584987,0.21185571838116832,0.5456558404079556,-0.8742429018492515,-2.2904493667715786,-0.6986051335150437,-1.1677681060363712,-0.36246087196777665,-0.7940104125736409,-1.851957446147262,-1.9244095138783002,-0.6885934344715696,-1.410795243713167,-1.1930739129247168,1.2103746558945088,-0.43368057135258603,0.0,INT
407,1,1,0.01449113576451759,-0.19228215242268748,0,1,0,1,0,0,0,0.647481560317098,1.0180356128888302,0.02455548195102081,0.5156372392234445,0.961056639149548,0.6877495281793463,0.04928242596288437,1.0228444558701335,0.6976298186530777,0.003833602370250273,0.9647643145536446,-0.021139255542574384,0.47247986181835117,0.36710591917395513,1.2339938985417505,0.6927382361001688,0.598816641866468,0.2900518127518766,0.7345921647862079,0.7881045237989723,0.0546730231333141,1.334941306579322,0.9883230242875986,1.4569198570807549,-0.34682192520822314,0.9343232810173578,-0.2926590931852537,1.0273870161881078,0.5153839682401882,1.0486285165030673,-0.3581942837271127,0.44069704769410317,0.37427413151533645,0.1679302729954971,-0.38607898804860585,-0.053492536136376084,1.9042846117860124,0.7873789581536128,-1.1453338420271466,0.2370190812523464,0.6190079290881296,-0.9756433969490144,0.051910786696810804,0.8491587677242541,-0.9193567690016174,0.5709829574148161,-1.171832192064925,1.2634735781248745,-0.616706935230864,-0.3652649466169198,-0.5533470977438392,-0.4904179054625712,0.022469033966081384,0.05664793047649672,0.8604687970706438,-0.5766284462677791,-0.2427998453703521,0.6290515235617008,-1.596808422668469,1.0300601852590263,0.4596836454716255,0.11215650549465925,0.11665291963903648,-0.4978766108933393,0.5724324784136815,-1024.0,0.4099256565040482,-0.9751735951412599,2.123136926680654,-0.20743565297975525,0.02106327675624112,0.09607314590798242,-0.08588077279578017,-0.720188623697625,-1.5766143316064845,0.48417082223089564,0.6578823960611089,0.28572043103588946,-0.02894640364704948,-0.9904353758534411,-0.6131926754537318,0.08804957060937597,0.09380571989723296,0.08598404438765794,0.7687837480922919,-0.6301611558014635,0.7613468572797172,0.06737879340093479,-0.059472992169417274,-0.36083977308713416,0.10566221941401902,1.608741569435639,-0.1283484528145208,-0.4026394025396013,0.20471534932396074,1.5732274514802285,0.40985823602023647,0.5308884727397963,1.0852129760298772,0.6479710074156351,0.07751795492425138,-0.5751000355026525,0.32082948492556,2.284655600018593,0.76045851097606,0.3003180393221238,-0.7801441409981853,0.26303401260346476,0.9576512259900116,0.04680874599749511,0.2900143428198283,0.7360391916927351,-1.363592582229073,0.10403360234341236,-0.4661672824526152,0.3454615047037414,0.9393686871710268,0.5308761449485369,0.08104482062538788,1.1981138815824588,0.7004919004777939,0.4552361838041866,0.5719734578754073,-0.4179401551303358,0.9854798411406592,0.12572418800896265,-0.41777801903138295,0.2455640454543514,0.0,INT
409,1,0,0.37877840092155823,-0.2540416156837812,0,1,0,0,0,1,0,-0.009877590812009278,0.32860965186486746,-0.08439482327619573,0.10520074965398853,0.5355725786877251,0.4193649458000787,-0.2709186790804342,0.3994970080818631,0.13353423650223692,-0.45125213538535963,0.8739453501342305,-0.6488788145452034,0.10949157949628086,-0.1306201858199768,-0.055247140167667685,0.5928977958004672,0.1663168290808291,-0.14701718210251943,0.009487061109391065,0.5576395220695589,0.05508888553784921,0.5093233693415103,0.9528258044488759,0.04565073642786084,0.22915076080186275,0.5494615916005938,0.5286444190150263,0.5258352809938188,0.14295105111163312,0.09665860696557264,-0.06013987398562357,0.19012186814425566,0.06383910369781372,0.6370841948482134,0.035625696421593016,-0.00046821529073753324,0.31624726062409564,0.12685732006260972,-0.9056329553030653,-0.0858443497933834,-0.08329133264425215,-0.8832915301937634,0.20921234420736057,0.17676601590935756,0.2527184923058484,0.06684306541966971,-0.9683941696712773,0.20856857254605626,0.46870718753455665,-0.09727889360620832,-0.5188295971107688,-0.8890056392963425,-0.7464976331025586,-0.8672456297942459,0.2073150661470039,-0.5928092650869282,-0.8125915100263574,0.8032974144369793,-0.786499965032079,0.5532761478107764,0.2965401317164797,1.5350917189842956,0.06722985897010565,-0.38498078551430975,0.13895656305705859,-1024.0,0.05019837568620838,-0.05840727105813023,0.5046497372764039,-0.9040921738833547,-0.38600566397329694,0.06995620938904194,-0.12313608660445088,-0.7598257342316029,0.6534557730599126,0.4148172610528872,-0.24544295487003184,-0.20873056570996637,0.06485544566664647,-0.4529862339035439,-0.2797724559711738,-0.09986732434154365,0.038966996338218304,-0.35717358204163285,-0.07701212980873798,-0.8764970735693698,0.12272651333782025,0.06975107710289033,-1.1248016355929915,-0.37209039950506884,0.09498429931277265,0.6391384456518743,-0.8333182874167089,-0.25847116198026154,-0.5738113362331506,-0.03260089672678752,0.21583726552796542,0.14614558777329464,0.622927098923742,0.5769516903722492,-0.43736664647666695,-0.9632390779740304,0.22538948480153423,-0.16278046187215958,0.04507974706611774,0.07032944791337203,0.10274869357286824,0.3185918751020154,-0.317256377981504,0.10644537088491537,-0.7377929047082036,-0.05055811021979221,0.4561761518602297,0.04800533748229133,0.18965369221818018,-0.46620949350781926,0.44840514684646726,0.3334986647728641,-0.6022722889465388,0.5310207983049083,-0.016612571043416038,-0.3488021120039628,0.22567035362689244,-0.6185305378782395,0.48833550412344534,-0.44300968788851924,1.2839433134615068,0.23978101246377817,0.0,INT
410,1,2,3.3956978867092187,-0.24128320453206872,0,1,0,1,0,1,0,-0.3330321716097943,-0.0677175274123782,0.3349307197332705,-0.020018876003494,0.3335263992540128,-2.0784832975759286,-0.6034111639550674,-0.18717566474780326,0.051460451502645284,-0.8577160910515996,0.4356253059052591,-1.394673954232879,-0.3379890550192131,-0.6366327110114937,-1.2716222627259037,0.17333921956546117,-0.49095133086193987,-0.7578644567846455,-0.5599798209799396,0.23638217526518057,0.058358685700576854,-0.8351358783767041,0.9805789280064333,-0.3656661539960528,0.4355273274479158,0.47439844866342545,0.6026333704267713,0.08639784866341388,0.13615441567279654,-0.31907368329481756,1.2039264209376752,-0.5822933043388372,-0.6564513620643698,0.7983927098187235,0.6384834820340429,-0.48667971046068037,-0.8935446671895526,-0.3490200347303251,-0.7576222466950753,-0.5562929330679676,-0.5729072147874755,-1.0356347469771081,0.03732176213052572,-0.6950027819654184,1.3179490555133673,-0.2660227144239761,-1.5408658734656,-1.2948763536910513,0.900875387425003,1.44398635463624,-0.6304516529292332,-1.344500171090698,-1.7966938165972643,-1.1230394814605307,-0.7810997997305549,-0.5977955199066387,-1.536702650443383,0.5812973307632123,-1.1939768613655757,-0.6132447089958302,0.9546532457727118,0.8291602154133141,0.39539695086515947,-0.7456828477093146,-0.10798121289035921,-1024.0,0.31737196581703425,1.7905108416939157,-0.1038163350289468,-1.6071176476595748,-0.8631417967733921,0.021659224167364693,-0.12313608660445088,-1.3618213471465057,0.7795651434400893,-1.6451152516108887,-1.6046521293955527,-0.6862110225963995,0.03821388374602101,-1.2672065261944943,-0.12869864515290114,-0.9475927347871863,0.020648666885097807,-0.7019699835608895,-0.995811807354229,-1.1461896948619752,-1.2296793308273564,0.06975107710289033,-1.2566573996912478,-0.3777053976247654,0.1926107708044295,0.3232301729356374,-1.7654564476035006,0.43059777267076654,-1.2575028101072383,-0.45405620609363034,0.3309293138231409,-0.02991813221116704,-0.5801739582505472,0.7327976039670526,-1.1975272487194584,-1.2540453470356985,-0.6331471816988785,-1.182304304414323,-0.8077952923447016,0.11252497104064438,1.2324333203225921,0.43999219154374297,-0.9258613503074749,0.16920168995657361,-0.8628821886064528,-0.9902102141923723,1.2711924355247686,0.3155708815724443,0.4056072788628163,-1.340739072200175,-0.5678921519454807,0.11395791262311197,-1.7626289230628738,0.08068064550028946,-0.6562112757837586,-1.4423993484900606,-0.7349880389855662,-1.5212988947722876,-0.07007482759152713,-1.1768778176439987,1.523961390348057,0.13257833645256548,0.0,INT
412,1,0,0.16217295074987628,-0.6252681485477477,0,1,0,2,0,1,0,1.1514906823225017,1.3971793357131008,-0.20782175210751833,0.9036822705537827,1.1752777231665357,0.8600924035041164,0.4531794143698604,1.3190041939033756,1.0772879752961042,0.037564859624070815,0.9198506817063218,-0.109379773318293,0.746663568317217,0.2439891963276039,1.321805306254331,0.8055530284051009,0.45612126262117914,0.2847725371203458,1.244738756856776,1.382601734671629,0.05519994433557288,1.2413019160481267,1.8458279214463658,1.542200076677327,-0.8351844842880407,0.5865489226568954,-0.5552106761945806,1.5995270201650171,0.35024765554413423,1.5507324599826482,-1.622941388429425,0.6623129457596627,0.692448713649261,0.28549275221625214,-0.8303230841834617,0.10746139289998353,1.2974119140410607,1.1806458185780822,-1.3351221715983759,0.3125684408938415,1.0068252100082635,-2.001198313832967,-0.2585163374368246,0.31344525066670753,-1.5732083031813031,1.3290483510226498,-0.6539971132824731,0.9196889780280142,-1.0139843605520895,-2.295666480078515,-0.40743409376394796,-1.0421747866331157,-0.613310163181174,-0.3910337224246362,2.3126061632260457,-0.6142685529324252,-1.1243922787623906,0.580032664415997,-1.6995191974480461,0.31326622492602946,1.306018065849966,-0.3284032103109462,0.2420724907582247,-1.1023575439129474,0.7480974205145726,-1024.0,0.22347110177090912,-1.6359850249619305,1.3938021699625254,-0.8932851501178204,0.1509203549503145,0.1608408857014504,0.006483623177341413,-1.2176258299095244,-1.6280474333913135,0.64745727129299,-0.1031178179197668,1.070046186461295,0.08517257516308946,-0.6822543392366207,-0.09185887609906905,-0.594996697156997,0.24729863100780883,0.5327101250370587,0.22887277621542068,-0.8416621868704438,1.2470428283987485,0.06140117101075428,-0.7395769758739563,-0.37735114657154434,0.21572404310803162,1.1211953981870781,-0.6862992048121289,-0.03345988473116318,-0.7534264462462151,1.6098599170955359,0.8336604031034183,0.8606843991571644,1.5792001166505563,0.05478970021258187,-0.43310732621593623,-1.5739322557149926,0.43989917140306534,1.7721375801799046,2.5897138707096494,-0.32272001122181626,-1.5019087141460614,0.3642121699045185,2.0560526583152328,0.2927389353052733,0.8014944973946548,1.4578049569673184,-1.1879019066254504,0.23721368771024465,-0.3557516925494339,-0.5606519690554332,0.2049749869728003,0.3444528158557761,-0.7750845592023491,1.4270529012538424,1.18601074165872,-0.2194371736935056,0.6746300930680308,-0.1571342604488449,0.7431267013357319,-0.44433975116464186,-0.8119015440925804,0.25994485223091995,0.0,INT
413,1,0,0.01449113576451759,-0.5615793734120713,0,1,0,0,0,0,0,-3.7625578821350802,-3.725053198993672,-7.082562722209215,-3.580769406389096,-3.433911871246118,-2.0784832975759286,-3.44878115225589,-3.004873236734566,-4.122603532741482,-3.013160839823653,-4.276684450423191,-3.3944874525074775,-3.63794899650133,-3.058827129826554,-2.6994913951627426,-4.941393395341728,-4.019244822109121,-4.267096598651785,-4.044540692204488,-3.384930167886903,0.05670460307307749,-2.443472281249265,-2.124103649084235,-2.9047142950889047,-5.57977471673,-3.5664056966331312,-6.101711824746158,-2.518596047631191,-3.7047092413522624,-2.325274765113083,-6.257971315992874,-5.052544342736718,-5.46133578285503,-3.2844187443675934,-5.818766084983317,-4.668273818095247,-4.657829049950503,-3.6787247285104345,0.5801204671457962,-4.201414516276738,-3.9093554754106563,1.3294702516148609,-6.109358181455758,-4.188504543017078,-1.7852491483316333,-3.3054753672935986,-1.362687241475774,-4.5169250033393915,-3.4776413846928196,-4.226958266437953,-0.22259304154553758,-0.954322317169435,-4.429705363302803,-1.5795604718774303,-5.22418579853638,-0.3957026955289536,-0.9949930691193859,-4.382000931664334,0.09437403632798053,-4.6076203800185,-2.1277144204632137,-5.257724752321718,0.33633801992248963,-1.8256865330976608,-4.079516797696775,-1024.0,-4.128379331891282,-1.0749179560053082,-4.882590302854796,-1.322452144041172,-2.4025956265885893,-6.889871747019376,0.006483623177341413,-0.40104351702481933,-2.0138826521161626,-1.8746733113218843,-4.491630962335933,-4.448630108415413,-0.005755277957176087,-1.1071176313716822,-2.750806160772585,-3.0575483474483085,0.0012118603513975375,-1.9444610400589166,-2.2618227717529855,-1.8798515656454646,-2.756300298701758,0.06217683655426447,-2.444798398384552,-0.37247915009300253,-7.897581950849601,-4.648650921825975,-2.119222897802735,1.0406768716242971,-1.3417688513982438,-1.188795245577359,-4.197391244566896,-2.774731014442661,-2.607817587962953,-2.9742115841957824,-1.2070495711129174,0.5269718057983127,-14.173032682901582,-1.9022655713611054,-3.19201289424989,-4.950744264128099,-3.061223538108967,0.4020151833262453,-2.5478726850826217,-16.05045483802801,-0.761589541308575,-2.6922377611663144,-0.7336794951355048,0.2855912935896711,-2.4880915687518876,-3.291087527671235,-3.2898734567732433,-14.291776112026584,-1.3938450432979077,-5.431119307287492,-5.010493459799912,-2.010240009489891,-6.4437353804868405,-1.9649830790953966,-5.274628856352126,-1.1535184882789689,-2.8120793606411305,-7.052062943544449,0.0,INT
414,1,1,-0.033014703936697004,-0.395216587739923,0,1,0,0,0,1,1,0.0441421032169391,0.38526449481692254,0.43248859371787485,0.380384942226488,0.8208456735700794,0.20318078505293174,-0.01514442494047045,0.014262388483358967,-0.407065224797785,-0.016664839510622382,0.8760109228393713,-0.40210502346739374,0.3994439117095839,0.34468682603504824,-0.13831113486032187,0.5951685515799919,0.5498479302368193,0.24056576613802327,-0.19649875163930397,0.07896119630096363,0.05371178585682795,0.4575825749140639,0.23771402075146067,0.8469141415655773,0.5799610444077281,0.6699161035774414,0.1877868768857703,0.042021156507638054,0.2595155862944631,-0.3946918876814795,1.6018053364138407,0.36015629659951565,0.00791570724381518,0.8574515505311581,0.532242871849988,-0.11886935569239157,0.29472163500666393,0.04913049175627375,-0.06998233945162134,-0.26147599856386783,-0.039545962990719476,-0.1117784071476522,0.5071345696834898,0.08791217954699874,2.1947823704649516,-0.11675093246673313,0.0541145827843023,0.4958734028728541,0.1585897251670821,1.07744740023328,0.15630420815065124,-0.4235016919132032,-0.222554754625848,-0.10240874676774767,0.1014377166766061,-0.5310961948936751,-0.25436362936057894,0.7025070946102375,0.2259710883552959,-0.07361565756343534,-0.12041000469658551,0.5406915442927719,-0.41834699510219026,0.3871129502421201,0.4542438090999874,-1024.0,0.5406610652923215,1.1480715247813598,0.3536978047847036,-0.4281913097630505,-0.6296145081969733,0.12467041320945409,0.006483623177341413,-0.2848332563896936,0.8198939446690009,0.5537167971769984,0.36583835249596935,-0.09107435036924239,0.11058171474260875,0.024007199839461743,-0.0961977887937137,0.05203861252955327,0.01782430214437127,-0.09037124974051586,-0.18124381868058245,-0.6840059697275298,0.05853729563746732,0.06140117101075428,-0.2263816162459176,-0.3561547690814139,0.18567277390158188,0.5006487855313797,-0.3818709724742406,0.2572836137646114,-0.27216482676713555,0.8506439541298346,0.8522640289740457,0.282810072927089,-0.29722437553434883,0.8411184863165341,-0.14196604819208195,-0.21528310482833915,0.321214916110796,0.1484302247415903,-0.07759682254236747,0.7145321303418035,0.6427299375011875,0.34118319715001094,-1.061309136360589,0.23096043230603566,-0.7293644268502849,0.4928429918914892,1.4613348215554838,-0.14592420268842707,0.578343063844025,-0.1250308850754631,-0.26583240028655947,0.10575875013120725,0.1133502878813885,0.4638232433908122,0.2648713203595685,0.20110122132536878,-0.08343198465318154,-0.17056030491193053,0.28347932475180826,0.1291426253994053,0.4218375042238564,0.1786793954041472,0.0,INT
418,1,1,0.051111836250219034,-0.46300386458693904,1,0,0,1,0,0,0,1.0301804669272752,0.4672084135442448,0.09176877156429986,1.314632865792675,0.5912265605527965,0.36067769311291636,2.3610170973844764,-1.6569061160705896,-0.06674962891954446,2.9209159051056037,0.25192522520475435,3.3498014505797626,1.9228216453281826,2.5380558304669325,-0.732619467034513,0.9424431570338679,2.094189592903632,2.6863410449235,0.2290743845939056,-2.766800616361892,0.055728434575959974,-1.3267242223569102,-2.6410154074398737,-0.895906131990652,0.6540772907701566,0.6309712907769002,1.1781734074659465,-2.47707588257684,1.3139065924056161,-1.0217813303105883,1.2689877640497007,0.07053546054692354,0.4609270524870188,-0.24965324758310836,0.326569248246695,0.9722773125516091,-0.23610830109728195,-0.11068757698595746,3.4302211221062553,0.07173571848451543,1.6513358440077446,3.5163702039638736,0.5727510379970645,-0.011033704719313432,1.0004410908443417,0.6254225280988166,2.8438461286775603,-0.2995235552023365,1.414435897339565,0.7597729533140399,3.106671757154747,4.036111061428759,1.5544326343369053,2.9969562006356414,0.11748864977339776,4.64456414418521,4.162447969358504,0.39444844286816194,2.694031238342944,0.31375474384728397,-1.3533328133347569,2.285427405551693,-0.2010683070716747,3.2166418086297046,1.555780384971409,-1024.0,1.78111992103225,1.7050407206913023,0.6841368005277799,4.449380662806787,2.3098395248806844,0.1608408857014504,0.006483623177341413,3.5695877843464987,0.8498595614085295,0.5088949739595959,1.1799939243894728,1.0444644979434854,-0.019844395381044138,3.390919738877977,2.031509095489226,3.3342943710946233,0.035954945356484455,3.21570316900303,2.1261814573139715,3.2075378842375395,0.10923821445706935,0.06140117101075428,1.990569855588601,4.5255806854366725,0.31783334610909214,1.298911464949512,3.547919463860799,0.38954565534328617,3.216217261235991,-1.0867472303367371,1.9505204520627055,2.3076964261885506,-0.9698124991995003,1.2697695718089013,3.986949361206908,3.629749441693207,0.40373365892068125,1.7675356603897727,2.029666417535003,1.0389029142720378,1.161478357705338,0.11440691522878248,0.20697754042895689,0.46848792781567,-0.8631586828166138,5.676818025179818,-0.2904448652778063,0.1104751478812711,3.551547668723572,3.1341522958362904,2.2555080551965196,0.5381098862018615,3.1802665639014216,0.7554268206156304,3.5137958065269674,2.9774145668511376,-0.06911670192510623,2.867008225585744,2.164729068910389,3.595309568707675,2.290430397043468,0.25994485223091995,0.0,INT
421,1,1,0.16060269103292818,-0.26972493631726413,0,1,0,2,1,1,1,-0.35348841716697066,-0.10659508159988387,-1.770961428166047,0.2607008351705531,0.6026145672869307,0.4725185812504574,0.20771894220274706,0.7200573909945263,0.20674355321024407,0.5671116942628327,0.35480446231135093,0.6527537814830964,0.560114714353354,0.9030436103889484,0.804665013058381,0.10339855020324434,0.7276363180337608,0.48979307678874545,-0.09101726653612247,0.07734217316656301,0.05637817253081245,1.0724052074442727,-0.3356556151741221,1.8097651656627085,-1.848874250883926,1.5774247144920435,-2.0199169912334476,0.39039209522782453,1.2235425124042385,0.4612332532939779,0.3227835289419139,-0.9096850338495245,-1.6570012613534937,-0.2008770948673541,-1.8862394108353815,-2.393235830971706,1.0684687307563276,0.4103554436407581,0.5018254439235207,1.3089281990914845,0.3920877393583789,0.5019248614066024,-1.6990012356451696,1.423912261480479,-0.4278328401959501,0.1774126377175716,0.16571216847456655,0.9642006981998257,-2.066855481109547,0.14636044032447398,0.2518726480207125,0.551835579717392,1.7337300951102583,0.7827819596463488,1.1282367990135915,0.40602179968007346,0.6730854105210639,-0.06662703088964966,-0.07859698474744439,1.0779801140615732,-0.19403918373760534,-0.6428401172015269,-0.03842024468906231,0.4107504124245157,0.2543242102245094,-1024.0,0.6134646626166333,-0.5634840685721195,0.7655268874087513,0.8539859573112589,1.1814663033186215,-2.1913520695593363,-3.3346585738065344,0.4211406943874104,-2.1242592617211478,0.072889768134237,1.1683755049588778,-1.4343159543910269,0.02443972316137859,-0.7490189535917847,-2.2048185014713217,0.46980388652081345,0.2165064168643632,0.6528539715353175,1.4140700240204114,0.9380328435226685,0.2656270950494569,0.21123994784372585,0.7750368744840003,-0.08884957096773351,-0.24184349465454796,0.36793536725973497,1.4429660416114414,-2.9071993904505016,1.1889264637307,2.4872166811783267,-0.042253466932157153,0.7644241877310918,0.35145998443779664,-0.12978628078694138,0.48904659558470015,0.726507378669853,0.4035865222477537,1.1067345399326598,0.9949851864853198,-1.5396003096390893,-1.7639275999527797,-0.09897740468435454,0.5286727956880987,0.17681137975579747,0.4792987072232945,0.702848768454409,-1.0688172093101778,0.014251712029683554,-0.42076445075509195,0.7060905958124525,0.8440908511115727,-0.25935460271772953,0.6150895044119402,0.4182091479407955,0.39225749759541373,0.938265351027645,0.4944312029108303,-0.35498584261718324,-0.3539259990562307,0.5831974764859158,-0.5430304444901509,-0.27039311994152126,1.0,INT
422,1,1,-0.027875538134834083,-0.34229060021534474,0,1,0,1,0,0,0,0.9228137325196112,0.4365007645594263,0.6342462550367871,1.2642497860581863,0.6420443862039292,0.5993529904971465,1.1279316998365059,0.4434439793555279,0.4804425542081538,0.9009703292141571,-0.521612158065139,0.37656078161401846,0.6256195211123949,0.416528145306992,0.6332873242016829,0.00318974319184264,-0.5664192360134492,-0.07850361425316647,0.576245737640143,0.9484235131586066,0.05357651974356952,0.844481109839307,0.8310675080684921,1.5608445227015773,0.6963383197137419,0.7203096538306435,-0.39076183586045155,0.6732660886636905,1.3064321585116934,0.41547017193423147,1.5207923329713886,0.31575654973024986,-0.321373283530994,-1.4394608152604869,1.001378866457195,-0.5618257629154404,0.09366938791123718,0.851950110654134,0.21124642231780139,0.939415349467273,0.5641125501670703,0.72817183406634,0.2948041110821755,0.6402147721076423,1.4338435971649792,0.5755338381134136,0.13310964897070413,0.3279945710658211,-0.5287624854456846,1.8985323378710905,-1.0833684217477977,-0.059160813544718416,0.2913122109915853,-0.42329645873847926,-0.48134890861782137,-0.4638851648727272,0.19869026277159277,-1.5902988101699667,0.5006093255121125,-0.7916874659378839,2.1293649438358044,-0.5046276311645915,-0.3357445421737702,-1.3574968785587815,0.40184282568793794,-1024.0,1.3342463744255595,1.719591611608031,-0.7517932086071003,-0.5094390804553259,0.7161821800764375,0.1608408857014504,0.006483623177341413,-1.5546650161081064,0.8683126522613406,0.5782186213168472,-1.1131548591469569,-0.5330811662799632,-0.012262406880331759,-0.8853424648871562,-0.6163109316258713,-1.7157583379763846,0.01719246773455858,-1.4309079333105574,0.43156969755080843,0.2735150192006486,-0.019432190789601272,0.06140117101075428,0.4889477317234943,-0.36140789475435003,0.2359103539807011,-1.2624306570247386,0.17997113240971244,0.4185907438412061,0.1468507749737985,1.6133514425880593,0.8234844638169443,1.1640633930600852,0.1273805411631614,-1.478240823667382,-1.207988678168846,0.16739997203462006,0.37241706268744185,-0.5020165951618454,-0.7609022456288876,0.18989962555587592,1.1245663809719388,0.1663447538283946,-0.5646535700751099,0.36458627577243297,1.4037704106289903,-0.6797528043948025,1.228507417335569,-0.3196467861970975,-0.842867754598987,0.06077641269199283,-1.1134101029800862,0.2741942394664992,0.25761770270037393,-1.374918383711068,-1.2961995582352426,-1.1442933582138286,0.3531111684545329,-0.6851898633847532,-0.13740295637178826,-1.1849381038168416,-0.1297563443800932,0.25994485223091995,0.0,INT
428,1,1,-1.208377522400439,0.9609028506209606,0,1,0,2,0,0,1,0.5097011788850596,0.3233240991438923,0.3270559259134332,0.40080606405627156,0.14970223265026547,0.6647050525130018,0.4872286564074493,0.7470036669228501,0.6855084231829004,0.22875296343522683,-0.08432531254206274,0.0362279443114753,0.29270808223471845,0.024024065425971033,0.6464439376594512,0.13654403707406482,-0.0970934651203375,0.09824068702837085,0.6035291238835769,0.9913159202729881,0.05385062801052567,0.7457669219531576,0.8814676407503472,0.5261628235933553,0.025245349063699133,0.1533711342253674,-0.26866576018876515,0.6877421115473837,0.390691308721823,0.6582972525435253,0.22801846981368173,0.48491924403714404,0.4326008381560864,-0.6077304848115005,0.06090643948387955,0.21847140915923377,0.35886490100629537,0.5798165050632115,-0.48353939580690153,0.10634550765022263,0.3213554158806685,-0.0736134766952555,0.20021329377289976,0.8382669776492999,-0.5079078266986258,0.6622244163486718,0.47449022540133035,0.5151409701627384,-0.4533318368541729,0.3703892727218483,-0.9315867225256567,-0.45034736969463146,0.1522284748750493,-0.8103352510493297,-0.20742403469188098,-0.5560712126731922,-0.07450664385347075,-0.5217328384242534,0.10764672134882172,0.21779091675263348,0.7263152404651806,-0.8461896625716887,-0.021546035447995646,-0.7659983500344775,0.2892378222251797,-1024.0,0.17622119885296827,-0.45375299619822324,-0.19269338607477265,-0.437439792390755,-0.21550118442174696,0.035912977119035946,0.006483623177341413,-0.825469773460346,-0.8877329214127502,0.548523194742726,-0.054709239916877664,0.34208935110370053,-0.006525437317925346,-0.05715528799692991,-0.09176732973147315,-0.5360776540951853,0.05156523996680109,-0.8123642214589444,0.7020751234319171,-0.466090371566715,0.6846370804307006,0.06140117101075428,-0.24456227947039114,-0.37584268409961874,0.18399267991646717,-0.40995253449117436,0.03916843994467358,-0.07951760431736347,0.18044506354876183,0.45588914240864603,-0.38281625924977314,0.20574868965864582,0.7353840868064666,-0.695198583405952,-0.44050474502936604,-0.3569765923966943,0.3542057650516005,0.20582395436011017,-0.4840762824696371,0.3599369283289447,-0.1675818472759515,0.30451434483972556,0.45076172186476193,0.18384671744966186,0.7657157464674875,0.2068186780495653,-1.0565037473661048,-0.0179410570538399,-0.5859605452065535,-0.15665197904374423,-0.012243017438854408,-0.0683538251170855,0.17275881155767786,-0.2826628161351301,0.04432044509644692,-0.18042569533648814,0.6220862680367923,0.13870402155366782,-0.30402531010937806,-0.4445483947292307,-1.1659038211156938,-0.008743629618559482,0.0,INT
431,1,1,0.3152701471023276,-0.5615793734120713,0,1,0,2,0,0,1,1.30577765654054,0.4964620626541232,-0.31017629308809713,2.087249652333924,1.065286237011652,0.42215402257921275,2.7810270138783046,-1.5254801191390779,0.07074822540031625,3.5601472173869086,-0.031086534008333788,3.5860421748946134,2.079662351247559,2.959043155326216,0.22547613560052748,0.9132486664160201,2.3772734176969066,3.213902590488373,0.3052162090721534,-1.3034082859015335,0.05694626541047205,-1.528949769175579,-2.6409844136907723,-1.1985882522236198,0.2534155448970433,1.3801083765738378,0.7330477916772268,-2.5356453580952127,2.336803072965573,-1.0755684990435788,1.3891888641187726,-0.882433994370245,-0.3418693952544126,-1.209757701889956,0.04915563318319536,0.14029213655410439,-0.9228883265204332,0.4479833477441435,3.808086058735637,0.5689025654833749,2.0887767610663244,2.9520431106799703,0.126395634695195,0.2255733375043048,1.4081026018528684,1.0470240109820454,2.055662558446401,-0.7308848920524368,1.110287580084915,1.16945053317613,2.257522187702532,4.337039810482384,1.9718560445638493,3.25831866144944,-0.2830766879211353,4.397916100265621,3.8401676292251032,-0.39184274651650436,2.0270757973076554,0.19132477265620085,-0.8125802346990548,1.9760360616346777,-0.34814608568390554,3.4873105186511357,1.9104285679420188,-1024.0,2.9792638419073074,2.222716368684549,-0.6165474496010442,4.3828982336555145,3.096650389839463,-0.345737068192388,-0.7169258194865559,3.1473407592397358,0.7120448940653549,-1.3549171138849125,1.164309563562633,0.08311906652971043,-0.014252455247139612,3.823497300752639,1.1010652247559114,3.510598381032224,0.06667468809224993,2.5414414497693034,2.248269677367719,3.9887476250901157,-0.7795448260055554,0.10474756375393215,2.519798002822084,3.7824772398041526,0.16167802409844095,-0.07589176689221454,3.7979156902918025,-0.1598676630332254,3.3234318850844646,-1.0387232469212477,3.01488125084706,2.700351612437313,-0.6884554738538717,0.14721678285874135,3.508211305090206,3.6488703454174845,0.026559880761432828,0.0990240396774249,1.1155221951415113,0.693456290183941,1.018273733852786,0.4414729960362285,-1.113607094998093,0.07201210370937959,-0.11353645176075015,2.0767628830544154,0.6311084463607013,0.14610495954089833,2.3538929857047917,3.1955761951668187,2.2488778590159915,1.1105333646647149,2.603712210598107,-0.3866277807947244,1.9519739329734835,2.569272557157134,-0.3872394715259471,3.6695786962949244,2.5036789849797,3.188603629636824,2.2047454944923413,0.14897438480991465,1.0,INT
432,1,1,0.036204109872780485,0.240384612959779,0,1,0,2,0,0,1,-0.12708084872665182,0.14672806724437976,-0.06789719125627063,0.010894173001219478,0.3636195873818889,0.31211609735795054,-0.23166659545676807,0.15434178653472833,-0.15212406957366562,0.36639734430045007,-0.17207442372231826,0.4916147795830179,0.08152237938662005,0.7005150775716394,0.5949982818521081,-0.4930415867386251,0.5927665478922175,0.33874535355102237,-0.10808526212269766,-0.19928967721226362,0.05478969470559316,0.6375047639415801,-0.49130110445246256,0.36938561038299444,-0.08467171981865561,0.627664207966441,-0.5945081106035637,0.1315758138152908,0.2862509240223416,0.19371820068136097,0.42331707598395146,0.003188695371311435,-0.18051543537612674,-0.7895965596699815,0.08178405931886372,-0.2538873830914826,1.0547505069682794,0.06707823503780243,0.7511441773013577,1.165279004280717,0.0945134387782399,1.1940374232842053,-0.12728762550124764,0.978718132528738,-0.06820550641147358,-0.21937476539660963,-0.781511791738589,1.032854267207156,-0.8294528660958216,0.32047637798963374,0.7204160159055067,0.7894816721957422,1.4014896557171246,0.7138731835534288,1.3602730189977177,0.6831703154621511,0.9584913862641472,-0.48496084063546213,-0.4651082346788406,1.617545722658508,-0.5831245103404072,-0.7211898446642215,-0.0962417700903687,0.7607017515943486,-0.02101079797152016,-1024.0,0.20420073897246613,-0.18939931708468596,0.7789636906371944,0.6743372138344095,1.0220921306103943,-0.27392193049983743,-0.5892724173654961,0.590157073486533,0.5282088178648108,0.31098343526054767,1.0679737698003808,-0.4178573633881207,-0.003921115747845129,-0.9570953284386611,-0.5517874407364436,0.8210649169778277,0.07172681322480784,0.8744351541453187,0.8736512706807891,0.8457993494644327,0.07679851542051487,0.09765017508019104,0.26314422241297514,0.1471103742193923,0.007594030601245005,0.5443363897831301,1.1051978240802727,-0.7612980716669648,0.8386560720345446,0.4451516589258159,-0.18951682472643186,0.39063791909622686,-0.16181724567450487,0.12118176622806803,0.6823521317956044,0.9348408976791375,0.2831279846899268,0.8339874909945978,1.2622187706019194,-0.26495486663310897,-0.19040377252214222,-0.6871470909217214,-0.21112487166492783,-0.03304155179948981,0.026681670376970102,0.019747931942496154,-0.4108368627286094,-0.04339611938151425,-0.5799276052552881,1.0803730580277375,1.4512449833203964,0.007036973373106304,0.8548853425741381,0.11678157548773936,-0.22048849113155372,0.8053164025512789,0.3956294043481586,-0.38168928005606056,-0.03822325440803386,0.5853428469674934,-0.2525487267406639,0.12980347030834574,0.0,INT
433,1,1,0.8186672855960312,0.5584571493095883,1,0,0,2,0,1,1,0.0926385428421735,0.0008107844656916262,-1.4476739527121683,0.913494245848374,0.8257547519109095,0.5929026159009205,0.7291817353798195,0.6346521002621248,0.46906679962290204,0.49056568271675893,0.7242873313303176,0.4604559449909332,0.708203742749909,0.433377976727923,0.5583887267608753,0.9007929732208605,0.596923353625949,0.6927889806824641,0.16320253459049444,0.6000013233899428,0.05632518387929546,0.46489181758553416,0.5294383069576772,-0.46350928353212445,-1.1292439832210845,1.621423215950443,-1.3978501175249536,0.6509624030502397,1.6795612584789343,0.6630388657092549,0.250727637327111,-0.9531647621349025,-1.1456810509801771,0.14872208059936118,-1.015772764226309,-1.2132195282317986,0.19606803726643762,0.7758559802419286,-0.4466703647032086,0.6531791738892232,0.6436222455932483,-0.4722150203160952,-1.4459860154618374,0.31936131819854047,-0.0356213504200566,0.8581202823858284,-0.12713309917359394,0.31046079174945174,-1.1744023277135063,0.08358791536410055,-0.12934267240478814,0.1798485907444993,0.5562144231531034,0.4826072893458874,0.35660801872670606,-0.49795889542648475,-0.2685184557347323,0.4180036539413615,-0.1533226670079492,0.335584063008662,0.9209617324623184,-0.5056806411652884,-0.041990466983412314,-0.19380265672791705,0.9539987530324661,-1024.0,1.446309546529949,-0.268618259683304,-0.014539766144661983,-0.21937791372728666,0.5072114835045801,-1.7925070303444424,-2.413288094691693,-0.05608707690877138,0.15045310019854044,-0.03427181919873409,-0.16358981373448006,-1.1200314196111476,0.04593876851116686,0.254757655656828,-1.1603424705709586,-0.007454387170271818,0.16616660895832885,0.07131497047404048,0.0645962902305152,0.5368311822642626,-0.187574988086236,0.18097024876733464,0.7751139599757113,-0.35198281401092213,-0.21618895835355711,0.14291865092714015,0.364400814719439,-2.51883408993406,-0.09984354395442342,-0.18022393323255606,0.7290174678371956,1.3258567010537434,0.7063111896282783,0.13700400656482195,-0.4356072095247895,-0.3401032248672176,0.22566117737219585,-0.17085963780166938,0.11446828947950353,-1.5757887576960823,-1.0190256079522293,0.40643079288809364,-0.32523552892957136,-0.03346468485169356,0.2136069369289729,-0.0027321704949783304,-0.12576597935206743,0.0034605321800399314,-0.2951483940541075,0.6048012831607829,0.08408667534119219,-0.4732576752265946,-0.10533879747656211,0.43029650107351675,-0.20831527383767076,-0.28048180512134946,0.3446783204085289,0.18451359602478018,-0.713822759467566,-0.4414079850096409,-1.1709977252449115,-0.5594234598114856,0.0,INT
435,0,1,-0.017633016731373286,-2.205154045955631,0,1,0,2,0,0,0,0.5007622944861295,0.8762681699077517,0.1448395026349303,0.345911307722111,0.800344523353366,0.7639821494868281,-0.09006331570636954,0.8267996013165605,0.9656602452339105,0.27546374080748126,0.43090728056696803,0.3116139038839429,0.32939652117967916,0.6771514250738732,0.8724648163916464,0.09270960012677461,0.55518876146451,0.23470705239699513,0.7944725605594921,0.6581835305109713,0.05435908418288181,0.7456357510025285,0.5682055140696424,-0.2071694224144542,-0.023224419638448367,0.8592808020796883,-0.24627832442150252,0.7848965618099103,0.428877059380382,1.0478157764662352,-0.3138475461891385,0.27685461386308935,0.30784760010651013,-0.7949983333833074,0.1709764407493929,0.29453538190665646,0.8736207754178021,0.6747017458279311,-0.36135637971891654,1.0189920349530521,0.49371102861649346,-0.41902686414118945,-0.05818869540838935,0.7771741132490506,-0.9860336479045155,0.42126379023269717,-1.4276341489457327,0.7927895588138894,-0.6159914274236087,-0.22756353730685008,-0.48776166077788186,-0.0018079941203602713,0.5855305012178202,0.15485919274345256,0.5951278539223479,-0.398711579955249,-0.06389791463879778,-0.44874697108946976,-1.7072485783437936,0.7699916790441745,0.4887803065352262,-0.9983766991837061,0.06641044212416596,-0.547291431516657,0.2928955620910931,-3024.0,0.16532284688968468,-0.9263305617691568,0.5624151818901616,-0.044526728508655716,0.8835289864453486,0.15990095693039114,0.006483623177341413,-0.34944248099824116,0.4112290317573599,0.3856089272969385,0.708937547915095,0.2085336548034574,-0.002943999368094678,-1.9257961230827876,-0.08744370278977996,0.019411615485218317,0.06021721543703861,-0.22769951933478078,0.6678840275796208,0.43398734089539076,0.29565107821724146,0.06140117101075428,0.3129386561764065,-0.35237109024219354,0.09365063131211379,0.1829739564927288,0.4254721687433622,-0.5200946460175563,0.1884621134280427,-0.3382095473832381,-0.46009020617352553,0.1098702967873733,0.836074196958025,-0.40055849511325137,-0.1298919237365968,-0.36596746283154075,0.2643208975834862,0.46036813592544573,0.4185885503785728,-0.29973477835645634,-0.38009072565286034,-3.24863387167495,0.6931313536769769,-0.029937281674902085,0.7287940920249052,-0.23793043520649101,-1.1438736714096105,0.05559994563005308,-1.367809944408268,0.1414867685246633,0.5641998310935141,0.174905635169106,0.10618455871020364,-0.07333566113628102,-0.5786229030700674,0.5217907773769412,0.6645671060676217,-1.2264610121393595,0.022221579475889267,0.12729771947875623,-0.6368584411714867,0.2577965362311406,0.0,INT
436,0,0,0.1353251846985712,0.9043769539950379,1,0,0,2,1,0,0,0.7573150771661918,1.2581008079034972,0.1225936302104389,0.7817911449394688,1.3940935153345642,0.6909447990813773,0.2259039354520226,0.9094859656982219,0.6903480687816246,0.7893181052237663,0.8705801522166542,0.9875355661253552,0.8261795673796523,1.3598829500798757,1.2558491582367872,0.4536810001617034,1.2172698936487585,0.7989615432726573,0.8195572402734668,0.40135835349378907,0.0544085314858539,0.7808606193792945,0.15647973941576893,-0.44471757266967593,-0.15035899818390716,1.4390937301726139,-0.13092939373213233,0.6898290359226001,0.8606346955741074,1.1621484705310303,0.059865535052177205,0.3135407356783008,0.41557932744700166,-0.547733169423122,-0.0727983394361047,0.5109849168990906,1.405505195013874,0.9257643396408247,-0.03100188545950177,0.7512873890619687,0.9504961374768679,-0.17171636983234273,-0.2375687395008975,0.8920419294933615,-0.831026687877084,0.901521812677778,-1.2902235253748384,1.028149681496109,-0.6206074177107499,0.0509605308303867,-0.17377083053676728,0.541030104142508,0.7601363507675327,1.2477185615400699,0.9583571974206325,-0.049146156820087356,0.43325579544837,-0.039465396782753015,-1.7191189216020115,0.994423820503185,0.12103385748641265,-0.5402639565658363,0.0032296014836416375,-0.08290411412317043,0.742163102155107,-1024.0,0.8186464119310561,-0.8440294603408454,1.229343369770703,0.44930532783575317,0.634595152393451,0.1608408857014504,0.006483623177341413,0.29868049966625754,-0.28574765483752734,0.3650319820942258,1.6818296191704203,0.4033093094624846,0.005556267249368493,-0.8351078864616791,0.2431975666055745,0.44243026242304956,0.05407949677201137,0.4808475768541489,0.8021228715181666,0.6556870923320584,0.3801634406687423,0.06140117101075428,1.677917629365753,-0.22154922312576808,0.07733794409265443,0.8074404610747998,0.5326766997164152,-0.6219327020348788,0.6610295435911242,-0.6030838145830054,0.6369473392691883,0.7559608835576207,0.8258509092837112,0.01692356088593527,0.6434448346591994,0.2453831258652941,0.2582715713671888,1.097123437268934,0.8066769409784594,-0.28304778096301264,-0.568328632402919,-0.4571680272278096,0.46280722729753676,-0.06928723890766135,0.9289548522720175,0.30898056244473515,-1.354564094693521,0.017957744718187747,-1.1172562038882723,1.1700633770775652,0.7763064167636698,0.376446885710616,0.6189072363214309,0.7523300199626459,-0.046366071918382074,1.4083085691823733,0.5891329572723165,0.024585811725170152,0.6486754985014156,0.9486456617877552,-0.3300020540423456,0.25994485223091995,0.0,INT
438,0,0,-0.06584401990146183,-0.7709953975416733,0,1,0,1,0,0,1,-0.19371473080078078,-0.3243220272999281,0.3598775627817925,0.03541940872745847,-0.11573116885896202,0.08850460383435409,0.26830938056146786,-0.40249912044815567,-0.6601775875162522,0.21327572769682518,0.09125785043957312,-0.0963705525833516,0.15525293910020618,0.10354322569235126,-1.2013717576040235,0.23180727399307194,0.03266915653135369,0.14563673607765523,-0.5544737851524812,-0.1649365377214571,0.05608871716567637,-0.9261239486345137,-0.18614530620771072,-0.5381247695688939,0.706119164298067,0.011457734462262989,0.7968204116273815,-0.5812027425172742,0.15004376307684694,-1.0070697562713207,1.2879004986596536,-0.059266645094942984,-0.05058552715772569,0.7526497520167215,0.7746937690600989,0.25961677836915575,-0.8222652934047379,-0.2495496354712909,0.9140144400848954,0.1072433582200751,-0.3026538801875156,0.8215751291308095,0.5062423593552056,-0.004096171493998948,1.9266159924323765,-0.4507633004560986,0.4444077408159821,-1.186041121477299,0.9385093714320651,1.4638973622603113,0.5502878464177415,0.5123312733660698,-0.2654947071146209,-0.14121130343005714,-0.04856216634762747,-0.025611164270846063,0.48154734107658886,0.75635121518029,0.8645303816965602,-0.7165125071278347,-0.5408250088621878,1.4363268924170778,0.07436064832110274,0.7028048594498723,0.19367769710778393,-1024.0,0.27127011595049927,2.1971603209375563,-0.050876215491690815,-0.03449763069508844,0.30249568555679346,0.1608408857014504,0.006483623177341413,0.23101979336086453,0.8888979775846204,-1.3263262390266912,0.35063843288627583,0.12573116701063644,-0.01730802988881079,0.4837550716692391,0.8357218624225202,0.19552426546082607,0.011566649229502991,0.37347121581390685,0.029524823733231682,0.798844108658681,-0.6230720318013323,0.06140117101075428,0.0634438531182053,-0.155179042142923,0.24053673713792847,0.48269381212254564,-0.4264881192581978,0.4604816895598131,0.5110015557481932,-0.7008248237728981,0.19340906302665622,0.14236441451229803,-0.9924104750700695,0.8916333883715934,0.060366007064818414,0.7533368552809558,-0.1853988237127502,-0.975302886787875,-0.11210915263125133,0.9146463130353213,1.293329977268135,0.10820651183105495,-0.8619593444481142,0.3852634208048134,-0.8639006168331059,-0.45984432344590775,1.7560813545444884,0.0002486824335442357,1.1752859249795824,-0.24097892536056204,-0.6998493854952812,0.4310920466419572,-0.10907085641667034,0.3838607941383756,0.22448032590119474,0.2284765041212088,-0.3689818067635589,0.15704792975787235,0.49918454565071274,0.13826874610695414,1.825426973234271,0.25994485223091995,0.0,INT
441,0,1,0.05605875471793361,0.014847095683652197,0,0,1,2,0,0,1,-2.86790640075059,-2.88414474325369,-7.093192230906596,-2.5303920369026205,-2.4675622037292575,-2.0784832975759286,-3.2382014512743384,-2.5389470506731686,-3.1009724385822546,-3.346505584183455,-2.3383340765548537,-3.421751930152634,-3.5189221846259215,-3.5276710944506227,-1.9364129793894096,-2.704813688804988,-3.0246597719762947,-3.171555983350646,-3.1521993321402766,-2.3509627517470486,0.056705229456228176,-2.298989956877006,-1.3600913952997487,-2.7243906068260206,-6.043712531125471,-2.5235759065872108,-6.27209133892223,-1.8746088088144066,-2.5839019093253586,-2.439371335481257,-5.385315353753457,-5.508556499712198,-5.795958273894954,-1.5730909503408717,-6.039764320273398,-5.530935871919601,-2.400706774136159,-2.906441530790069,-2.1548162085612423,-3.971384718296533,-3.0342832493581806,-2.370894198934721,-6.598227501389355,-3.6129038098277513,-1.8208285240265012,-2.840527057581082,-2.3344633738588048,-3.856829206472148,-5.4540012321378715,-4.00573833419099,-1.7671742025140342,-3.037858340725626,-3.6012057790160434,-1.7842174995388322,-3.6472294621740495,-0.6759801449561157,-3.1274349576600344,-2.9095239563634183,-0.7138358292292099,-3.4485944376474915,-1.5541470976936789,-5.369579643231314,0.3350096832623595,-1.1265073663556535,-3.2541666516999777,-1024.0,-2.8964404401557395,-1.2984209544670355,-1.9109399899407309,-1.6201256687146528,-3.290729804319625,-7.270764036434905,0.006483623177341413,-1.2133838092604667,-1.8444199393096339,-1.9023492686783456,-3.888573248619908,-4.763426895748545,-0.019121294047214386,-1.808549215757028,-3.7559394822655774,-2.2657574509633185,0.0037534051057577273,-2.9704682180141493,-3.084332160256533,-3.1523957623085406,-2.7936984930877906,0.061787581437572466,-2.090786417707228,-0.452217472419334,-12.435032655618901,-1.726783099945851,-1.7825168919202994,1.0988461536185086,-3.1435377772620474,-1.0259991025403212,-2.58125728526849,-2.6472459485830635,-1.9728026566333772,-0.6503040643082839,-1.1872089518501947,-1.5637701449073576,-5.668135066132954,-1.8928859457026885,-2.184081047416686,-5.486267074920864,-4.23619431207352,0.36724247782763636,-2.4003466206890187,-6.073185280416268,-0.8497248734528611,-2.70109311480494,-0.45226641557444824,0.30178877355200856,-2.9974281503746236,-5.6122130265366446,-2.1870836889476477,-7.277982217864352,-6.724923445372918,-2.5254214459412334,-5.536060825279357,-1.8503332734103866,-5.403651131820322,-2.410310180932597,-5.452254042779599,-1.1264906736799458,-3.8832251980307664,-15.067628400165145,0.0,INT
442,1,2,-0.1312131758568239,0.44317159115256577,0,1,0,2,0,0,0,0.644904495576099,0.6953778789372158,-0.3187655471378329,1.0379274457183936,1.0999052392248903,0.5939009695411922,0.7943967848305271,0.8897148742170612,0.46414809583539907,0.6783570855781437,0.8468357589427735,0.5722638069322575,0.9239182453998628,0.762274683734476,0.9245519681447052,0.9103211702559416,0.7133829479116499,0.7032445040645126,0.532722069951996,0.6130928129262896,0.05527346616058108,1.0023136037928793,0.48658278348679507,0.7415457826742894,-0.3872691638119854,1.3798923184681806,-0.506346594341185,0.8630602891411943,1.3135221810410316,0.8187631271345437,0.4347976149095154,-0.01909643781944632,-0.2378092173775659,-0.0747021348759376,-0.40508268789418167,-0.5180328239513257,1.001566810861154,0.9399515432150642,-0.24208345756036603,0.9851260795955206,0.8322378309212709,-0.1429724247427896,-0.3580906007334549,0.7497267591348062,-0.13310560176217107,0.6593399473834317,0.005032764030416065,0.9210899811408163,-0.7080800761797376,0.35565000634167404,-0.3497803173966219,0.12619473375158538,0.9440950108672089,0.8186596335748056,0.7740929365189491,-0.36088789495548196,0.15258500894354238,0.18862684972616006,-0.19107820750521035,0.6851895768491897,0.6066273846376736,0.31992519161390054,-0.07302295937094355,-0.292694672023698,1.0120068332576584,-1024.0,1.3164281380135023,-0.2886979070306577,0.6623047462110315,0.24385285459041364,0.8305082436007131,-0.4408471761794943,-0.8503076017728401,-0.2319551257586938,-0.18622683487093994,0.2699878066481911,0.6612988042265817,-0.6097504503964012,0.019853747435627206,-0.2342355214877257,-1.0446444338189034,0.07535559690320463,0.09171761824880559,0.08167785973273992,0.6065840701774003,0.4201989808572334,0.274749945439613,0.11193045464832019,0.9358788926168049,-0.3316148084383033,0.01466293793980836,0.22381314855494547,0.7189925245302019,-1.0511986120362053,0.18636093421316693,0.8767270793295607,0.7692576462699907,1.397303865573195,0.813743557429458,-0.033251588746329365,0.07866744748538917,-0.24426079051800567,0.2680939276093331,0.7220860771928115,0.5960087343959696,-0.39243614304764063,-0.5246403474518061,-0.0038942976476814034,-0.11924223355749221,0.08209570872748854,0.7678124646428217,0.046582711470973745,-0.7783454051153285,-0.026440930773699082,-0.760403189319498,0.42276779433018774,0.4606408655448612,0.4304857257493882,0.5523087559223049,0.3713441299191815,-0.20745067184705604,0.4593132378436325,0.511426373348422,0.019812767406143482,0.6061802917067161,0.12719421797669858,0.005441303144016059,0.12480314654680046,0.0,INT
444,0,1,0.21796989358572072,-0.2994013171870778,1,0,0,2,0,0,0,-1.6057358256826193,-1.016163955313901,-0.3280785282010979,-2.0072151659448734,-1.2404031788979102,-2.0784832975759286,-2.216951270391237,-0.8496456272617521,-1.0730363077538896,-1.560226813059723,-1.0998380497569062,-1.166383124485438,-1.6923049022255996,-0.9913354691307187,-0.594257317801708,-1.933919535664655,-0.8654575004457655,-1.4954525666308494,-1.0926408122935527,-0.6842910821483726,0.05558714535781569,-0.38873052153291826,-0.6220902985506556,-0.5660839614507238,-0.03092161869791445,-1.0595548568970203,-0.23489817173399322,-0.5554896874801857,-1.7913558752404735,-0.8302188983178437,-1.0171337401264664,-0.024593496530424298,-0.09152969975880013,-1.0508751850978046,-0.024817983580960566,0.07790758349325977,-0.4144009028783429,-1.2901083244610259,-0.2879372976163696,-0.4724210070047127,-1.4841939921076572,-0.05684478273331959,-0.11487242787091169,-0.5486703811213868,-0.6023657414624204,-1.2487775883794012,-1.8543936919498525,0.34015824685071455,0.016581476806995493,-1.1270603487297126,-0.1363907888651659,-0.6099710046314483,-0.37251708297457,-1.1072648746386227,-0.23260964132338846,-0.10642735146540275,-0.5517479699110213,-1.7119475241846804,-1.3510935921064018,-0.06710727755392493,-1.4797623087045964,-1.1522845470798737,0.14525515413604678,-0.1447358612733108,-1.8632239788552654,-1024.0,-1.9944213161881859,-0.7134731506143225,-1.3891501670671649,-0.17593096624296417,-0.8822081860541797,-0.44872108285887596,-0.12313608660445088,0.0040373292797658365,0.5431559193438364,0.18953013716579584,0.3378529806954996,-0.347659103096241,-0.045604004526943825,-2.0443939712324424,-0.23268040781087887,-0.5090807441454145,0.04805891074485653,-0.4814299793852962,-0.9671331823844188,-0.923104565260736,-0.1589531358135417,0.06975107710289033,-1.4851059581158248,-0.20731497914150204,-0.0026752605854097338,-1.6031644031008017,-0.5289999732926088,-0.7642977377170969,-1.0051885036818626,-0.6966647248057118,-1.6180476912589588,-1.4651461310442866,-0.9585118230785471,-1.6775935979714411,0.08108455130527126,-0.5119537374067471,0.23295251432562547,-0.5743182738092697,-0.524809473334488,-0.5757869172169888,-0.3936073041093171,-0.8052177903099264,0.030559659903198,-0.09423208740255763,-0.42380462665605495,-1.1010455181366363,-0.4137566590031153,0.13542751067235578,-1.1582095819055729,-0.22494760063366423,-0.368669578754524,-0.7204346522556626,-0.29883725297665154,-2.015028503786876,-1.3934628655985317,0.13020430995875484,0.02625289682989811,-2.113935042124754,-1.998691597624773,0.13400356282532086,-1.2920370891201678,-0.6689822489145234,0.0,INT
445,1,1,0.02286761304969835,-0.20319837790004885,0,0,1,2,0,1,0,0.23794594371827973,0.2857425117178355,-0.34276410370399374,0.22103528201303635,0.274674854231805,0.4545433588592615,-0.18181871950638603,0.3626917667478328,0.17984542300444323,-0.5505413699428882,0.06681575519590911,-0.08581306541706761,-0.16163577585249517,-0.5633800393080161,0.4257241115665405,0.03417906554894265,-0.23039648646187857,-0.2664708411677102,0.23891915943969244,0.5618595559289442,0.05543373365759795,0.1541781748582236,0.8015527028030492,0.2591808589042669,-0.6565246843494543,0.055137992882607435,-0.3338145037014646,0.6263202581121057,0.011851262262187285,0.6067805549529879,-0.15311874087631433,0.553121337803772,0.6476058096611811,-0.4767463346995775,-0.9075823058946254,0.3824147448018217,0.38445076045110016,0.3136558418440847,-1.7268789321432394,-0.06897350917185646,0.15428572478526512,-0.8077921413311794,-0.24677008040257908,-0.04644015370232237,-0.4626426950997957,0.4947345997327454,-1.092429107929879,0.10969287249867592,-0.5089931940691966,-0.5080087657575342,-0.3284731421160316,-0.975235248433507,-0.824515007739308,-0.24442509239549018,-0.22725382159074953,-0.5656041644073712,-0.6114679347143377,-0.18436145225251532,-1.201294094320477,-0.32293126407725986,0.14331806830137822,0.4199448606266367,0.14191817407521196,-1.0982261895496672,0.114582585917204,-1024.0,-0.05795852873762446,-0.7539177475295283,0.3144714127597572,-0.6000657706856739,-0.42718286190395555,-0.030853031503117474,-0.2669944628491045,-0.2805750162044096,-1.4500905537701954,0.6110526155323666,0.5387746394913207,1.1286277769690107,-0.06325208052929503,-0.14476246437767795,0.6461428250366738,-0.6539039371746329,0.19340311796682944,-0.06388889161014999,-0.29721996302259573,-0.617364237384911,1.1626124647485765,0.07870748954303793,-0.2504163843257155,-0.368980533932653,0.22313938873752223,0.5153983049491654,-0.9191242132578105,-0.058126026484515314,-0.37392572714296285,0.16124126562692642,0.3149944184568979,0.3609681962691513,0.4025218678198766,-0.002074835114106336,-0.13078207534762043,-0.6065085732520473,0.4748303209121282,0.13375897405700862,-0.48498374674113426,0.2275570744545935,-0.8758960646936799,0.14844220600538627,1.2999891711650242,0.5610395811921881,-0.22336528940189446,0.7179970918524776,-0.9042390991649504,0.16763527896830624,0.7978442191745625,-1.0062659442660014,-0.6510660389703575,0.5483507180132146,-0.8476652860876184,-0.16265507054296174,1.2438482330980347,0.3316323188082507,0.3633806423712914,-0.29677438861902666,0.770644548762004,0.12480259263847464,0.04060786400408755,0.21754488209488992,1.0,INT
447,1,1,0.12257688014963228,-0.13202406964569763,0,1,0,0,0,0,0,-1.8991067627880296,-1.8022301070672118,-0.9995004833404344,-1.5230132828735459,-1.340386220321753,-2.0784832975759286,-2.0611424893029233,-2.151640081477038,-1.7838627995457106,-2.2486848551693925,-0.7625891117601609,-2.113712327603471,-2.103637021150279,-2.2564767177632814,-1.2346313577411097,-1.044011438972917,-1.9755776546639492,-2.1726149275475715,-1.83057537058725,-1.11569278094691,0.05733557927250974,-1.819074108840656,-0.2526977046367821,-1.8583409413298604,-1.7183096153216042,-1.5179354187234304,-1.4879557038968274,-1.5624242901092837,-1.6862727624428802,-1.6589519084561348,-1.0889846081194636,-2.6168566548570564,-2.3875474021599445,1.6729698973312481,-1.2825891928279545,-1.91755673021372,-0.6633280311097692,-1.8505292748901108,-1.037859240310539,-2.938371702485708,-1.8474216259815124,-0.7704796424331419,-1.868563725001466,-2.8109570852977424,-0.4063738995841058,-1.831613805228095,-1.691636668552861,-2.476456295092169,-0.2545288621175054,-1.3559568459980302,-0.8207245942474644,-1.765469408913534,-2.718541808665577,-1.7842174995388322,-1.9378496470688817,-0.6090870986628186,-1.5339756393349928,1.011402555679075,-0.5259515784014104,-2.5154286200691396,-0.4844055982575653,-1.2176821317066604,0.36746009542284985,-0.8024917648214445,-1.948130180524159,-1024.0,-1.2560342337397858,-0.22896770200654373,0.22797171938745198,-1.1804088342452141,-2.7687804764078385,-0.38415033344241767,-0.12313608660445088,-0.8229769904560661,-1.0476003133649334,-1.70007431673655,-2.4753745586217772,-2.1504957743033613,-18.034723631690184,-1.0557318172866637,-1.1546585365608393,-1.3509041696303028,0.019019343968127843,-1.577668537974787,-2.8357482173502784,-2.1853548685470496,-2.273734545379116,0.06975107710289033,-2.0063146894166324,-0.37803085849400087,-2.5510980158275127,0.10036032424649768,-2.1668446251058957,0.468241340406767,-2.2580073015133637,-1.0674775405252737,-0.9063604484901787,-1.8603859471037458,-1.3134504935336566,0.9321815117875484,-1.2055848637806064,-0.9305766074757659,-1.9455417841792597,-1.616762426385687,-1.8052705757875858,-2.074648521534691,-0.7239939539992288,0.09529338039576561,-1.8872117848240901,-1.293345677835163,-0.848662823551661,-1.8187678169055612,-0.014181097121352824,0.2827030675199151,-0.3287880027830976,-1.9679633276014818,-2.241763382949386,-0.9062109978802861,-1.577959728224747,-0.18650524546125863,-1.8662988761863921,-1.8268689398494908,-2.545129737021036,-1.4331899887593307,-1.402917453824553,-1.1743581845214455,-0.8449831218101587,-0.5822315526364206,1.0,INT
448,0,0,0.04118456417795882,-0.5704446420680623,0,0,1,1,0,0,0,0.9978022592108142,0.884273803579085,0.1964646968001744,0.9954158387331176,0.8278154416731466,0.7128811796993042,0.8417646811636688,1.1245252456598478,0.7397228281295599,0.4846458958386566,0.6453405522589536,-0.04181438501604432,0.75489030905743,0.35639589980867104,1.2441342908024149,0.8854728900241313,0.40086297755922695,0.5558738833710456,0.9079116586487103,1.0959460630859506,0.05438785216397461,1.430283438161855,1.1140344211322257,2.006883895123214,-0.2744816550845101,0.6404261115044511,-0.15952509744663532,1.1667201613550577,0.8057748329279842,1.0272317491618381,0.3746799368406907,0.6480372550611017,0.4209429515108229,-0.15429846775393327,-0.4519951336128774,-0.3358905519549747,1.5160699810225784,0.9887356421428949,-0.49038571094442157,0.9909766754185082,0.7656459618272259,-0.05635191839987591,0.42710018342560463,0.788470600454304,-0.5250673154159309,0.8204371547772631,0.5560578366844082,0.9695764363995795,-0.5228165594648195,0.32524268897069947,-0.6807010870339779,-0.4094755817868449,0.6965387844166858,-0.4241143033720483,0.7231918755371404,-0.59316477529385,-0.103521859392535,0.16470310406117056,-0.05689958802969386,1.3330390623508772,0.9340699825374753,0.6122382668857328,-0.02276567879552622,-0.14370232302847977,0.7768045601984805,-1024.0,0.6079284477045098,-0.6178971197810245,1.4789248455519544,-0.23583438713231555,0.9042955505453056,0.15895762111583017,0.006483623177341413,-1.102337412873988,-1.6579560424816664,0.6545008509877057,-0.05055820325136873,0.3263495536283689,-0.02100985305384548,-0.14064956348606622,-0.7713171318456521,0.0885716193824223,0.08726073638559245,0.18732277453644008,0.7548906667921139,0.030669130691342878,1.1033639872144567,0.06140117101075428,-0.265698203832445,-0.36572702424845593,0.21973408810845618,0.9179664359166425,0.5194419928801203,0.14762382025718876,-0.07286803613405379,2.13549759578244,0.2950221639985834,0.7250766903598597,1.1113248315043598,0.11349102629977857,-0.138171769591194,-0.8206126696032213,0.44330600773349255,1.3271474995052124,0.6881266498938907,0.7435108208643101,-0.5759508547050116,0.10214819646756078,0.9185471950763215,0.3085065176994723,0.798936969784514,0.8158370434954236,-1.1227772885623937,0.00908758305779629,-0.5479964894482335,-0.18921252492323332,1.2799289489995398,0.7036487154919348,0.680730086647561,0.6664826819916345,0.5286000629517174,-0.17558637583663195,0.6504140716638903,0.25699954439020756,1.1332133739443395,-0.4424441567663198,-0.2909474043091391,0.255642403928155,1.0,INT
450,1,0,0.11457158175998183,0.7219160578867174,0,0,1,1,0,0,0,0.7837628474686835,0.6592453719718795,2.0536893120067337,0.6039113105205921,0.42126801767814254,0.10668843384406121,0.7745720128335818,-0.5537900966423778,-0.6334044100854124,1.0024408531322468,0.42732339550433834,1.0253560773052126,0.6780455483145893,0.9221202932391956,-1.0528087593872595,0.646393668292629,0.910130479590752,1.0710309185383877,0.0839834382975721,-0.7891222766049195,0.06113655951610004,-1.1213372030654998,-1.2526199666640099,-0.6648500397366193,2.0722241988007655,-0.5635372999677342,2.164191484346362,-0.9260523136491426,-0.3586793368324547,-1.018884580882875,1.092211716386307,0.9292088045175546,1.161978065605801,0.8085260299080244,2.242879849903086,1.6971530766798233,-0.9682664365513535,-0.19730205295064,1.5904156827020417,-0.07379192070858581,0.34668565159047116,1.716493659704917,2.038307315547837,0.14102290857993524,1.6187531523112648,-0.18089340827649128,0.8258632755920402,-0.9504150283520962,2.100221578102452,0.9327990671541908,2.145288068899464,1.6097645094346529,1.4692939442772264,1.4786823243482694,0.3819845074274592,1.4765577631452842,1.7201352583452032,0.8352506171258962,1.2578843557066068,0.46192908418152073,-1.3407473555299458,1.450349866129753,0.13891619026909802,1.8490773029867127,0.77457400371456,-2048.0,0.25527714723509304,1.2967457496823485,-0.18807192258744268,1.4937149035497903,0.42356243616190764,2.2016371057870354,2.8994247169340714,1.7059977622031788,1.3921661052895609,-2.5527084591171545,1.807625456616545,0.9312024223776131,0.1275860207953158,0.8599666953739317,1.824893274853973,1.7786324032783147,-0.3377340095760599,1.9500708200847678,0.5394937116151916,1.0892037825239906,-1.8273866980274642,-0.22217655733725708,0.8846958149083666,1.5052189278097052,0.6818986443694561,0.3218634592066107,1.2589564143130965,2.9439778937622156,1.2722058938516556,-1.0846081120612368,1.0995979893888483,0.2228738023477666,-1.2218812079701982,0.9622817783583271,1.7374909669747753,1.846732955512683,-0.5476382238992514,-0.7808311768567918,0.8540526773961684,2.0216786243964706,2.2033835738764025,-0.6564005527348833,-1.1278527611535902,0.08934807614469195,-0.8606373677341305,0.06705291489005502,1.5747489861140311,0.17572601153746292,1.4787736920335786,1.2864472317762774,0.8811114546714733,0.2909296256262545,1.0271597998746946,0.3982524635579603,0.6514520192516358,1.6188964538875072,-0.042566356822484164,0.35945419472854623,0.7638038920751419,1.7906240978881287,1.7221276380087036,0.7406297802346569,0.0,INT
452,1,1,0.39437359477460626,-0.09614087339824938,0,1,0,1,0,0,1,-2.0380812917622437,-2.1330040784316355,-0.779844491421956,-1.6539677606507128,-1.7089471852489473,-0.8243329737407754,-1.5306831283071154,-2.408845547838763,-2.671894472713824,-0.7591999142950949,-1.67625221558817,-0.47629151668544073,-1.7296945667366914,-0.8255198651312313,-1.7619350700717356,-1.8476429724270842,-0.7401738312544212,-0.752174390008869,-2.848659761419343,-2.7852003399961944,0.057476879539172084,-2.0627478530198307,-2.620289213321865,-1.9330879561889727,-1.3663402954101929,-1.6814207615808643,-1.2158691056994784,-2.5534356497570068,-1.6322783957572116,-1.9111400349584626,-2.573332117675404,-3.4627949929889343,-2.22738128303317,0.7915406043598197,-1.4143318176781543,-1.680112881521979,-1.92260114362775,-2.574903767086851,2.6034853664537945,-1.9300677452124533,-1.790116068560521,1.9574207670121297,-1.34663839418563,-2.150446670226276,-1.0629079690794665,-2.3522608042873645,1.5974068403149972,-3.007022807251419,-0.19394900756947933,-1.0284109263514378,1.7583443997003472,1.7728687056236312,-1.5910257667709886,-0.17042235515074877,-2.885521059454834,2.507829143015549,1.0284456790950403,0.4829400790797467,1.8366632556750986,-2.574518588369743,-2.3606026407019725,-1.1380563431872615,0.35844891825582054,2.8453299680562636,-1.6619721701764305,-1024.0,-1.350900760078595,-0.10686823881946514,-0.3217870384060458,1.4227181606909047,0.17132711623245467,-0.05214040508669267,0.006483623177341413,1.9520864064237762,-1.5756662673441164,-1.8799829931501542,-1.58109252375391,-2.37749624454297,-0.2000423515043958,1.392738033081174,-1.1061471976047803,1.6808296546982886,0.0030707437324770117,0.7497218745307261,-0.3229161533504347,1.0702327986897737,-2.505056168141993,0.06140117101075428,-1.0900177433162515,1.7256729206592483,-3.5918118401607284,0.10509795396910906,0.36895114035237364,0.9389113795853754,0.7280807673077998,-1.0635728637786295,-1.1078514949552742,-1.505388565728622,-2.944717582677242,1.199911241087624,1.0792647605979928,1.9592788909633831,-2.9959268779588,-1.667447224533358,-1.0566156157086235,-1.476588079737941,-0.6625548097028364,0.060013908327727634,-2.1029985833846547,-2.3448189512028703,-0.8645923163540987,-2.0284175269095646,-0.15931481323755148,0.38714969112283065,-0.08830739921630798,0.7964278636340422,-0.29398924405316523,-1.4929753256573306,-0.1588609255887045,-0.17938265009659204,-1.7410233448293833,0.012882693164131188,-5.0022389360790225,0.8454798566781232,-1.6864062627260308,0.9856925855634795,1.2146119570166445,-0.1784905757565211,0.0,INT
456,0,1,-0.6927293887506007,-0.5763724844472897,1,0,0,0,0,0,0,-0.51004911607761,-0.3454124732324309,-0.07543809395607218,-0.10614207389113788,0.1284308337310235,0.020797919560360954,-0.2953047440500309,-0.3650819638032269,-0.802653253356601,-0.3943475750783713,0.3978387626465088,-0.47502893566398274,-0.10183749706577706,-0.22839232373333743,-1.189476483049412,0.2316872045408263,0.026240177569575876,-0.14965006707276712,-0.6470121474413713,-0.22357833716497466,0.0572085909507174,-0.9772504492009237,-0.022229402527113754,-0.9319749483784223,0.24245056923249697,0.05823474785728549,0.49621443105547675,-0.4932645645708031,-0.16100505622580707,-1.0528654505077222,0.9980358817702066,-0.6006449458963062,-0.423490067555301,1.087646932175336,0.30083159122104475,-0.0991004930761042,-0.8213427026660425,-0.46149205486078065,0.10285087894063105,-0.432390399660116,-0.5049086672880971,-0.2389441904311359,0.055208729784077176,-0.36048597899443546,1.655349034152473,-0.5394594585793374,0.6339411360822063,-0.9448471107151143,0.7023170898591105,0.38277696950242707,-0.19044715713794413,-0.4423703415679974,-0.3735788575863539,-0.7079488475691059,-0.5993896097350099,0.22053182898537935,-0.6165129787271892,0.9369639255102027,0.6224452371947129,-0.7664320886273948,-0.7379529850254739,1.6968077866232223,0.2252832445327248,0.8510660774293042,-0.08291473634136932,-1024.0,0.19235507388730785,0.8340135444520379,-0.03988689604042555,-0.06440985033774423,-0.5134688821917492,0.1589561408964868,0.0037963271328226014,0.08456421785815754,0.6982904301121556,-1.4300030163654573,0.14677000437734453,-0.3623052433165881,0.08768524692096907,0.9009117213595811,0.2633911037100967,0.3416458489611337,0.012751286463355218,-0.5293520992495883,-0.6019827498456053,-0.30119717501406335,-1.1242623367624065,0.061577046782877044,-1.024992850875825,-0.07484869029188003,0.038084122456666925,0.3309588880123806,-0.4504064676535402,0.08798851330858741,-0.5898289218674448,-0.8862067907091344,0.40830865550568474,-0.25398186413185264,-0.8802453742183518,0.8658707333594464,0.06768013480473385,-0.5055296987738103,-0.5314580907061011,-0.9006073947138229,-0.741600451871543,0.13497925986717244,0.5463308619304915,0.4783328549001749,-1.0822071233088388,0.03833494760292018,-0.8617364016427962,-0.5156975687909306,1.3752883631641508,0.12190429273997865,1.043662907757891,-0.7016377606956602,-0.7341292713346359,0.44866102869388436,-0.4736610690625822,0.36842946614749467,0.2881415029628245,0.13938071045833286,-0.7295456589290094,0.3749389487208357,0.7857858733400429,0.13390368928842017,1.6327758385282498,0.2595255782121643,1.0,INT
458,1,1,0.35013766308352434,0.04789428532123128,0,1,0,2,1,0,0,0.10970375181074099,0.4540243232022013,-1.632972485269144,0.49558992227108295,0.9402743398959248,0.6798279960502902,0.16554459705031,0.989403495982891,0.677277491564373,0.03954227132817889,1.1963684235931313,-0.16996297094788276,0.6042776756989179,0.40616039821870026,0.9582944545654978,0.9473486734359003,0.6428306223581647,0.33453078381895207,0.46623057479219965,0.9345997474431438,0.05636600956579386,1.1109122027720568,1.339637151151431,1.084930479010525,-1.7499458671567827,1.5364170267126007,-1.4258003909444332,1.0554040206528825,1.0980336660053702,1.0522675009725055,-0.537378878220535,-0.5672255708447889,-0.8251265720076393,0.28077697492406334,-1.9481011713428766,-1.4172886782739251,0.9892496699225245,0.7953666505310182,-0.9562627712068079,0.5633650835635495,0.589823787978639,-1.4565275510041253,-1.4808577122634947,0.4795888945670574,-0.9718554971721746,0.5867526447897311,-0.7355799187259928,0.9930942968269781,-1.5533313269036033,-0.999912098479934,-0.7833465052833101,-0.5888417011363819,-0.6305041876633758,-0.39559280080176795,0.41656856387266245,-0.5986815339913539,-0.7649422058983721,0.29947172269589734,-1.281591630052039,1.020919308209793,0.5982037247975431,0.01530581069734272,0.12871393031646228,-0.5476815893041044,0.6016949593570111,-1024.0,0.6306508645676737,-1.197219351945933,0.7454606836773451,-0.6135265642556131,0.4252412872619978,-1.484872398980668,-2.33436982903403,-0.9146775010216558,-1.6704494487068542,0.10557911666816565,0.6975300472448139,-0.768144000851237,-0.003009846990027885,-0.8851607888827719,-1.7475908035823373,0.1686419171107306,0.2099164649362613,-0.20333584003502828,0.3473708414024234,-0.2710296483741051,0.38352481995896104,0.1780632817571493,-0.4849493050726366,-0.3712241848559634,-0.1650335809440317,0.3263328497209264,-0.7016785367695488,-2.517897140545915,-0.3926730299275044,1.5311522619347249,0.3026327756261596,0.8372115519693941,1.315634520141678,-0.15674240646950507,-0.13460947543771645,-1.1399400708578789,0.2891107309125448,1.3605390504082835,0.28057588768992536,-1.2450514043985987,-2.0324892924989593,0.39393649103062944,0.958600972150633,0.10082151638402859,0.7350994591666341,0.6115094827809612,-1.2580896205744136,0.15312831268218766,-0.7447549198893817,-0.34417840786626225,0.9600813945032174,0.34429660656366673,-0.6367964395764358,0.45636144786775723,0.3528941039882072,0.49820233071904363,0.6059705195847549,-0.4116454164512946,0.6302865754510577,0.1259077245727373,-0.28558995489853517,-0.11032446207889621,0.0,INT
459,0,0,0.47073607153504515,0.22754459400450947,1,0,0,0,1,0,0,1.8558218624364982,1.364899306297671,-0.08197872282566347,2.035962513382567,1.3789817353678797,0.8104288475523412,2.8565013257535634,-1.0089490489825048,0.9453431852922055,3.420378919835455,0.6412936935672038,3.9059772298153823,2.5235670424807055,3.118335319453343,1.3943385941279496,1.3360075783451213,2.602749515970016,3.170738315220549,1.0001890561332862,-0.9915114954325103,0.05541365119480213,-1.2069411481208823,-2.639989815767091,-0.7599330055300147,0.32906110887701107,1.3997774685481523,0.9376482141893383,-2.251682390354367,2.0214435444580907,1.4285992025016108,-0.3016460261204443,0.3299332987347623,0.6652509766418009,-0.9429506972265095,0.03480038538272548,1.1023327214922676,0.6709794073758227,0.8157876049634128,2.7771021453384397,1.268640145693196,2.5434367000997193,2.7151027076413685,0.28943444897809445,1.3230257563032284,-0.9750325723479084,1.6720621957705664,2.2917038125540694,0.0347978255209568,1.1171444558963934,-0.22341760640500824,2.423289367086552,4.067975935724924,1.7440185320696484,3.5994248485622897,0.38350756151598064,4.328167057014499,4.15128755338583,0.44286877812835546,1.5897453902917609,0.4073313122718105,-0.7455261955889505,1.7629481752527094,0.15513247343652398,2.5242329881590466,2.1263263206977974,-1024.0,2.248901094039039,0.25711446157445017,1.3327929520428472,4.371261266087627,3.3036599008508056,0.1608408857014504,0.006483623177341413,3.31409308835334,0.6719209416557363,0.6613565793208872,1.927790222805311,1.3108331928675783,-0.015588855338139817,3.981619613580382,2.139574137155576,2.993518341090282,0.07977632288291484,3.180918322206716,3.2951845148004333,4.154775708793669,0.6580124643958335,0.06140117101075428,2.9711923521393127,4.155514327730227,0.3165305417876033,1.808039302579162,3.399071956061227,0.2699524896725047,4.354440674305428,-1.028375488478631,2.183423548545741,3.20498431875596,0.321585212224542,1.1854450996235688,3.9691258154821316,4.231565530265988,0.4850361184619101,1.7607437988972756,1.7281118840417822,0.4092854611127928,0.6131426305215257,0.008783250344095064,2.0952592806504504,0.47132426939280725,0.4110628662433751,4.80605441786202,-0.8337361443849397,0.17658399175588402,2.701778758498704,3.3753627781940962,1.8108475927464744,0.995273040826566,3.241565133103676,1.1000185228380392,3.0995593838598983,3.2338937359405446,0.47346592200707527,4.178639071023571,2.5108597791374425,3.748679082885262,2.0623365979357406,0.25994485223091995,0.0,INT
466,1,1,0.12257688014963228,-0.20076839223106327,1,0,0,0,1,0,0,-1.2338702944273268,-1.1191227162801243,-0.020913657719590334,-1.2877688882976017,-1.1148629922183253,-0.21920944448223392,-0.891613958752941,-1.07222026800222,-1.238513619001621,-0.6200256096709342,-0.6393536145649339,-0.7759098304040483,-0.7957489254384076,-0.49082587496881724,-1.5152703701004584,-0.8927115066036756,-0.6214736089955055,-0.7906535727383877,-1.2695495279410927,-0.8718381391352749,0.05595757683499342,-0.7526366245539595,-0.7544933704242124,-0.6882405078780125,0.4487919235663359,-0.94991379861555,0.6529451617460923,-1.0818018622784145,-1.1198738282180334,-1.4963552548234413,0.043440746792776846,-0.16467808141845516,-0.22087668746409736,0.5941605509839848,0.37011599860177924,0.08428026031984688,-1.38159586877295,-1.1606237031272302,1.2647903344571967,0.16513396390293406,-1.230066359369844,1.1357883808756724,0.23505891019331,-0.5131880476422733,0.7682781880529684,-1.3214933547019372,0.2703543951726272,-0.9960451225004279,0.9145925997433753,-0.03266331741101227,1.2278382124373544,0.7400435629876454,-0.5328371654046956,-0.3619891265894824,-0.2390172363644143,0.07164536315940617,0.5580435858953704,0.3108593091489581,0.8888507673061861,-1.0961337949711627,-1.3573563525460997,0.6532483735266233,0.13225520495996063,0.44003356280059136,-0.9742606537722154,-1024.0,-1.2513616522299318,0.7167295407591934,-0.7084619838572711,-0.4094396138378987,0.3614100680535005,-0.12763579048664545,-0.12313608660445088,0.5387181210185423,0.7868721875994861,-0.972034134958309,0.16729531846406479,-0.3548025341722839,0.23545740411642804,-0.1114052573706603,0.2556681287994904,-0.1575924851506152,0.026196332826305627,0.6548407427734716,-0.39472189373656047,0.8671279298172799,-0.5662108498104506,0.06987553651334945,-0.8119118514608822,-0.08560228191228633,0.11493790377878499,-0.22749129831154613,-0.6496542589817241,0.040716021105085945,0.21273429135323285,-0.8242639698223068,-1.208800390851977,-0.7770179680107155,-1.3741634629238069,0.44556538930848044,0.08905482430972501,0.793434542903615,-0.14493393293406298,-0.8389360828370076,0.014162507712179655,0.11600932291600312,0.6887700733555596,0.03315064814858204,-0.6958003958310887,0.14080635443535647,-0.8634038651286686,-0.23718541747737934,1.2550501169287338,0.07269822310837451,1.3465568307354217,0.1641512190256694,-1.0235466146561187,-0.3030383320612546,0.07778667014450019,-0.07492738856543986,0.43055969132862126,-0.008326652689733217,-0.3818899648125075,-0.6377627255553864,-0.42174975950126015,0.12623185077245708,0.6739495093727247,-0.16599757248122604,0.0,INT
468,1,1,0.16217295074987628,-0.41830997665291886,0,1,0,0,0,0,0,-2.866134758340522,-2.7243880600940225,-0.5746174383905456,-2.6367303980597043,-2.3791199523070063,-2.0784832975759286,-2.463681278809026,-2.566400390608957,-2.865188378231004,-2.719278388866267,-2.543637376061175,-2.9320154892170844,-2.446839605456657,-2.672619932433186,-2.1651279782250143,-3.101867570140285,-2.7269237576534127,-3.017450892969973,-2.6639975336797517,-1.9078192522473667,0.05651117274443725,-1.2646685785825018,-1.152308810739915,-0.7779627963931304,0.5894079141080536,-2.7632708358208515,-0.5840716075353867,-1.9931148414841178,-2.9969421988230818,-1.9666005702153244,-2.161600390122265,-1.2884456189542683,-0.24901015268182614,-1.9021460037082123,-0.7154739853367051,0.16727444326258403,-3.355256628515275,-2.692455468183304,-0.7656704123078536,-3.806535012888074,-2.620359692700829,-0.6615557340906528,0.3485361849496607,-3.6785724948256737,0.1630625487170025,-2.7496877544130327,-0.2675948028115506,-2.5052404060098414,2.27775074792113,-1.2923028482487031,-0.5335832497910111,-1.389359303914694,-3.477657434875659,-1.7842174995388322,-2.8352999553620215,-0.743050232338315,-1.5480397862341118,-2.7384649444923586,1.6368106606063426,-3.1308023554218427,-1.6274718109968351,-1.6376480108212161,0.29886656283013024,-1.0635521707851958,-2.9228042323260226,-1024.0,-2.2287238070850033,1.3462182741379969,-3.403465980011397,-1.6233586115145118,-3.2832958726591546,-0.1958317839968862,0.006483623177341413,-0.7482544939312282,0.8578569026089449,-1.4106198865761916,-3.119939275416206,-0.049016295489883205,-0.0054340807899024065,-0.4989528532699342,0.9341887983784489,-1.9555297162004937,0.009410591311263913,-1.8040775442080386,-2.936608459947038,-2.5452983484082745,-0.7254534218144004,0.06256897916474029,-2.090786417707228,-0.5077106220502637,0.16886850515314664,-3.2853280146151778,-2.1544835259231943,0.3181478425109157,-2.2231839216227356,-0.9278799650000349,-1.713557947250969,-2.0790920853518133,-2.1115999437023185,-1.3787329343488541,-1.242306832923018,-0.5026421539623576,-1.9056277743615517,-1.6047982438644979,-2.2460061790486066,0.49718506836733034,1.7560712571506545,0.41351618915008465,-2.4927308645924784,-1.3103535979707384,-0.809524875488143,-1.9273340520342483,0.5976007384937116,0.20831326292896302,-0.4485897157104848,-1.4585990119596695,-2.5755949623481382,-1.809535319776032,-1.537945705632828,-3.2911211553041237,-2.1988337312905015,-1.814778796810823,-4.072016451181653,-0.9149678287695862,-2.42435055427823,-1.0833859537472674,0.39834968713168273,-0.4119429823993331,0.0,INT
474,0,1,-0.18200337071736294,1.5020793993376231,0,1,0,1,0,1,0,1.0202970912510152,1.2595859555209736,0.22803964027935683,0.8202417981678438,1.0887781260378075,0.8895878018879554,0.16686419148170478,1.1426881295038485,1.1637677745196775,-0.004475643578525874,1.2083143863005434,-0.1209620730970949,0.4220892018764288,0.19800960630121286,1.2417720882015306,1.1226711927283652,0.6958766692902894,0.5270608669795936,1.2035135985619605,1.3069153045170157,0.05422538739704878,1.3989318902819632,1.5511661100256606,1.724791925903743,-0.5307418029710436,0.8688989581356515,-0.6434658922918998,1.4704211081303948,0.6234794565828119,1.5191170245948675,-0.12257013614360567,0.5813726253958937,0.5613600385441448,0.4155850391402447,-0.3441483706838137,-0.06642633411952066,1.3077576958280743,1.0915232235436245,-1.7719896878939763,0.2267313410155056,0.8982699331167571,-1.7361713860391461,-0.0707035071538958,0.042591735624759944,-1.2006111707226346,1.0375194438612876,-1.490540640654536,1.0979797686490023,-1.130872077726433,-0.13550890969085708,-0.7482945104070943,-0.9928636294022376,0.12084145074868818,-0.554596629546155,0.6356328083544278,-0.6124457725900442,-1.066251536524188,0.46835656040187346,-2.2455319816679484,1.0622676506407236,1.2196704271296703,-0.7638430338711306,0.06700967662778612,-0.5733558536833924,0.8749716776970002,-1024.0,0.41026101574877927,-1.2395394879089119,1.246672198405678,-0.6177257506774654,0.04385750014486109,0.15706063257158817,0.006483623177341413,-1.1069888161897625,-1.5350920073408512,0.5735015242587064,-0.09199566570563424,0.5922237520121905,0.0800476740436862,-1.143555287886414,-0.6543425818778141,0.24242555974025579,0.1532723475777715,-0.18693183325547236,-0.11837871949776184,-0.8318215017685484,1.0266050479272482,0.06140117101075428,-0.7401082082097951,-0.37732920031655176,0.17165595005700646,0.7426138746651343,-0.023954672486912257,-0.18027135871846464,-0.9546887396350903,1.8310914859535288,0.6449394494529989,0.3982696378433923,1.3852189706266225,0.042643926624454966,-0.4339009788898261,-1.5455932822113276,0.37353778301592844,1.7966766753627965,0.6082388392506849,0.15354296792644617,-0.8282333514886715,0.1356159489099839,1.568096217179081,0.16044814210162353,0.9408245557430961,0.6214263693172319,-1.274486794808127,0.06811804052757167,-1.2371263711430485,-0.46385949149230327,0.9923089605463427,0.4868941502684972,-0.6100989745144778,0.9382953915922966,0.3036759176434875,-0.22021803299958895,0.645998955571542,-0.3774319610864226,0.7771992329268381,-0.443748589426881,-1.2028298591276818,0.2513165544681962,0.0,INT
476,0,2,0.5590101980604867,0.22075192454068243,1,0,0,1,0,0,1,-0.9189847597456626,-0.6822536231070377,0.19394151243131535,-1.123168704328935,-0.8100675071248479,-0.06891265213344741,-1.1522834225069047,-0.7058418789456891,-0.8190837895312504,-1.4244094619477548,-0.17195180586711306,-1.4308496543540359,-0.9602048952140801,-1.2564238671328152,-1.1624503934293189,-0.49459139032268173,-0.8487649307789871,-1.1194581177467968,-0.8006972787888456,-0.1023270350286095,0.05502378009371886,-0.3407969290288903,0.2659931607398504,0.12609565498345332,0.6289592517936763,-0.6691083482925795,0.8601300696193364,-0.31180524055967634,-0.9704234454405273,-0.8829766697200627,0.3685589166593664,0.2561547840404928,0.06683768578363647,0.7586528680743383,0.4397900288616265,0.1347007957440009,-0.6824232848040233,-0.8858903711263548,-0.8823521862497845,-0.7127497060724398,-1.100710164091233,-0.6224160380752928,0.4629799191949687,-0.8554439089952769,0.9561928974955174,-0.890694723495428,-0.5199838633211644,-0.8453885847781882,1.0696973844721416,0.8579530223289115,-0.39076354923837564,-1.217855048777743,-0.9613330601887732,-1.7064105087162948,-0.8384477705686656,-0.6074940505709209,-1.2882068508169628,0.5601893893251455,-0.26546551896825005,-1.1166274036627424,-0.3887521901360335,0.6209882784688968,0.10197479585810257,-0.5169280949371589,-0.8361028401370187,-1024.0,-0.8737123620768198,1.3817842955944766,-0.08224289079555883,-0.9119437608155732,-1.108724814321487,0.09625662531307186,0.006483623177341413,-0.5356739841154542,0.8459871245562715,0.5686962520747415,-0.4470578279296614,0.22064859205691012,0.13946828206035328,-0.8682591850371314,0.47414834884445434,-0.8675118578883525,0.019582526898876604,-0.6570376261862705,-1.2399604563261262,-1.1317892917029597,0.07398794323053397,0.06140117101075428,-1.836611354939342,-0.3768868131327791,0.24053673713792847,0.3230071823046326,-1.0507449534570035,0.33865075864729194,-1.2481103047878175,-0.025770674947980715,-0.7140216825580463,-1.045811421510304,-0.7659917651203545,0.7024728945883522,-0.7242623687337014,-0.8616233341151052,0.16663538603363842,-0.8670334906186048,-1.0786977096953516,0.6866402007634863,1.034062924541901,0.25719710782327326,-0.38152941519981604,0.40982962784967775,-0.8620517402707588,-0.4682150070419831,1.1219111984485008,-0.04940727495313433,0.675120131910443,-1.337856731305789,-1.343495566674881,-0.08982006230444592,-1.471415316189559,0.020396723699679434,-0.16979361133407586,-0.5342538800654285,-0.36882086255703916,-1.1038689304571874,-0.5768939593297345,-0.4487278226591032,1.526530432518966,0.11684607909923718,0.0,INT
477,0,0,0.14483825487979876,0.3733594342763052,1,0,0,1,1,0,0,-2.0703061921875303,-2.1179604034979054,0.23837504009542118,-2.321284765485366,-2.339274972358379,-0.6855658620308814,-1.5939450054428923,-1.9938052554905357,-2.202914239269855,-1.1224538744942636,-1.5769092190923326,-1.033266717159231,-1.7413821033244057,-1.1705192800950834,-1.838609696850223,-1.79143517292214,-1.2245315884351777,-1.287049086707761,-2.030588843504192,-1.5744262868998025,0.05561480889481975,-0.8743600793571508,-1.7728891406952767,-0.3993710896609886,0.7323859507602362,-2.2640023462964485,0.6257956387290962,-1.830352507480997,-2.252059346692212,-1.5211655345747583,0.9025262073747705,0.03331229061645247,-0.2744047058142592,0.8868735677798995,0.5667246665854863,0.031319540090337654,-2.218207665412926,-2.199706445788301,1.7443761206671569,-0.6419487790565163,-2.006428444791403,1.7732351568065918,0.4185463023375184,-1.8027567175609345,2.067763120042594,-2.2647631128257077,0.6889028266102015,-1.6004762286744734,1.2738557292932768,0.6335816214547337,2.167351319177684,0.8039039463769792,-0.6667508784853732,-1.2217480467593933,-0.5732523916842712,1.091784243959256,0.7793084839526976,0.17272950671168483,1.4010366551900326,-1.7974651740672354,-2.1121387180275777,1.0327592049119474,0.14890441712143432,1.44379458833531,-1.9457682139496726,-1024.0,-2.509301722451166,1.7339574169327303,-1.2579313970988242,0.12191745123333926,-0.040080872511948154,-0.028277318650178095,0.006483623177341413,1.1065585706549326,0.899914442836559,-1.1798664459441848,-0.19874688899659781,-0.2577215933895391,0.4848289174418468,0.058457117464212296,0.366558220925421,0.2888737308185265,0.014925562627742757,0.9259579264745429,-1.2448283606921564,0.6464315071125062,-0.49475758781652235,0.06140117101075428,-1.606652869907733,0.45383336251635625,0.22491086065448063,-0.8666718677818821,-0.5147842719326933,0.46927117136229496,-0.4149332395809287,-0.5988520718119046,-2.4735624666826768,-1.5755674568526763,-1.9010367275931805,0.33770119161672935,0.16909898697274944,0.847646959577898,-0.3619661960006608,-1.3087077173445998,-0.2890086778316502,0.5857067318789647,1.235424777694545,0.0015982058887612912,-0.8047550975181873,0.40608764800102065,-0.8590324140063387,-1.202401507689087,2.116846990083658,0.03749385382832903,0.5400612203759007,0.02960844939511038,-1.185981044836123,-0.0946225046253147,0.6359210977266736,-0.4803480242708332,-0.8464391460467646,-0.2830370689649381,-0.5521634069824933,-0.6816054116286256,-0.9452871030324498,0.16388490202176598,1.2584486976562936,-0.13403190491966194,0.0,INT
480,1,1,-0.4154178708588961,-0.390623615219805,1,0,0,1,0,0,0,-1.3545121406797365,-1.7974806740515326,0.18538191209768487,-1.5898492803965278,-2.122371293514941,-0.2876247732779356,-1.0205067532317265,-1.2620536839459995,-1.399504692833893,-0.8077878490878202,-2.5306429561912727,-0.6499335850850972,-1.6200964489267944,-1.2869920191897954,-1.0185598744400914,-2.3730059151775937,-2.2375152183929976,-1.91081059257427,-1.0860175252494109,-0.4916026935588768,0.05599809021687098,-0.7885340494096418,-0.8967223330133361,-0.6351946982711654,0.5028695944270412,-1.8010751629240849,0.2835494186804707,-1.058104707970357,-1.310650207048148,-1.1993611698402236,0.036265392904073615,-0.12548258338831605,-0.2219843409941242,-1.4862916241542727,0.6583625871618797,-0.015605385488703667,-1.589339589294055,-1.2555245337321288,1.1241973098424847,-0.3326333463222583,-1.3284029616422985,1.091739404670113,0.2698600362533028,-0.5476407027502289,0.4466360299768049,-1.5090017775052083,0.3547441321114589,-0.6062146773815373,0.5137735087296655,0.3692111881661075,-0.524793016143206,0.3945664813357245,-0.5839011367878515,-1.5560796644387314,-0.907083117527873,0.5478825709546745,0.3051282341302679,-2.3890979443095044,0.9699352670844036,-1.2024352583283928,0.1262506404578143,-0.47461399375491453,0.07491430473197358,-1.119843244097851,-2.2054560700062784,-3024.0,-1.7235426907698614,0.7309409115055301,-2.8499802327859234,-0.12273637276712687,-0.3692297154735277,-0.12539671521154458,0.006483623177341413,-0.4621209882226937,0.8083644914825627,-1.1647269339202062,-1.3729934157995691,-0.4475694361078719,0.004430748543689858,-0.6550357367791958,-0.04974125129507663,-1.6530333315097772,0.014925562627742757,-1.3155307662863243,-0.5691763948132622,0.062218419909612833,-0.6488765771988918,0.06140117101075428,-1.1145613298998651,-0.3721553546319759,0.13416969803465809,-2.790882493003448,-0.6378474356661329,0.15399396618773759,-0.0016060812182323568,-0.788794132468324,-2.138409549452892,-1.5662105402516135,-1.1897558034722793,-2.195655196169377,-1.1939760584835328,0.67665220849882,0.03604271224186853,-1.083643896293204,-1.3640826395747234,0.031080137718402498,0.7485399710780181,-1.444065878321862,-0.5936984094008868,0.07089155409980677,-0.20346830663678434,-1.0311337640288327,0.9313356935351305,0.015865535815416984,0.15255396231114002,0.29924510704110824,-1.649194427224047,-0.38664811947469896,-0.18910562695695554,-2.599422049240907,-0.7665303687552658,-1.4432746841812933,-0.02221744537425334,-0.7847218230149916,-1.1974079861871199,-1.1846865989962887,-0.5210685680733202,-0.3080580485386638,1.0,INT
483,1,1,-0.106763127622514,-0.18382486582931556,0,1,0,2,0,0,1,1.059275958672672,0.9487462677656571,0.17122252655164963,1.0213823497312438,0.8547339462773426,0.7668500238131186,0.9881695045503391,1.1013739311158284,0.8637763610512319,0.6070714224439455,0.6591621115000196,0.25573066315393855,0.9208586158398456,0.4902923811364076,1.3236105163898264,0.9006674099076056,0.326912421708761,0.48114206739630366,0.922011057548851,1.0435608317324903,0.054462827000663044,1.221487289451148,1.1124206139517463,1.193485664268766,-0.33799682366198447,0.6613618457634404,-0.23400761710053494,1.127179931596682,0.826034468473525,1.061000115647436,0.07457918893930118,0.6515615043525519,0.5638035395311124,0.02410559789063564,-0.4869603752738671,-0.013327840697122456,1.6134578267719129,1.0513845488910438,-0.24873795607117113,1.1588206025698775,0.8610978426210467,-0.3130863767549279,0.2866237267175476,1.006392376996288,-0.7513823977745318,1.0953445229093615,0.7864148371764456,0.6912439966245495,-0.5654712128677257,0.14912845548451775,-0.3398964149881024,-0.2586735702047358,0.11851466286397624,0.06888721711871951,1.0835570937689305,-0.5460148487390938,-0.20682953163658907,0.3669946692708975,0.12527154686886105,0.5883055453743595,1.1769626833285414,0.4836559014554293,0.05548925240299581,-0.6561888216852495,0.8824291252184124,-1024.0,0.6867276647427603,-0.728648446716307,1.6826014732742107,-0.43469273573818595,1.067406979222701,0.1608408857014504,0.006483623177341413,-0.9343236050016775,-1.5896302564070193,0.6545008509877057,-0.0847944330662284,0.6619798135696876,0.006855228804515904,0.2454082895625827,-0.24796474053597556,-0.3349150133463391,0.11234648054389933,0.19411447984766636,0.9685770062935569,0.3036702000061979,1.1294533420234607,0.06140117101075428,0.3166423970995203,-0.3712832635288488,0.22363424348717564,1.3572100361350703,-0.026897253853298636,0.13208314958544728,0.31775363131502987,1.2095878069121375,0.6688497311143814,0.9165204600202201,1.0501367959730181,0.4295387664047121,-0.4395603573877644,-0.36199085429387234,0.4365035169572897,0.7197699320756097,1.0813310384579413,0.7229912966466326,-0.6455832774806187,0.15405799698055053,1.2562728257234692,0.314443478119592,0.6241720836179911,0.6522538455772606,-1.1251120818371498,0.04938447942036682,-0.3426692357359034,-0.0789525070970085,0.46931118755565837,0.7850871129780161,-0.085962590720467,0.9834804615529753,0.5992216047182654,-0.21887391764086206,0.6101777960893707,0.5557108110984412,1.2057086666604062,-0.4444654731929791,-0.24706332500487513,0.25994485223091995,1.0,INT
484,1,0,-1.3481155847605526,-0.3074704752166302,0,1,0,1,0,0,1,-0.9900680916367653,-0.9796778681777206,-0.5658831513984116,-0.8863023862416957,-0.8449521878192872,-0.12382370014383445,-1.1143925659827787,-0.9218519409374489,-1.0680227500016917,-1.0654252639070587,-0.7093431193248091,-0.7016018767971187,-1.1911747179271321,-1.102420331660844,-1.5825128788120753,-0.8434946235697554,-0.8398732663547417,-0.90329934678781,-0.8134821955751496,-0.6134061647749525,0.05757202722137463,-1.4929149320000827,-0.6312080253270489,-1.4452382198145888,-0.6270505130520628,-0.7049240900164265,-0.2528798841432972,-0.5700841790815822,-0.749467942062994,-0.8042366829126844,-0.7203069075195411,-1.494550664446726,-1.271202582653992,0.13656340709811923,-0.44675892739788653,-0.8587033978487273,-1.7097997338758624,-0.934009446390413,-0.3265080255688421,-0.5142289883437642,-1.032441511048811,-0.038225160045320374,-0.7697823035846608,-1.0557530595352693,-0.026866103734969417,-0.9310864350376666,-1.2208479526656077,-1.1215032631842063,0.1371702430289394,-0.816729389830861,0.1901722667429372,-0.3616043755940507,-0.4079562880683326,-0.35677465818576665,-0.6533880501876229,-0.1562875059509452,-0.24148432195405664,-0.2592065308092524,-0.6958400606622527,-0.5027882501327068,-0.8777319054008214,-0.15225235966748085,0.2248500942804541,-0.1282098615791769,-0.9213347927680063,-1024.0,-0.9816942136716628,-0.04789391689931406,-1.2997707742213167,-0.36633738360152135,-0.5574668475268918,-0.34128141752241176,0.005140193919006968,0.29707280832841215,-0.43137225404040924,-1.6329165739514044,-0.4499369021661281,-1.1570715280881694,0.0876560179175009,-0.7303348783533846,-0.44439847056745674,-0.36285067720213743,0.012644238972911316,-0.09350825643314835,-1.2283801833731804,-0.15265672820807275,-1.8339410355328793,0.061489109389741926,-0.381723037073031,-0.2374343993894318,-0.2281291605309959,-0.9372905582729145,-0.5692668899005614,0.16663334352287318,-0.7918006006151302,-1.0129971377685694,-1.0056005413151083,-1.1777983640501795,-0.6312842840631572,-0.14144756705141498,-0.12834335341990016,-0.22698263574833646,-0.5249255634398237,-1.1885352847432749,-0.7323074704201573,-1.1058807605384362,-0.30411486270973065,0.07341561312357348,-0.8211529493519009,-0.22077718540825272,-0.8558147861808508,-1.0798472098050984,0.7893923480662878,0.16510889571214962,0.2358045895532368,-0.8119228629158437,-0.5822313079692609,-0.6816369069152197,-0.2990821979277358,-0.941254844129297,-0.8250190581116255,-0.5923749862842578,-0.2306450263050403,-1.1892922540687167,-1.21960445361811,-0.42675791785462935,-0.726656280848284,-0.632787309917959,0.0,INT
486,1,1,0.35013766308352434,-0.9699663815627969,0,1,0,2,1,1,0,-0.05306547781860321,0.6122476123729536,-0.17517244380756725,0.12681762821046738,0.9718682976905089,0.3476560294289372,-0.45942282184297656,0.24161029408685739,-0.07239035257597683,0.23163063384707966,0.7196619079769475,0.3032291126639129,0.3000750156326872,0.9684145836125038,0.39855754604485943,0.06631991459907424,0.8941647647135399,0.2827589100414085,0.06272053860209931,-0.05175434934321547,0.055460428581647764,0.18726844312688853,-0.1548078655779784,-0.5043247091410924,-0.007663913051371689,1.0414682764822178,-0.49328706118831794,0.2189239140288404,0.24181392594914664,0.3065212850442205,0.018493534361794725,-0.10237339168554542,-0.15439063642486184,-0.02086380021820301,0.21588523373320495,0.008692499414106228,0.5526950781063535,0.1645531023487297,0.3853131451936346,0.7656017809450603,0.13314635520359455,0.4455793199306311,-0.17130321329938308,0.5585394819319519,-0.23398638177309036,0.04035454732299709,-1.6512380349224658,1.0142592089495779,-0.5706914990961123,-0.1504544510077749,0.4127807703510962,0.37842159709189416,0.7308852297476339,0.5902994712598294,0.7382466315215113,0.18227026196461324,0.3125177888688999,0.06151047867805345,-1.2985366887349132,0.918322123354604,-0.22289613516725862,-0.8338995962816562,-0.00201051114859461,0.39135222489339644,0.2217270597173565,-1024.0,0.11773664489512024,-0.4243427387466179,0.02430869801568328,0.29265398304250995,0.61755819265761,-0.3042365710710399,-0.12313608660445088,0.27745247546272844,0.5791062814020077,0.034708150140200913,0.498702135029568,-0.46793174747042476,0.015937164869842,-1.544266146338333,-0.3654265739274082,0.509312506371102,0.03800005083567204,0.3319484963174248,0.383566558774332,0.5341410514907045,-0.3673940963474144,0.06975107710289033,0.2738820984371824,-0.13106625922159268,-0.018558990382374095,-0.2707287567529859,0.4793069901447071,-0.7301447939010043,0.31480912983748427,-0.5836626534710375,-0.14343604776688548,0.19278263085835637,-0.10667974978020711,-0.2329494175134944,0.31685758209025705,0.31901312427621514,0.19867671094254818,0.7218484198922969,0.5690046890209982,-0.6196320770559693,-0.23040967094035392,-0.743998965094434,-0.3005331171579302,-0.13253662995306023,0.24098850051298412,-0.14153434187663896,-0.19683298116440845,0.02805642712283379,-0.4807216933337284,0.2424940175617825,0.7169990598107093,-0.5951725227073164,0.39777353145892613,0.14244318333294187,-0.2583946646885425,0.27342176873677754,0.31786167765607615,-1.3592477610679166,-0.9045573830869686,0.13427612384036713,-1.5765289508645246,-0.46553467557987444,0.0,INT
487,1,0,-1.387545509565536,-0.28185691340275126,0,1,0,0,1,0,0,0.5415097597808052,0.675637252561027,0.4384073068476088,0.7586298618883941,0.9219738479540381,0.5925080030664469,0.849381408147587,0.27238390367646653,0.5015878570904497,0.9301223799305849,0.9201279160520714,0.7069490872987467,1.0952648560430533,1.1325929774752093,0.11735677408158998,0.8946359063497406,1.0189563969900481,0.9295966200990797,0.17723298851491837,0.0330641579699698,0.05377739456146919,0.26232637725246877,-0.16945616388318913,0.46095491289391494,0.5646243490516717,0.8635929982293374,0.5210324727741348,0.10816751208017052,0.7121681222964644,-0.15630887187149162,1.143084723800762,0.37070002649081224,0.12821081152468344,0.5565320156247907,0.5436355315145998,0.10057072706564003,0.16333260097311225,0.4639671826168318,1.0208333003646555,0.9471318050742035,0.5219685898826911,1.0560415852423226,0.5091826441745049,0.7738358954305347,1.1481707220177384,0.316513059031201,0.69821238024727,0.09845665148472917,0.4571973768111752,1.1584987137832106,1.0260098750339774,0.9544731876925706,1.0476450232785528,1.0202674517094439,0.7262853463984539,0.3020901769952235,1.0228351211754911,0.622678252864495,0.9171769957087987,0.735872983390228,0.062075083302851684,0.806029038864241,-0.2143492045532494,0.8966362005947456,0.9766438645714774,-1024.0,0.8638123165909521,1.0595091623501744,0.014361875253601553,0.5241478522626971,0.856405602970599,0.1561069313246263,0.006483623177341413,0.4668152691834349,0.8184075134742024,0.5962663514062445,0.4380806842289848,0.17002179973686588,0.10526073257464275,0.6183596016557625,0.34219889615649685,0.6966620597546633,0.023566428330506824,0.8474618643089235,0.7441696228447306,1.0137002650411944,0.24391610909966988,0.06140117101075428,0.944532891416122,-0.05916793715344684,0.23824254853930335,0.2612904749787584,0.7693287278963763,0.3093648034558666,1.0202844772099515,0.3728794955007099,0.734410057481156,0.9020658793247669,-0.2170599692961252,0.5540719879287913,0.3208302931136882,1.1041680673988115,0.35016145929591197,-0.18255396245027705,0.6402109441888316,0.7273469473544862,0.792352098608961,0.3109805781793945,-0.4156854380764455,0.37304466270823033,-0.46625338766362756,0.4841881184610629,0.9044489063036594,-0.15657706641042204,0.974230984751882,0.903129856665456,0.5877977446469962,0.18907216796784984,0.9612928916132917,0.455525175641526,0.6645426880743017,0.224898184879211,0.20680464640029764,0.19581089393547982,0.3405984348403423,0.13369096359960778,0.9929815439247,0.24914476856565934,1.0,INT
488,1,1,0.23017969760354076,-0.28023588172054287,0,1,0,1,0,1,1,0.9468451288676392,1.295885968764745,0.13634681486752542,1.4244324281920744,1.8577260085506113,0.5263464871306599,0.625252365726354,0.48445982477395755,0.3090967366413722,1.2037236130130142,0.7821021549888985,1.268867715737704,1.081025071224939,1.6407547881097422,0.27871331175874015,0.5311262742953483,1.114893594448976,0.8451532704596678,0.5609244555976637,0.3937954994216302,0.05701061716817704,-0.8518392008719673,-0.17887004088183672,-0.8635149463245093,0.3441091140967789,1.9796176732700783,-0.09084105933075898,0.33279514833029256,1.5683438843469564,1.0798209665688383,0.4119835407142223,-0.35137092112564783,-0.19836995705755495,-0.9717154535978747,0.6567674374405618,-0.00960224199638229,-0.4419931967406991,0.9378623769693578,0.2909184119329073,0.1974088206023145,1.122167576950657,0.28765174619331785,0.14274074933502628,0.2205475139568081,0.413047847924772,1.006831917009344,-1.776027938012236,-0.1652303790292499,-0.047694894298683475,0.7120557607387844,-0.4490156769139148,0.6562709193747303,1.1160796015209125,1.335372890849429,0.34516165427269047,0.36019244722655697,0.7957689907237208,-0.6663778909596518,-1.4521498019314723,-0.27551852226204376,0.610437574315153,-0.739093087122814,-0.019997790988345063,-0.3506960454030799,0.9526874478331535,-1024.0,1.6624602845737195,0.6731369116284318,-0.831793739756655,0.7558928488150767,0.32277452890911595,0.08271776540757461,0.006483623177341413,0.240473371039788,0.7608580655352739,-1.3659544598098212,0.5856930844666918,-0.30017454676793986,-0.003999385753290001,-0.8927707479284284,0.04521955361863357,-0.23135667961513914,0.012537189297873074,0.03669914411007719,0.09028927039168819,0.7478903930191374,-0.9586916764822382,0.06140117101075428,1.7295783738813937,-0.2800979898662984,0.08733142324338998,-0.6512084430941626,0.8796289338272818,0.09111593387054158,0.3204408765101217,-0.739739283274949,1.1552706488641158,1.3825579447779899,0.252843088828794,-0.5911353823010771,0.08478852345260694,0.38194526763954495,-0.022961560012990802,-0.7580758231194968,0.08888135247211694,-0.019536921339596103,0.6041175391455513,-0.3473992579430506,-0.745316659212306,-0.05250412270919367,0.3597282467945994,-0.6551853436876068,1.0047711568047435,-0.04137723268702871,-0.3070971556093252,0.4994039377361594,-0.568679966333614,-0.20516051433014207,1.23313257587218,-0.7797620663767869,-0.7909377872885183,0.3712409676343774,0.2460880839954323,-0.8136274882963659,-0.4995440664041079,0.1290926015697403,-0.0632590984447411,0.08799573847815824,0.0,INT
489,1,1,0.03952566291642585,-0.9942575338976478,0,1,0,1,0,0,0,2.6626556735853057,3.0708001178446542,5.964966507625308,0.5429168011063797,0.912943756469795,0.6272962520374779,0.22221547335569924,0.6551133895664845,0.5799987365626482,-0.21754895889950093,1.1643114499176985,-0.35805786739464734,0.5939023714187502,0.05997945537968401,0.5843846695543733,0.9779944123268298,0.4658609865494347,0.21212705711730614,1.9531535570674838,0.6043587804509963,-18.30266724567672,0.10389358544509746,1.0887423695688578,0.6999333161665108,5.094493257685445,-2.283762297166959,5.074485768904897,0.8957522582122044,-2.52913800692539,0.5593965852552651,0.5380658961337603,4.750142130109198,5.515404327270059,0.6770776189357668,4.7652469970767255,5.924203462934269,0.8524583317876245,0.5769689588523197,-1.0866031514869676,0.28097494525002975,0.40434165659290505,-0.5431678905021962,5.571593204013824,0.5991951446719707,-0.08860888033694388,0.4241079704406287,-0.25745627264874077,0.9558832390651949,4.212169928282277,0.07141874435262546,0.2087990149164574,-0.8828040751215098,-0.7152798165395896,0.09026766807464255,1.1883423964762365,-0.5893419996179173,-0.33233037710487207,0.6612272505995908,-0.49132239014446627,0.6575546370357211,0.5429712824263567,0.5105843231191656,-0.07450806723675912,-0.35542288140628364,0.7262201336799675,-2116.0,0.019322077111816646,-0.515453572860499,0.7446792893073063,-0.6307155026770497,0.024203229225352316,6.680066892134484,9.154411360111112,-0.7139992557422877,0.4843028011959191,7.433039246637204,-0.23752952854118,4.950907092059517,0.004863053572609881,-0.5017286030086483,5.034803154464104,-0.06881424131426574,-18.110097998360217,0.53242837863269,0.46891428841847327,-0.6399979396370852,8.078011672710845,-18.211975164165324,-0.4138485361819953,-0.3643141093029551,2.318118950402355,0.5993093533033421,-0.8156563866603506,8.297315204018409,-0.09595207005998195,-0.9957497608494718,0.914991493606485,-2.0071139071739488,0.6472406464788115,0.4383918131012518,-0.1362451260413793,-0.4858959461853125,0.43500354350545045,1.5892501813699669,1.2245896173774946,5.300172566570379,3.4355157566796466,-0.702527927479586,0.41654112487909384,0.24915095348293656,-0.06350035261717013,1.3997859261654324,-0.7376318796985643,0.02797022846307356,0.24014349079605038,-0.6009659084674398,0.5283378137695272,0.31912097445355,-0.12968437097351576,0.6933253927522027,0.9104286435356171,-0.34964532548245364,0.45274644691923677,-0.30154245048097034,0.7775261656530064,-0.4411721474976539,-0.0026021545142935164,1.945344302253014,0.0,INT
490,1,0,0.20261190115874528,-0.6608860498922463,0,1,0,1,1,0,1,-0.25557413625859166,0.23886991885221426,-0.2694399233402748,-0.06199951108786852,0.5735591384372568,0.23954222703438102,-0.39949907498055887,0.09270965074394093,-0.30776513976817915,0.3452342381996193,0.25238318713400865,0.28165848424574824,0.17013989004095512,0.920300159406796,-0.043431025015182353,-0.27266359545256424,0.7389922004216111,0.2755965996069696,-0.30001876196258065,-0.28570432500276244,0.0563618107566126,0.007246383247301766,-0.5298440666060993,-0.4671215907953583,0.01928698327743144,0.709351308806307,-0.4852195005894969,-0.19204268246068648,0.10506330817440232,-0.23200382448939785,-0.21467784124722938,-0.36457949195677486,-0.5538968848182083,-0.21069615949200657,0.29748079491380375,-0.38790046137400674,0.19623291782192537,-0.11594323533286854,0.9219611635612469,0.7354201902933457,-0.12141065128155326,0.8301126802512809,-0.2624392824034023,0.8546838349552541,-0.06984861092701791,-0.21271989041209477,-1.2442218222678614,0.7623752957032875,-0.3835871789635127,-0.2565274188034065,0.5510522596302982,0.7860224085991357,1.0714222040669488,0.5167546503478984,0.4002089525104808,0.6024076538931822,0.8545327076340473,-0.013171220570756542,-0.5660399425181074,1.0264452103955606,-0.376003284161341,-0.4604149026234876,0.06022931015637208,0.7225866668569016,0.0547482713209415,-1024.0,0.034146601351290294,-0.1360680226480502,-0.2869121374263924,0.541408683222009,0.611811510827027,-0.1760796230497165,-0.12313608660445088,0.49252087313248943,0.621885424391428,-1.073441142550726,0.4542231767290561,-1.0018202278786197,0.030480289112676386,-1.088505017726555,-0.7097732114557589,0.747868431783231,0.02968453957831097,0.29778328573340096,0.7398299699580365,0.7117135576966267,-0.8385207634773325,0.06975107710289033,0.2279287405645495,-0.0031306165003224876,-0.06318287917613441,-0.2559451846074749,0.7708974864223235,-0.46034601944462566,0.8358817269855652,-0.4945888527491242,-0.37988696187689847,0.18924310088202484,-0.5397616686681205,-0.0036476449080804496,0.09765825460347323,0.8437112533978286,0.030345340586049513,0.011478418493217072,0.15129343599945574,-0.9649225737422679,-0.04909052688728182,-0.7037917965217526,-0.5258579484405014,-0.15860363447035156,-0.3788953375987655,-0.5154889129618735,0.4190469758869206,0.05247735547656999,-0.14022039554557503,0.8251216918933573,0.8738590144782924,-0.2783753896753588,1.037642947828216,-0.002110896522552093,-0.4118495414114635,0.223641014377261,0.1897308416994032,-1.1548621184974317,-0.5793727624596434,0.13671713874101035,-1.131196960516684,-0.25500679542101146,0.0,INT
501,0,0,-1.0931922770488343,-0.5235254150075948,0,0,1,0,0,0,0,1.2718643017717506,0.3402206764421325,0.3260300849677104,1.3226229933181004,0.12078636507035986,0.8011789969678506,2.01549092657383,1.3342335072456428,0.9309369456904165,1.8093583115946292,-0.48692351277826074,1.6146366470862257,1.063516038053604,0.9150120655636728,1.2541261770465386,0.543090406892296,0.2572316714697445,1.183636325080177,1.0953527753742351,0.6931290667089959,0.0538826461273801,-0.12179607327187819,-0.1941347078132651,-0.2905612039727719,0.07037993464880704,0.09112083902925239,-0.14725915420656022,0.6236514108880937,1.2278434564373402,1.3713106918665572,0.1570772658582612,0.4242784191494758,0.5245156421151905,-1.241755126267045,0.2363047444595643,0.5688705480881935,0.521662886202495,1.300226499059098,1.1784285980304612,0.9160025840910633,1.448034640803383,1.8442224097669042,0.036499375166557255,1.8275051890374634,-0.6806905780539928,1.4027761064582236,2.530477559695171,0.0247925627791513,-0.3833893925426786,0.3492393791143396,0.8129111901501638,1.4685885033714325,2.4425635871605467,1.420523978689521,1.7731435759775873,0.7059766948649554,2.234485695597171,-0.8396476928177645,1.8279654596938621,1.1382595084734783,0.7236178453488574,0.15436574822446666,0.005248672012024497,-0.11151513723434316,0.9941721335930157,-1024.0,1.0695133943703452,-0.5664098653132299,0.07840862239627916,1.2919466221094906,1.1878099765683034,0.1608408857014504,0.006483623177341413,0.18674071941555143,-0.07381906073676298,0.5322815053444091,1.3235010446486912,0.7510146386475154,-0.014119679110425628,2.6174965902567324,0.6747645257797367,0.28729099222626453,0.06184618532126873,1.2147695162155527,2.236397017274421,1.5863254195873473,0.5915068782543027,0.06140117101075428,2.088951348570609,-0.25433841279914865,0.19997624126751878,-0.013067827887256089,2.081607242113271,-0.12225106912789849,2.668604144372907,-0.4754545534397859,0.4088547853740046,1.2773424829635083,0.9740287158102049,-0.6969428276441001,0.2930276002220415,1.9771614012479286,0.3443045153788109,-0.24103827860717741,1.7246150543451022,0.04484122723750894,-0.03883844946393875,0.5455692532502248,0.7172710077041285,0.20562476728231496,1.539567542689755,0.11219296615403725,-0.9560935562191989,0.0006082099509209097,-0.2638086353819194,1.4542153414151868,0.9195019941519595,0.7343138443606917,2.0275598265098145,-0.3025803904384168,0.12929013060996664,1.0847222317105798,0.6923833956543183,3.07054228220705,1.0428180040455273,0.5782285332028491,-0.1576361059687373,0.25994485223091995,1.0,INT
509,1,0,0.1964386136082285,0.20166328945574982,0,1,0,1,0,0,1,1.1545516322344438,1.1145253359655052,0.383797860009755,1.2247423710055005,1.148413968265873,0.8261178006533378,0.883337324683967,1.0970769956839395,0.9945704299244182,0.6174292235728807,0.8966287639115825,0.24335355040130413,0.882958518915405,0.572128302858378,1.0568243089811378,1.0902538928165775,0.5773877791499806,0.6730470201326273,1.058349184974421,1.2324969623577309,0.05359060020533985,1.4470127800345418,1.3751834733321475,1.8839699199005502,0.03240536150165605,1.111371655619194,-0.40919003079350813,1.268677609205541,1.1859813017412755,1.230605336456998,0.3743202913340986,0.4839622064589149,0.26550058628598094,-0.17258317886145874,0.15364852294562287,-0.14843264976602408,0.8251965071825683,1.1992624573405841,-0.8120727474035612,0.6012687353827973,1.0266714252345024,-1.0183632774422828,0.25659957272365747,0.29914872197745007,-0.5100995052146802,1.0161103652919126,-0.31564531199759616,1.0325791262835524,-0.7041038269054555,0.4800524832198687,-1.017172472988494,-0.5337794222895837,0.12135455846262323,-0.4267379321747923,0.08691423425927942,-0.601565450475649,-0.8353081245498094,0.0576970687437888,-0.7232865115527684,0.22647714248992623,1.3196528194086192,-1.033827577134059,-0.06354247691330743,-0.6054830770241411,1.1379236164822617,-1024.0,1.2112296030152196,-0.5102907751952571,0.4316471538191232,-0.431457616342687,0.4129585180149319,0.13419241645276692,0.006483623177341413,-1.035724817416793,-0.932184119690941,0.5637994454134626,-0.09365583471714166,0.038020272736692326,0.01048276253092993,-0.7745634131637111,-0.6568855893337774,-0.28903757323613744,0.05156523996680109,-0.7909382641889884,0.11774108266609251,-0.2781803137448212,0.6613496454447604,0.06140117101075428,-0.04907416131023309,-0.3772596914913722,0.15818353871572807,-0.01808313849034202,-0.008711776706048563,-0.0962420530382155,-0.5728275364377784,2.014390730760083,1.0401616369979045,1.0286419175581745,0.949009258973598,-0.35747603094351144,-0.4375347583694313,-1.1389421957987866,0.36427301153523467,1.2285825070174792,-0.082900495332516,0.1948874285376422,-0.16058132750419768,0.3221457948707859,0.4284710418548907,0.1209021294943363,1.1968451519626102,0.45645142324325433,-1.0666874486104705,-0.0493410809300458,-0.8829408144823344,-0.11071707667348092,0.0380038164224403,-0.13009447761340115,-0.555415114758681,0.2973079454160388,-0.016410603895057913,-0.21671705303277045,0.5782575952117871,-0.24057853194712797,-0.22006395390985534,-0.4438105510865847,-0.7735737590318855,0.1997938843108676,0.0,INT
511,0,1,0.5005553441610446,0.4134925155938184,0,1,0,2,1,1,1,1.3002800322000838,1.2015068244806955,0.26088779191148714,1.372882827785434,1.2191212618289444,0.8579590337657488,1.2662987187268684,1.2848707480211519,1.0608785400405152,0.8859906665540189,1.0216126644759327,0.4055320252795326,1.2361531100643426,0.7953456357583871,1.2506279334364916,1.2991218851244768,0.663702314096138,0.8214900201632328,1.1246148893349461,1.3294975443789372,0.05402476703805159,1.540278477243606,1.4224713737953154,1.4313518401735117,-0.06338576316845862,1.1889215401449997,-0.1280182416714652,1.3219475167558397,1.3365571505197664,1.2383225619984144,-0.006953235456779009,0.4671504003130676,0.26112715113393,-0.15966846352773906,-0.0339890626189448,-0.19505611615984977,1.1620468822772816,1.3595607199489408,-0.4890174126070066,1.154911685906221,1.165511620743793,-0.5703441024203398,0.26889544868629134,0.9195210230949264,-0.6845899202635041,1.090334588149988,0.2504535784626566,1.068320511198366,-0.419131090946534,0.10930320438548372,-0.6059769817202639,-0.2168554302653322,0.18080373122360469,-0.061844108187987856,0.40836440182177886,-0.5614519179496724,-0.29571044990030304,0.07977121135167975,-0.15582849719107061,0.588471281921974,1.4697166196654936,-0.026304666367486778,0.020814134001538764,-0.7061868459086819,1.3979763003611367,-1024.0,1.377025681210288,-0.6811623860799159,0.9144398077868705,-0.2480367718384025,1.06226853118848,0.1580108543737682,0.006483623177341413,-1.0663953744644474,-1.2851936514153512,0.5208540872926026,-0.060119472871374965,-0.04708266075733715,0.0197166599011513,-0.2633891004673027,-0.7897544653625351,-0.3139255766973751,0.05669415574148997,-0.17321151100357,0.8677807170042396,0.3041219142650939,0.6839448329471294,0.06140117101075428,0.21104625684688505,-0.3714737599874341,0.14335688516452558,0.3593831303720023,0.045244697162404805,-0.1853781484647928,0.19296785848097806,1.5157029632655803,1.1339251001926778,1.312796588448776,1.0953655398135884,-0.09452807203412579,-0.44129341986194615,-0.5504451732457115,0.3309249389831731,1.3262389405082116,0.2897501990046966,0.18792296690237956,-0.3255552326407256,0.4004496866827559,0.5402454472549781,0.0970861599741052,1.2406055945421088,0.40092568722756544,-1.1518862098363396,0.014603560935439082,-0.6559526870531478,-0.03288872981632205,0.424934508945973,0.3912951001206847,-0.1761373002404475,0.3805868050680337,0.224158854119131,-0.1838670134364587,0.606486250501112,0.12361038201781117,0.6078891857788491,-0.4440567851150198,-0.3339059842284599,0.2534824214128262,0.0,INT
519,1,0,-0.09211179981551647,-0.34229060021534474,1,0,0,2,0,0,0,0.9835931516967333,1.0563425756817681,0.43629828781551205,1.4415777956245868,1.5255949328509026,0.5300273668993379,1.325236184710704,0.6421799328461911,0.3177842505792437,1.262004723606083,1.363474209982039,0.8651003735882804,1.5327640195768937,1.4067694497097862,0.2989576178422187,1.4720349073931882,1.2489051613579978,1.2390752923780362,0.43199559240105534,0.39733440030135814,0.05417080912618535,0.3521346498164832,0.25497781757124577,0.5095500981378084,0.6229204702250113,1.464256221877716,0.37737926158790075,0.3697231560543173,1.3885619003579819,0.13237029102778333,1.208960480097879,0.23909829559653364,-0.040114915099512344,0.6501603721330956,0.7144452463980002,-0.0676804780949341,0.23103806733823276,0.9203912648525477,0.5928084958790494,0.47075916352612523,0.9392644932916862,0.6597006448074543,0.4386737241319822,0.9120004795776425,1.465803629518194,0.7549003531635436,0.6850223600175243,0.18644012035413116,0.39502667089561694,1.1927451604361037,0.6322885968641552,0.6461731152112142,0.7923306789269918,1.1605325798734614,0.6436869691313571,-0.03145770810652441,0.9063616480868536,0.7189666543126897,0.8223143680490856,0.9650990985021349,0.5844644996966964,0.7934895170077584,-0.2105460552128976,0.6611629718878643,1.522357830924356,-1024.0,1.7093183909876706,1.2172767434256304,0.11115797378289378,0.23228579325069004,0.27243951013905154,0.09384585170250463,0.006483623177341413,0.13314705356129186,0.8460915533923475,0.47631033287118163,0.4732185321914126,-0.17486756238842227,0.1013636852760535,0.6747123215745752,-0.011341463766332237,0.784699218470132,0.017402415638094762,0.7383364632180466,0.8625096630809126,0.38046173459829535,-0.07638714932651383,0.06140117101075428,1.3016153299706996,-0.24148766070126523,0.2059047507454144,0.32241736179266306,0.5250802904890495,0.2905231282980364,1.0150319644704722,0.43984818259023983,1.7341932697826177,1.447302642610334,-0.311100019477531,0.6180718369114114,0.07714688233596938,0.9162790747528281,0.2315512824998925,-0.13611432455956585,0.5322427149698192,0.48703919373658433,0.9161829821229449,0.1451238688480536,-0.7101658293643096,0.2673644987445296,-0.2863301571874613,0.48554466317179756,1.3307792642502847,-0.15648431823943967,0.8670714281329956,0.8232896393555633,0.8356743273393592,0.10149349124627546,1.0784042273064487,0.5102324963215011,0.5314126922698299,0.2711387311334198,0.0723898285435446,0.38207457184729055,0.3424820980409475,0.13255798216240677,0.5210000605057319,0.11168011450743093,0.0,INT
526,0,1,0.31233946807178364,-0.4153743040484753,0,1,0,2,0,0,0,-0.2602155419391662,-0.12479164814815842,0.44025085440658007,-0.2718209346426298,-0.09541455151634161,0.061177466331203974,-0.11169652943650026,-0.2988667968748964,-0.7239559252094657,0.18455830764528483,-0.08521865411976302,0.29710333048502197,0.05542268352508948,0.36043120954364,-0.13560474074831047,-0.25442596700033776,0.36025282165759054,0.22637484991954318,-0.40214449505785504,-0.570955224531252,0.05377180788192155,0.12821173352939075,-0.8587695417412438,0.5377811643778356,0.5728195744106115,-0.03905534267593391,0.35394479831842246,-0.38526577504901616,-0.20767139031743798,-0.6732686120757911,1.0129373420287746,0.3550469426521856,0.07338794841863525,0.19501232681773684,0.5771925960832972,0.04117687508498574,0.2860213340427109,-0.3872808453568375,1.0070538282205979,0.6157112864421308,-0.2111589800643445,1.473388844565293,0.48687002278516917,0.8388553562526838,1.033417340406096,-0.4589639989562266,0.33190193071479546,0.2917413214898626,0.38659203212402155,1.129317814418846,1.550393353194671,0.857195984466386,1.126150292410517,0.5899475948033602,0.4037661666144933,0.7371972266657223,1.1585875653747335,0.170850543493351,0.7639590977471996,0.6765779907421962,-1.133301013269846,0.10485346230368686,-0.20318084811644593,1.0320270903746185,-0.07295876100756069,-3024.0,-0.28070606294665595,1.0059508189135653,0.13621240858149342,0.8396023949372037,0.48911497326909836,0.01883961503475199,0.006483623177341413,1.02059420738669,0.8076729018848641,0.6090164640612222,1.2672916044351727,0.053202774733734824,0.02606965654741279,-0.2645483819220354,0.20848298083300768,0.8110821652932041,0.021522305558825578,0.9087538031184975,0.8288564304040797,0.7203969903063298,0.1763646615389636,0.06140117101075428,0.11609793074977569,0.5690456664787337,0.21019577922650323,0.3888882898329961,0.8607223459583173,0.29066084485853044,1.1729654687485356,0.4672396314838883,-0.4719318430970831,-0.09106547501590685,-0.6805166594128544,0.5326221218189225,0.9153846953830096,1.4136971199114572,0.35281887780555016,-0.059814689258672664,0.32553640994678035,0.6130164341776171,0.7557586497245342,-2.9737851553093866,-0.41509409735686825,0.27869758815738926,-0.7001544740141449,0.5479929297424448,0.8215939440502602,-0.1717946946288375,0.8599347256535312,1.1206838248713582,0.5054750711011972,-0.13210964610162246,0.5938074932471974,0.1776627467801661,0.5931179642862289,1.001331484548014,0.1544106258738905,-0.5414292455729233,-0.12487831516094411,0.9640902912992744,-0.0005218347782556036,-0.042891005832290496,0.0,INT
529,0,1,0.32466676196326094,0.7214122293582101,0,1,1,2,0,0,1,1.0274686636683557,0.9107432611733512,0.1417822013629701,0.8939515058330045,0.7167876365096536,0.6653034305850496,0.9231704494048396,1.1568219499228332,0.6236464094721716,0.9836419648650417,0.5239511485493494,0.8297072260761273,0.8414661266969604,0.8971744469241058,1.5193219687920367,0.7570652507278816,0.8751053899274122,1.0394434531710186,1.0340243593143972,0.582324837853125,0.05447365566940736,1.0410985460672613,0.14730744413354122,0.18441114817934479,-0.40909815711918157,0.6542905457604757,-0.36398243621800025,0.8833033249477698,0.8245178904511532,1.2263442203705666,-0.22544615953742736,0.5311367126441462,0.6072957258471372,-0.17998201945823428,-0.40460817557952705,0.39316417363717077,1.808300084954059,1.1024271999759527,0.10881219769187322,1.1457544354711466,1.007584963245964,0.04182803616091534,-0.19561909327471086,1.1858680832352237,-1.0762063516647362,1.2993287093315695,0.5064549623708299,0.8335394953791583,-0.8247958322169052,-0.2000217350411585,0.2547833093755425,0.6145538375757208,2.6190817319939703,1.142779417497948,1.8870953271412394,-0.03077828039643003,0.5006074169557359,0.25620930604427594,-0.2770182263530931,1.5757352020276392,0.03346489945598317,-0.14216320650745048,0.08770820432262401,0.136138667824589,0.8721377907319657,-3024.0,0.7495840546853273,-1.0610720281154304,1.970086242080792,0.8520804045979179,1.0657918638670034,0.1608408857014504,0.006483623177341413,-0.05308883618308535,-1.2953258006002748,0.5266312872007106,2.149508582592799,0.6777215821225313,0.01746483785629005,0.5667425629754075,0.05622177656717248,0.8903033872691427,0.10798012499004242,1.0272690242245102,1.1575031297484937,0.8628712832867139,0.8964784630251544,0.06140117101075428,1.0134623409534285,-0.196003594020581,0.16410920820290636,1.7201621505002,2.2637766218608073,-0.271257831262233,0.5569403314556939,0.06328653547254022,0.613989154679081,0.8159322685367851,1.1503278331532072,0.6153602403270622,1.0157291189637532,-0.05588522172190337,0.3303208399333625,0.8850674477115053,1.9038495487443914,0.06762331515678666,-0.8408761826728466,-1.3188175137873375,1.3534324980180836,0.12284021612298295,0.6916789402324953,0.5326203384090321,-1.3142823005701718,0.07795600288834599,-0.8463218410409081,0.9172869513997943,1.4648670852160717,0.700598020815385,1.1805760140496808,1.14071861037723,0.42612676250111337,1.8436586427361374,0.6897351024260753,1.4950326648084162,1.1552380815040344,1.259326841153991,-0.585894490729446,0.25994485223091995,0.0,INT
533,1,1,0.21796989358572072,0.2998284167426662,1,0,0,2,0,0,0,0.8330768600429042,0.7253691702618393,0.5663020279918545,1.0263659855926321,0.8773352460107974,0.547604845134501,0.8655570666744504,0.6743096591744796,0.3619565035926075,0.8124708625745827,0.6549600560813633,0.6956375814828768,0.7988921186982074,0.7297722707502697,0.5126815981585092,0.8810106441927463,0.8952907410671794,1.0426449065753343,0.5528457101533698,0.19977962823432324,0.05309417204830074,0.7849469884295253,0.014239237035565056,0.9699211493649293,0.5053248539073991,0.852325379596013,-0.03026817522892329,0.5318253341236491,0.994939169723964,0.5362557835456525,1.0923931123280302,0.40025492807712104,0.24111694380454513,0.05798879784618963,0.6858966160285902,0.0779258979475764,0.39905971229655696,0.7636062946222726,0.08725222564834648,0.6367489045950502,0.7331200874628592,0.11407990573721896,0.4928725085309676,0.8369566900454752,0.629990128528403,0.7562767816881287,0.19874139822692952,0.521825821920678,-0.1560868803729092,1.3052933902743389,0.5867366346576639,0.5175271985690377,1.5724730599508736,1.2783459582810563,1.026938894267232,-0.15334470798933375,0.42715667929890755,0.5185337644804666,0.180124274887668,1.090585311487358,0.14190402585251233,-0.20814191745762736,-0.28515471436553563,0.5463856204547471,1.0863457420561746,-3024.0,1.0779575896657945,0.6917598568650073,0.3380255511173524,0.4051262689621456,0.4545573668501662,0.1102774717615466,0.006483623177341413,0.3482497617975844,0.7847357685972102,0.6131297450418364,1.1274545448796913,0.2288842119150504,0.027397087539467187,0.22119058971164243,0.11920914972362065,0.7677497182425398,0.027363106502886793,0.7871514817258041,0.6849837725548055,0.42049958559157563,0.32402811145084476,0.06140117101075428,1.14248072975003,-0.12306383619774172,0.21298664324158456,0.5288708876240177,1.2696241214453219,0.26410894373494015,0.5464470190954643,0.9586185395337382,0.884776486965493,0.8154986999918533,0.3941693100140161,0.4850111507637874,0.48846864763348274,0.3494734143412677,0.40603078207188725,0.2962650698094009,0.8915021488473817,0.6729551598403959,0.7167634613650863,-1.9706846779573168,-0.2326654217325711,0.2634273436643112,-0.09147746751617676,0.6106074188020055,0.3916294095429508,-0.24279900204331903,0.2305621233107549,1.1165472079892038,0.9268691335250775,0.08218490008059655,0.43433064617546185,0.6383608617665266,0.3674061340594417,0.8943099866239231,0.396275635898996,0.27918686556362843,0.21429817858889239,0.5826647352257001,-0.015190884228758951,0.1471392036051611,0.0,INT
535,1,1,0.6248799147944617,1.1105419705541024,0,1,0,2,1,0,0,0.4070231638882701,0.4855652638852944,0.3787289221616011,0.3866272579206372,0.4746460630659044,0.5428445218942763,0.4107389365457574,0.5343783909502223,0.39008029698516644,0.4943686485522754,0.3362779528637207,0.15439245408210145,0.5377539338407546,0.6035222735875695,0.5634353490602242,0.3059929179736239,0.34582495646229505,0.29492525065354397,0.29860890728519723,0.4600583170786778,0.05368295708711687,0.8363372344955811,0.467949766431303,1.190638545152055,0.2335854872649269,0.4277857795785333,0.15285166393917737,0.4161861142208976,0.34666193404800427,0.23894454360223571,0.595354872287267,0.5182138052179193,0.18840448331241166,-0.18002238643936816,0.1602702316443659,-0.13303541557903656,0.8612668617112845,0.42014002177462434,0.4207325477185027,0.7337853158401049,0.244714824791225,-0.059433470835813844,0.4407539023585611,0.7155002063011243,0.1109062030716042,0.17028145445369156,0.4617358551983236,0.5684697097859867,-0.06505757085968812,0.6701027031310292,-0.32764893585848426,-0.007943620061763757,-0.010225207897411666,0.11169203539752506,0.52081468104804,-0.3117780677083251,0.04126577602057858,0.01978313350497494,0.3793759990741236,0.6475078951955859,0.5742905588905753,0.14169837785188283,-0.1133298875164191,-0.04339344174719845,0.40622160214363084,-1024.0,0.2600877977509838,0.06205238295946961,0.5749524419499368,-0.2131772996148849,0.47936944298681233,0.1580108543737682,0.006483623177341413,-0.351972245925623,-0.5195280740644191,0.6211639794377071,-0.11321882711010088,0.05977575102122423,0.0014253986805229308,-0.33651343986707627,-0.2918879718081218,0.0028729193570363773,0.03967157587417607,-0.21781616266181497,0.5415478931723942,0.14075411213974975,0.6630363272930947,0.06140117101075428,0.273462549277992,-0.3515750348786219,0.2087796661164778,0.3962759063323354,-0.16313613456273454,0.15371805552874787,0.17275851082712132,1.2083320693545225,-0.09490038313232857,0.3955606702765963,0.385656273678435,0.13002395050122656,-0.4401987216219709,-0.15366430620086075,0.41354009770230704,0.26889911779572345,0.3173379449093669,0.5029854619372114,0.1352821199292037,0.12636741586022793,0.10296957994820746,0.27434574141802265,0.05143076962124804,0.29930066286249474,-0.4141205608586265,-0.08020332626677243,-0.07293998777219728,0.006584395999051814,0.4223993214657442,0.17242299884318224,0.6242174336739015,0.13221665890053552,0.2417592902292848,-0.25742594120097095,0.498826266393494,-0.2625401631856077,0.12287903413939748,-0.4404914246415471,0.2830753152009491,0.2534824214128262,0.0,INT
538,1,2,0.021194862468554225,-0.11718567532319184,1,0,0,2,0,1,1,-1.3406818562219736,-1.243762903289381,-2.1170109883258816,-0.8479649491909536,-0.6748119432393233,0.22139857761647394,-0.7056934393689057,-0.013432073577309783,-0.16565271503348164,-0.6577999438110265,-0.42592296592417145,-0.6435645296610718,-0.6004931018231461,-0.545649111770301,-0.1581057824972958,-0.6443860666293924,-0.723318381423984,-0.8818449365730421,-0.7255444400847563,0.12912799135279768,0.05648695844194843,0.4666230581079054,0.028196594993801446,0.7443777847839013,-1.8094322314176214,0.44397699405139207,-1.7119311780052613,0.2194616221848512,0.2434739478088697,-0.23031913186330163,-0.703208355463339,-1.2020708174810624,-1.9087220578737343,-0.1957465935178314,-1.8437431494115304,-2.278870827693394,-0.20264161067210348,-0.3567742927123817,0.02686546353393666,0.2067967583095871,-0.6021835864634912,-0.02028976678307563,-2.0363270324270792,0.08587516056247538,-0.6731559702538036,-0.6546585302938422,-0.034803686340542206,1.040044841771228,-1.69234193553111,-0.923793829416086,-0.26346601721305457,-0.3200424998935294,0.4599625525089308,-0.9463435326655084,0.304954451194495,-0.3197767535146317,-0.3717756656035279,-0.6762377182213887,-0.020915244011982092,-0.15122888711253696,-0.1581018814793677,-0.16916579476189975,0.11073334083435782,-0.6013595894301041,-0.6411148628089185,-1024.0,-0.5548220863875394,-0.8352425356324809,-1.0627618316573217,-0.037918760747168594,-0.10909662388950772,-2.1157825610240786,-3.192254462884445,-0.39988393508526476,-0.23160985412563725,-0.0662016104072911,-0.16916124813549574,-1.9235739021009177,0.029028694532062457,-0.9499342615628275,-2.402704838351907,-0.6790982453507087,0.20416300831769624,-0.4497679641832268,-0.19020239924994922,-0.48533665385355523,-0.05979728091169928,0.20697228467974196,-0.8970679896474286,-0.3409940297606086,-0.3251704024148409,-1.5663395735505927,0.26929403186151263,-3.48262078338108,-0.6021194377712243,1.338355445898819,-1.203953419266005,-0.17569014791845444,-0.026042125020636842,-1.197405046617934,-0.44067572642804154,-0.6516225334992164,0.24181452775222528,0.8421750672017934,0.0591018935234992,-2.4404528205911546,-1.8974570419326215,0.05696504396215847,0.11219904203533908,-0.07537375999586039,0.23676289063989608,-0.36212212267564636,-0.8525962988100629,0.1225814144576804,-0.7316247361656816,0.20250438056832112,-0.468316601969266,0.022169851731359155,0.027978915216108263,-0.9451658117867606,-0.3509167922083125,-0.3150344540063539,0.3594007227927605,-0.8025172167690475,-0.2256056670177301,-0.444396483574066,-0.23158351518103928,-0.29428810164100366,0.0,INT
540,0,1,-0.1048951528392105,-0.6826382723247537,1,0,0,2,0,0,0,-0.6405763046132671,-0.7366416750066241,0.1252242517883601,-0.6031826219905522,-0.7068543766507902,0.0804411209706861,-0.51413066278742,-0.4661145716371002,-0.5723749344215926,-0.8877681195316655,-0.23384782563337353,-0.9992314131820625,-0.6624958886256984,-1.0403454458909809,-1.2213426615420118,-0.18673517808194337,-0.8506937951970123,-0.7994301238092578,-0.6125537408634696,0.04626753743888449,0.05542872513746451,-0.14151182779668353,0.30580875291875215,0.10180400090053168,0.5629104847959655,-0.618438712605397,0.6784836380572006,-0.17253800591113302,-0.5241278654018614,-0.9153691404788441,0.5564293902126207,0.08386169519530609,-0.22407314369846532,0.6417164186850415,0.4319895148442433,-0.17279756812992222,-1.0020167601048,-0.5823497682446102,-0.4714829161673571,-0.4804421140700048,-0.832058730940323,-0.570241513768855,0.2608269522294012,-0.6190532437068169,1.071500054457903,-0.715981659273281,0.18617797785893891,-0.4383427203585021,0.9554820057661442,0.5007643727666143,-0.631612851927242,-1.0588817985945356,-0.8505634695466834,-1.38297955788413,-0.29099378128026565,-0.5275925477647432,-1.0236093912190158,0.4182811107275974,0.42646356947792247,-0.1552068673526314,-0.09873118372119723,0.8152679167596547,0.04680328116573854,-0.324349447307728,-0.5065787515619824,-1024.0,-0.5915188838909604,0.8501039983804489,-0.5134530300652759,-0.9301713587422251,-0.8453351386913264,-0.08519653805023078,0.006483623177341413,-0.6197995474988861,0.8199363777882256,0.2910762350599419,-0.3421533620082028,-0.3558251642233072,0.20357475201474826,0.3543428233918524,-0.043532137159061506,-0.5737475624118583,0.01594645162184119,-0.6708219425997133,-0.9951772135036818,-0.9037340347069324,-0.2822681926484984,0.06140117101075428,-1.4162143475225732,-0.36239753186537427,0.17348345121927924,-0.19055453744230047,-0.9505000841987575,0.1760647619046114,-1.0373237868110925,-0.012703955357410939,-0.4425352430909529,-0.65554633845241,-0.410745410503285,0.3685763935220078,-0.728946163332116,-0.842040820611828,-0.07255266319676382,-0.7411161269549122,-0.4876596365686265,0.06520468457280755,0.7757427200781263,0.4223832102633882,-0.6975332578343749,0.2451729749304147,-0.8538761457795168,-0.42340368116997223,1.2416325636653827,-0.019906733567861747,0.5136497528353854,-1.3336279298940614,-0.33378104555272353,-0.28598320524084664,-1.092941080986122,-0.11235181034169037,-0.2067316265341428,-0.4464506238272962,-0.1409923232953054,-0.03506231056202947,-0.6650115565651841,-0.4487014831400595,0.3516659710275624,-0.23823059107910108,0.0,INT
544,1,0,0.07573613726807386,-0.15843220521223378,0,1,0,2,1,0,1,0.5869645631762014,0.6112935437540564,0.4647022729399104,0.7934791971050632,0.8171545559317107,0.4875547574413802,0.8139569349490573,0.6503011171700144,0.23348493124091727,0.8489357283224772,0.6985249474422013,0.46017102818651934,0.917432984971953,0.9238709534639287,0.6308152440159404,0.7725834465120225,0.6371243485806015,0.6478556655262869,0.30343863225966533,0.3017258391526355,0.05357295773208621,0.44108565825608076,0.1297492292314763,0.7775915793578548,0.5057220395076876,0.7342245577322026,0.24678983339292898,0.3596152804182358,0.7154492125485056,0.20258537134269117,1.2219271553890552,0.4420918023211187,0.1456790021594879,0.42925432489658694,0.5286214593665284,0.002874750553083035,1.1859848314315855,0.5457728693858954,0.9162072211035932,1.493749242961936,0.4639741330153609,0.645528344956795,0.4610680837062888,1.2710728957510131,1.0770025546205864,0.4454185993541363,1.1617729298535568,0.1934395113260788,0.14669653523410206,1.2851255957724654,0.30969315964434013,0.6768105115585841,0.8897265630877648,0.551526223512513,0.8365642267337673,-0.04270453944480898,0.7005028101601872,0.7695410929362321,0.9037861879065111,1.3208934333166957,0.22792176940763376,0.9239007820185844,-0.2447658479251407,0.4240205113124487,0.7878861598539468,-1024.0,0.840033136256252,0.9434681995732476,1.3591714762538134,0.23175515615785042,1.3908389046004928,0.15990095693039114,0.006483623177341413,-0.04044706887596847,0.7720983652901906,0.6211639794377071,0.5600341404246679,0.23876227597181301,0.020030107085580843,0.69457828357962,0.18163613640516024,0.5021659120714586,0.028099777534622422,0.48345241431413233,1.2026977153304201,1.1960116093900535,0.3655707544709069,0.06140117101075428,0.5773895589263981,-0.2556561550555288,0.2504204324537383,1.522814762348852,0.6352006870662995,0.2894450714159062,1.0232941121923458,0.7192174418099291,0.8225986426513412,0.7357927523709661,0.15564238012476897,1.1155758156454927,0.07638657688446121,0.6864954658161166,0.38551866572552446,0.07228084831512643,0.6785276360583211,0.7194279273578568,0.6789078835920775,0.03810885191301424,-0.2694447901596195,0.4275571018855637,-0.4922734171639965,0.7958515780514168,0.561722738493989,-0.17349533341224235,0.7784176427413755,0.5087627133611228,1.1578228418634435,0.4719965256481665,0.8505631645355466,1.0275076373905692,0.7450800735711836,0.3599747883889065,0.3173498328165002,0.594905906021549,0.815622873521523,0.13133463250399527,0.5126383257924254,0.2577965362311406,0.0,INT
546,1,1,0.615487827076183,-5.1242785296618125,0,1,0,2,1,0,1,0.5990154160188738,0.4613895228018902,0.4435174506234952,0.9395144745760338,0.76402105127147,0.48312318991912606,0.5804823649423204,0.5447819191613023,0.21975932103084342,0.4182171468141936,0.37860354658284306,0.32811520977878517,0.4529860218799894,0.2787707883302423,0.4561958949519979,0.5972795862080007,0.41983110292317855,0.579359361518674,0.29557354675416464,0.2947707610973322,0.054007659713980985,0.5763053895825007,0.31253701611174534,0.31385484478462206,0.5177371879988503,0.855994559495017,-0.32389355803339454,0.5361517882252085,1.0197080743807372,0.3281383123226194,1.1397065092382301,0.196702977544275,0.0184629662564978,-0.0632677347943343,0.7666306186240512,-0.1238313932966864,0.568557551453789,0.6041693070464337,-0.3127903716056651,0.47416185565501656,0.5008709295420525,-0.1185810059979104,0.33389179183454737,0.6302774136736116,0.9419846739732601,0.4732905087241559,-0.1495991735928309,0.5264286181937526,-0.36964218138915617,1.2916318392147068,0.17595652967570152,-0.04932470759868752,0.4916140203702979,0.7310697162935026,0.8019591841404539,-0.35477239015875944,0.035310053046673444,0.19199939258764867,-0.011319961675238919,0.7272751893051331,0.2899819304270766,-0.627446850496766,-0.30371890060440254,0.010935123969570238,0.7906188349041882,-3024.0,1.047826158703009,0.8550232182029497,0.21454903126484776,-0.05294794125145021,0.21750845383613315,-0.07373459650776873,0.006483623177341413,-0.043672556404429935,0.8146371906065077,0.37552627906047453,0.5593067056185586,-0.4251164195616565,0.007015938742479238,-0.0638358361575263,-0.5008047720989818,0.3418768179234267,0.015536223228165676,0.3549307677425725,0.4287113028788771,0.013868001217014578,-0.17017491580422792,0.06140117101075428,0.7218112726576804,-0.29419323560176414,0.14989352765808484,0.15377406063803808,0.2763340613674408,0.1091378796928694,0.18307879853041764,0.2557732246233696,0.7894493295757319,0.8116876635805331,0.13262901798887325,0.14782213670380456,0.08072204742151627,-0.00930107173546385,0.2416960764467198,0.03628768254246614,0.6265985922142836,0.14050942408564493,0.7268487679670068,-1.2582818346513445,-0.722659726390887,0.10919161773833753,0.051304380504925085,0.0738170261925233,0.9835381473756442,-0.24717482812365066,-0.251158864618556,0.18920339946656997,0.511739601648236,-0.3391181114227934,0.3572504688526959,0.23055281401653788,-0.279345344972639,0.35542961256277994,0.25530567123152276,0.05877267522057271,-0.49575734892563905,0.12578657047951639,-1.2267351689653136,-0.21775650707670643,0.0,INT
548,0,0,0.8420967950091206,0.8142259602020451,1,0,0,2,0,1,1,1.3445291351043507,1.2479144545282843,0.49129537224170705,1.6411733907095245,1.497247990283321,0.7238208421528132,1.4308682060407738,1.1853257883186832,0.7531302833797394,1.1444415066266045,1.0258638898240104,0.5019957994658177,1.4227133512078596,1.078012649771963,1.154984398263963,1.303795404729329,0.8524675076842043,1.0122494483940585,0.9810087876888267,1.1396202262591772,0.0532664618227315,1.2176787730265113,1.241733052147226,1.5065100827000435,0.33597706832546953,1.489690472935882,-0.16426444078466448,1.118027422039098,1.627613053493104,0.989574619616234,0.8771790913738465,0.4092926983431254,0.1287383249176991,-0.09076158851967295,0.5009374510000035,-0.21090624575047787,1.1348841931206926,1.3386856644888443,-0.10215344827372527,0.9952532942054122,1.1897163531973087,-0.14358905950267878,0.36920984595546413,0.9663028238244732,0.2151249588677798,1.1484010151934798,0.5107413635703465,0.8272811226632184,-0.3694471230175337,1.095835520989389,-0.5607358663409295,-0.05817042033466748,0.11952098394385031,0.24050705172210543,0.35830855182908555,-0.5608983342086038,-0.08902074706056229,0.18771052737655564,0.22924706168595144,0.47622752218046677,1.4474116177486298,0.3270014173566885,-0.19903314635246278,-0.3665112505992548,1.4548610958302113,-1024.0,1.8299155815742993,0.26326928242480885,0.9406790984224379,-0.4481331046098465,0.8558111894016505,0.1608408857014504,0.006483623177341413,-0.984953588746752,0.6626830278305479,0.5432225002107497,-0.12084270520268181,-0.10523219794388546,0.01408649969056983,0.10244759340982801,-0.5375158218949836,-0.27279114050524533,0.029346023061729495,-0.2774972969122006,0.8761024236069965,0.29643241209682314,0.4064282483679054,0.06140117101075428,0.6147773027238318,-0.3751181255958219,0.18567277390158188,0.6000506714488479,-0.03815548439331745,0.07369034822576909,0.3070999500011194,1.5730368100797616,1.8093625313002348,1.5138102729492333,0.6272839346121113,0.1554590400356616,-0.4427843006005979,-0.2915413716727886,0.3431512570226496,0.7249643266718586,0.1964727505970983,0.34792028572890565,0.40955494795386843,0.23746407134962583,-0.15074439236940307,0.1925345907381488,0.9101466772837126,0.4463448439978315,-0.22706111447749489,-0.17987488469974722,-0.2521434752451663,0.10368461139542444,0.32960634167385144,0.5153907115403735,0.1340262922171783,0.5868213106185128,0.16542979775090094,-0.2547282106311877,0.42742957576290147,0.38417835801053996,0.8680937980365091,-0.4443438765907235,0.07416877091831198,0.25994485223091995,0.0,INT
549,1,1,0.9463591489930063,-0.006700629986913666,0,1,0,0,0,0,0,1.4351957716345736,0.9900983751610662,-0.26177435585229913,1.0722697218293373,0.46343620090505333,0.9948725842571405,1.1128528576351355,1.5471934967589984,1.3750424072192997,1.2289900106586042,-0.7962090417998234,1.0012497039381443,0.6284621850614134,0.7926491565731979,1.7586415204659844,-0.31628764133016063,-0.15387210025592868,0.32332368453181276,1.651614593519616,1.6816522280105686,0.0554089270657335,1.8751928583346862,1.02753087876133,2.1981177491948105,-1.2360446967101424,0.12150690593352875,-0.9420557306906175,1.315886591879794,0.7083632275427124,1.8568460115193806,-1.7428303100166318,0.6510307658429572,0.6858237252153063,-2.619254561956129,-1.1809040414840102,0.03635543256108358,0.603752048322725,1.4977669140207144,0.010065308872964505,1.3779687799806153,1.36215435422463,-0.7229222787872828,-0.47236100925183266,1.0502619435396428,-1.815501232158308,1.594790321189694,0.22564687255732763,0.9748320063512256,-1.7028175674951005,-1.714069269450874,-1.799053394686023,0.6037767834230084,1.0948986493863517,-0.394392116304895,-0.0002916589463096012,-0.46288773825604757,0.08126925342711955,-2.297781723025233,-0.8581574907264856,0.488358512933007,1.604084587545927,-1.7873484655008967,0.24443143180751212,-1.517854722900835,-0.08316833575999538,-1024.0,0.24205068957173936,-1.7526081911879239,0.11185400936258579,0.23288569936041414,1.3467538671218293,0.1608408857014504,0.006483623177341413,-1.2194755068820504,-1.7813786369061004,0.5962663514062445,0.02664728641637038,0.8149261048244626,-0.0082087499993203,-1.0386261843928168,-0.6111784338549837,-0.5252495633215863,0.4900861659432537,-1.1999107116014411,1.0981044729111094,0.9597545727539311,1.2633010153307758,0.06140117101075428,1.1198055550177126,-0.37630244869465374,0.17165595005700646,-1.3294308964471955,1.02026149838341,-0.2215411058635448,0.32819656395136554,2.360508485152904,-0.35804759577122,0.6262282828532134,1.7939780137849106,-2.9967496394253543,-0.4382117279435692,-0.714614862329025,0.39260349634315667,0.9840594208527386,-0.23108464639163448,-0.23122071071325637,-1.9946520638585576,0.02305460469073794,2.3404992675318517,0.14777171029049527,3.454435103776238,-0.10353985272338594,-1.3552741343679473,0.20926338842664813,-2.433439867847931,0.9777814366728114,0.36004846600817586,0.4059993038884652,0.7887675598598418,-1.550412874253124,-0.2027010531581275,-0.08552546544720697,0.8504387201287962,-0.2688714934278284,0.24773438111844912,-0.4439242954075892,-1.5794872830567919,0.25994485223091995,0.0,INT
551,1,1,-0.027875538134834083,0.2289745515931399,1,0,0,2,1,0,0,-0.6207658242625921,-0.7473943489779857,0.0797978672130894,-0.45313625062166063,-0.5909796455717238,0.1042589526457398,-0.20417413707242632,-0.6311518147175743,-0.4295059984400363,-0.3455155143242933,-0.19951198427473396,-0.7727782384306605,-0.3498726940265467,-0.48104186755550504,-1.4348560889297963,-0.11477168354145609,-0.49439212940722244,-0.41005582879531827,-0.6886446972214273,0.1927045069795969,0.05719541928198248,-0.9810303350704901,0.15058396104031951,-0.7875407805510944,0.382102948843432,-0.49441852560489336,0.5880801447242152,-0.5306580833203681,-0.3679514075022916,-1.249721308032084,0.24678322492565152,-0.4546513840654011,-0.49041480066956444,0.762592913196541,0.49657846910734066,-0.19847694430928584,-1.2147630336100947,-0.5670498742808585,0.3983372872115374,-0.3916779584612115,-0.8223266244460801,0.07995621914433637,0.06859343253478475,-0.8464088209798303,0.7341826277753734,-0.7724874364141227,0.4314780743457629,-1.073018071869829,0.8291672471927994,0.12252776167648097,0.08487363151105554,-0.16954813980896377,-0.7891020337768886,-1.4717597273043646,-0.4181400413009459,-0.45221144042671835,-0.5421489450474669,0.5930035048031836,0.8763760338009805,-0.34243805569544156,-0.37745068657450714,0.9168819732507527,0.1776600613332425,0.2711835781880629,-0.2569014567299929,-1024.0,-0.3742914392483911,0.6899083441024308,-0.5074644071051218,-0.9542804149011462,-0.4439381843818085,-0.028277318650178095,0.006483623177341413,-0.3877153962683785,0.7844146690850172,-1.462737272117312,-0.35569442005913743,-0.6039520504723914,0.15788026051551637,0.6221773985234061,0.06219650589504519,-0.13592917964864945,0.01312633855933335,-0.005582248096776649,-1.0275099250424362,-0.06839782746296746,-1.0311304745742567,0.06140117101075428,-0.7712407893088808,-0.3728448359942456,0.1139125962152066,-0.050829395053562515,-0.9233488998275842,0.19795625702247538,-0.6617970946469638,-0.8561143124549813,-0.5956385292707577,-0.45914896670769684,-0.8228943400257341,0.6010253478743708,-0.4507290895756329,-0.3117361813659394,-0.35733827429448267,-0.8574431188206425,-0.5528705927712867,-0.21011547379074638,0.7593657844223984,0.27967298409420405,-0.8516705068264732,0.06763758284844065,-0.863387015659278,-0.24716599526394603,1.2125681068890273,0.11183041377546771,1.276547463944691,-0.5094870107217213,-0.442071231001516,-0.17496855409610862,-0.8150151069826229,0.04448035770639409,0.41351749046797615,-0.4562538247491869,-0.33115408167357335,-0.0270266189314159,-0.08789641863224515,-0.4408417001724738,0.6395698626706947,-0.13403190491966194,0.0,INT
552,0,1,-0.1492184682083908,-0.22980086794578006,0,1,0,2,0,0,1,0.9580953462123949,0.4500921859359746,-0.1721043678064974,1.019310351933821,0.3586671701958472,0.5135428188464786,1.7938605492554538,0.40234290302977316,0.27873090153450936,2.1310627608810933,0.48012659493926685,2.558351494790625,1.3517599754945584,1.736812055692879,0.8175398137794412,1.1298426324516075,1.6403842552458068,2.1733760625755023,0.648606107749247,-0.5871712738878339,0.05576006599174325,-1.235166330865108,-1.7619647588965086,-0.9169205953968098,0.2748120227004419,0.2449197495376218,0.726780748683428,-0.5198382675373315,0.8732450126901035,1.0177162529355421,-0.16452233837467503,0.04044579925817068,0.33929902135046613,0.08355841159661946,0.07312433692643291,0.8183010812977428,0.36136870067648114,0.39719685245490527,1.9690804508071391,0.4260512811280635,1.6360845474721166,1.9728607322719107,0.15990948559262588,0.679402644823528,-0.5392774422303853,1.0523736075535801,2.255807779034322,0.21427512421521333,0.8868198322671672,-0.9279551428754598,2.3980946398986456,2.697081176108466,1.5222895980129931,2.5681097783803493,1.2889578294812525,2.8461391919973815,2.792060318503965,0.5136836953157363,1.8144304824207518,1.5445087249926355,-1.2221927720251486,0.6915151847150782,0.07978553910868563,2.2785351289772833,1.3816862049695564,-3024.0,1.001139876369856,-0.5849520236885187,0.34999118675491425,3.032528010482006,1.6047022514366338,0.1608408857014504,0.006483623177341413,2.5725825490788914,0.6739016242209359,0.3181617450362299,2.519522931771678,0.7325558383750506,0.010205651888999247,2.4599720356794377,1.4825669581333427,2.6021466076885145,0.06654787175315384,2.6632403108263727,1.7531762097315586,2.376962636910264,0.03370869371921978,0.06140117101075428,2.006538723219724,2.9761125156022734,0.2059047507454144,0.6233150818647332,2.353263980538798,-0.22679650973215196,2.6324892056613876,-1.0564180925336735,1.024955842330088,1.5852756679583093,0.4025865332804474,0.4687056674701383,3.173044986528287,2.6777002276536495,0.2550219015951534,0.7449720533660814,2.022893908102419,-0.09748534292700839,0.1144647921050781,-1.2113418701848961,0.5832550693681681,0.07503784207517317,0.30298302269511695,2.223405396219147,-0.9136544864698344,0.16775891138491744,1.3096239209189926,2.064658479355301,2.35750988085752,0.04649021322151283,2.2559226299120283,0.7586654986363344,1.7993575979060685,2.9292171812496623,0.5749609915329087,2.576286953020525,0.8231498680580709,3.2750565741472366,1.0972109995860668,0.25994485223091995,0.0,INT
554,0,1,-0.16191026761308464,0.8554819397401697,0,1,0,2,0,0,1,1.167060186970745,1.219686964962164,-0.13065454975857915,0.9964355905490533,1.0275518099898047,0.8969527381700698,0.6087172013984067,1.4661476484333353,1.1683767674865884,0.324846028741136,0.47639772015329584,0.4172944011382747,0.684767897289083,0.35067540559200716,1.4394089512825392,0.528391274532662,0.22295656777651626,0.22931235935806937,1.2114426021036915,1.128262892028361,0.05511990490464693,1.5416376661136726,0.9558843056350441,2.254919108404417,-0.7952810793721667,0.569870050521444,-0.6441156066099171,1.3809437876428474,0.5564023758583515,1.5135960764442875,-1.1509977227965715,0.6822311604161773,0.6689150942530211,-0.7665741283638103,-0.8429528425761647,-0.006203455212346543,1.2898043485000623,1.1744284992213638,-0.8920070643985083,1.333403339969284,1.010908501205763,-0.044290206732897165,-0.1405471529502612,1.55975953241317,-1.4336184755001848,1.197430893359507,-0.10916044270561369,0.9724109719247812,-1.069461132948139,-1.4054228838938942,-0.5028459523857076,-0.228434224924808,1.086473357367571,0.04723119856352452,1.1700459405540746,-0.44222669536877013,0.15193024104661457,-0.27921132260000436,-1.2468132816299455,0.678413916800321,0.6042039449264354,-0.274012733673088,0.2146229844199045,-1.2350512794588393,0.52399014145142,-1024.0,0.1040072850592605,-1.4399263301650178,1.1498978368709547,0.46188731110736786,1.329931079373849,0.1608408857014504,0.006483623177341413,-0.8937223436656713,-1.6591086396148575,0.6745427812692777,1.322797993826182,1.0119305103175844,-0.025758527559084966,-0.5780193450733326,-0.24755470724785608,-0.38424715279297406,0.317830701213123,0.030313804338118755,1.6733321884534087,0.4389739047917373,1.2802265511810624,0.06140117101075428,0.24946153365829468,-0.36315479561212066,0.21973408810845618,0.593127470266845,0.8987270677003447,0.046554376487891444,0.955488877298896,2.406624319699114,0.1826518942452937,0.7727425841582958,1.3621757109326236,-0.5989740611496038,0.29055223300166727,-0.15869048226989238,0.46923680544558266,1.3959360708337987,1.1713890979041968,0.06414623050925897,-1.3678520238343725,0.3366525477741599,2.1309460622749135,0.3029981932579686,1.3992328503212494,0.8631383747054329,-1.1657116745087595,0.20155232723506256,-0.7208279116986862,0.15345725549773775,0.5651422433249805,0.6160256668822413,0.6132203012314724,0.39273976082978174,0.9051532937072804,1.1046722473030561,0.7455520715611119,0.1011335644955906,0.9674998242009129,0.5762383464472149,-0.9313327488968618,0.25994485223091995,0.0,INT
559,1,0,-0.7477104243137478,-0.3150890467367452,1,0,0,2,1,0,0,1.4147566737937165,1.5368751091025241,-0.5232405984545725,1.2691124947429073,1.3824613999566635,0.9213829016161424,0.9143068481989403,1.634319515571852,1.2027357793333011,0.8130718935615346,0.9101613788522739,0.7416860417045836,1.1017507751040159,0.9461106972157378,1.7833143751804976,0.9429408581312,0.8852222396682762,0.8452100092369558,1.3395313202978154,1.275155177768546,0.0557777876590822,1.766630431130865,1.2644400768799031,1.9339173482521181,-1.3438053035864757,1.031542932865682,-0.8627986229914996,1.4759573642063424,0.9373235620148378,1.761104916404406,-1.2819156081619896,0.5817859329474929,0.6253276503252003,-0.6226886614567291,-1.5310117518709456,-0.025539043434801303,1.7778048498928725,1.4958567036093282,-0.7070670911336752,1.650193145004978,1.3616366702191884,-0.7663605606570791,-0.5364285342282159,1.523936992908964,-1.574695381112463,1.5038581112650666,-0.4571947671831018,1.0215144506871625,-1.480732794636095,-1.5559650945952879,-0.40108845110130664,-0.05052798002360045,0.6445548017902418,0.5678257490677295,1.3523586112907562,-0.5427296592103976,0.1256176107165109,-0.054391818678977105,-1.4432048689731447,0.93490353318649,0.825426749302915,-0.3988032973732249,0.2268466196205971,-0.55999016750878,1.0901003859299487,-1024.0,0.6584322788292045,-1.6085192461942173,1.817620942205806,0.12928725849766623,1.6771770691769985,0.01998308718651674,-0.19443838231990726,-0.6682943584226494,-1.6942615727024901,0.5686824931207856,1.3362395353818883,0.8551981655291656,-0.012393115449824495,-0.528911102202106,-0.49994290851035145,0.11013385929966622,0.5004195716502323,0.27636285396094956,1.6319643238375436,0.8652320657223806,1.2455746622302524,0.07423033801107119,0.6839677692723667,-0.3440833509868183,0.15963786293245227,1.2442640076790106,0.48746379627936287,-0.3065416404204562,0.9567387066946362,2.089654429868366,0.540509026924179,1.3341299095964074,1.6783350060706992,-0.07470343881213125,0.4551611274444729,-0.14227098979027789,0.40303209834420917,1.441807060619433,1.3762940503992485,0.01943560062778295,-2.032439400407665,0.32004091776490295,2.3637977848512084,0.20458078174656166,1.5059434866124646,0.7155356886105769,-1.2656903332657203,0.21066947396303234,-1.1190733860296016,0.27168336237451846,0.8144673599142739,0.7415202950944476,0.576166077291053,0.7558499507316141,0.8143842948961437,1.1067517617654778,0.77367031496663,0.2033777035677746,1.179225061318663,0.575732960160269,-1.1467752783052396,0.2287410470070086,0.0,INT
561,0,1,0.07083323697120356,0.12431792874951714,0,1,0,0,0,0,0,0.7629325910202791,0.8880138151048267,-0.014426739498794281,0.5410145625745675,0.6714066588881606,0.6874239644182587,0.45635840025007046,1.1524150778754416,0.6861475401682408,0.8294420906049005,0.5036718338299392,0.8109579306652919,0.6253300183830373,1.0012296667205756,1.1130858052079262,0.4583505120002515,0.7263030790233834,0.652300941915924,0.8640283198476547,0.6450077437832241,0.054850161001290185,0.6051145893701254,0.25336632560068867,-0.16926437965131227,-0.4506821851752259,0.5854381662090364,-0.27265754097639705,0.6900566963796092,0.4657593240602607,1.1039002143778083,-0.567907877683844,0.5035653252375147,0.6056751997610039,-0.4025124654551047,-0.5043100385220907,0.5621738505341178,0.9894119332637421,0.8854562313122498,0.2525316748132099,1.1532261472611314,0.8011508715254476,0.15266316715237005,-0.29545273414351836,1.6126269754785254,-1.17470517962112,1.0581177378459872,-0.4128027020881882,0.6772451627169254,-0.6457663939624788,-0.6519264653031607,-0.4180533482065204,0.7051489097232129,0.9063850337767031,0.6191647309975155,0.6589557394719886,-0.22524911866480987,0.5877675827722548,-0.1878891404640801,-0.9127978973737529,1.089981139633404,0.5555012520701181,-0.18676579086501702,0.14733461808174575,-0.26599702858498003,0.642091161345674,-1024.0,0.2526253944986482,-1.1757960473174278,0.6752974765404613,0.40380559805199895,1.1193501520289038,0.1608408857014504,0.006483623177341413,-0.05151681862218614,-1.1140458347365398,0.5027001060850075,0.7084382907684267,0.7865083430338361,-0.01664369018489136,-0.43667637063605846,0.41596726568422543,0.3196866061605252,0.13363974163899375,-0.28708299054432596,1.6640984641827044,1.1382881447435949,0.8569425930516653,0.06140117101075428,1.4175655394742521,-0.3374465627444008,0.16410920820290636,0.38605236505337,0.6906933871784388,-0.3690560070524183,1.4393466100986407,-0.35875946196140457,-0.06514387275176012,0.5838491941612779,0.9855556815967453,-0.34113074060517207,0.08020571568764544,0.6394474815054209,0.3145252767199839,0.5926652547614277,0.4691811694175229,-0.14030343395062495,-0.9701326204738607,-0.11678910228332312,1.596562270019956,0.12668197532514663,1.0029039166455995,0.5293713378968783,-1.3015619307319395,0.13500691387564492,-0.45915573334959187,0.49106474261837785,0.8710319399830613,0.557460013063571,0.6221399682759452,0.3180035881133323,0.7881143676475624,0.5106380277598488,0.6972296258893591,0.007747689615988982,0.914419175277642,0.12685683927679015,-0.5075403956474944,0.25994485223091995,0.0,INT
562,1,1,-0.31659465453199714,1.0736301839412932,0,1,0,0,0,0,1,0.4291824671546496,0.35841567209167835,-0.8149347431245273,0.8249846833322249,0.7398435359742475,0.7069648585927375,0.8637215219983607,0.9071743816185472,0.72805924174941,1.1075419412836514,0.4677770312654554,0.8690361832491138,0.8664291809186017,1.113135274067982,1.2341354599696661,0.6137625514537607,0.9126770827691089,1.0075617422627627,0.5762263208574502,0.42810474918832747,0.05581459173337823,1.1408886527980577,0.24886478480753,0.7074619805573747,-0.9494573940180104,1.2854850364233827,-1.1461821079379602,0.6991730753828903,1.3491457167495424,0.8763163633545186,-0.005458473922022072,-0.37955562003594423,-0.552833349007089,-0.35732771809271635,-0.7899279567412646,-0.7817334403295507,1.5053437537640089,0.9240493109779979,0.738478579533309,1.4960550259828722,0.8811499382128873,-0.1009225514395698,-0.9814161382797266,0.8652754338570153,-0.7463538774871346,0.8583501378673098,0.5151960247464328,1.0588657833668917,-1.4546086507855498,-0.028332723367354467,0.25172751787949377,1.0823975125832794,1.2683950390733227,1.0703397936456165,1.5282582391048907,0.08282604725548803,0.21525284731902636,-0.006209366393922154,0.08199252473284292,1.4412308809134007,0.1206443514596753,0.1393438989878991,0.023126808868459706,0.5675474128690509,0.843415117013263,-1100.0,1.1567740364202062,-0.8165618933335499,1.427790187813465,0.5118527034435473,1.4411536479111962,-0.9481504375162836,-1.5788914517992367,0.17575025215487305,-0.3923457854489953,0.14698455658644094,1.6979661435021929,-0.6325861139368937,-0.007787196869211235,-0.027934807748154714,-1.1351530953519062,0.8515888509734527,0.14393206048660057,0.5576870948853055,0.7502017780288041,1.2145701586986903,0.19161905071594543,0.14732097127667146,1.065276443954711,-0.11852767284106155,-0.12198569176489246,1.0800768976460673,1.0181674849694866,-1.921146783395619,0.314160037755648,0.998333595914164,0.5059732181814791,1.1137306179021922,0.7961642916978444,0.31215703859773986,0.6482901926835813,-0.09531455307029231,0.2684581692754272,1.1542773619346929,1.4712387622041474,-1.0264876764635906,-1.0985634097839978,-0.05985944394887071,0.41994737071805727,-0.04266324417704835,0.6849344043028436,0.3009350359446444,-1.1933675829849903,0.029098781479358272,-0.7109375546182444,1.5116399205022146,1.2755655594883295,0.6826005636588671,0.669693189443251,0.5153514593500423,0.24915997194499723,1.4278240647693872,0.5533133814239422,0.2177719208279457,1.1398598005832186,0.949583908698965,-0.41990360114329983,0.01979705990195144,0.0,INT
563,1,1,0.261912283339557,0.23672281773734985,1,0,0,0,0,0,1,-0.8361113800844948,-0.9455823405941273,0.3751122006840685,-0.7191996640345056,-0.8319907896352815,-0.11168720659962912,-0.3955948805718315,-1.0256311574989785,-1.0612490238011218,-0.37318685177448446,-0.567019951023757,-0.6717603439282923,-0.5328735843341483,-0.48168953967745515,-1.4438088444846475,-0.5488061083727795,-0.46083360513149263,-0.4018565109573172,-1.0152208621074819,-0.49610266929462005,0.05663344044335122,-1.0759645643218079,-0.5925785514153041,-0.7484511226298103,0.6901717198620995,-0.7041912112188589,0.8034042126467028,-1.2259474397509644,-0.6026758042304016,-1.4069264643402597,1.3155606760690592,-0.15093719842334724,-0.21215907928122027,0.6225416390109082,0.8090145892233757,0.09022853587938211,-1.200882174484997,-0.8617606175384805,0.9403821171315218,-0.9246339114416516,-0.9607150771627666,0.6494806712364135,0.4519988428949863,-0.4961136105137903,2.0130557143265073,-1.0923640002796868,0.5533874249256491,-1.321661780329282,0.9396606507283981,1.4027363541302524,0.5082785354613917,0.3391918615947312,-0.3791314425362004,-0.7581078080527518,-0.8648663041276324,-0.1196240526405232,0.3673910572845976,0.44816649977869644,0.9120716031178869,-0.780645262208068,-0.6522638630001398,1.167215703137641,0.14125530682922047,0.8799421226867762,-0.5396020129677858,-1024.0,-0.5415429441856557,2.163245968992172,-0.32092910663010016,-0.4500035183718952,-0.6927040122318578,0.15895762111583017,0.006483623177341413,0.09850140527744092,0.8869716556749311,-1.5170594679500573,-0.4947347866743193,-0.11561524200346274,0.04308286427131243,0.4181972789091039,0.6358447489098331,0.31639168980109567,0.011239903104498605,-0.1316456036889039,-0.2825910474867377,-0.07602633561966901,-0.8231735492634232,0.06140117101075428,-0.536477804746569,-0.3125700739168064,0.23076061278290536,0.20926535849608535,-0.5492502667637392,0.5148808686717046,0.3368601682059227,-0.8959504570828695,-0.6189514020578563,-0.64895514394325,-1.4781681063477523,0.786215079168897,-0.4568092379282089,0.7965869715910506,-0.40828399016113076,-1.0080248492535204,-0.8954830023640847,0.7751545751205468,1.320172513764304,0.09103753822597124,-1.0064396929192367,0.3343047922968928,-0.8651226607709919,-0.4384767108823654,1.9068771381248386,0.08095039508674874,1.2383685596503733,0.11081410236838235,-0.6816750410395509,0.22011713326614604,-0.16522641664755855,0.029347302199089625,0.22307840111641133,-0.5800406990510723,-0.58795359163156,0.053849444052555706,0.22733556146893608,-0.4365280458561308,1.6969511437068265,0.255642403928155,0.0,INT
567,1,2,0.738942611777855,-0.5003946827849088,1,0,0,0,1,0,1,-1.6260571795908692,-2.0865751033972337,-0.3224584963853244,-1.7809726141816944,-2.3259161005076368,-0.3507467469115105,-1.163491000603296,-1.05343106692558,-1.4523010870483628,-0.7238014750650197,-2.7508015883050647,-0.6450359784188014,-1.7874758284381933,-1.1997433807779911,-0.9421512539676676,-2.6103640992122994,-2.153139482556179,-1.8215434721495087,-1.327902114328278,-0.71946969385777,0.0569932066247115,-0.9964813947881784,-1.1706730832853955,-0.9642244309682655,-0.04734477509887903,-2.0079366476671363,-0.13880029551212633,-1.2291690609502175,-1.5058962119075643,-1.3069748487300286,-0.45563779651718783,-0.610147268237757,-0.7408980651093249,-1.9234052082309596,0.17799462965112495,-0.4006300692417314,-1.055210550729826,-1.4076604549880107,1.256864675740381,-0.4387615933062884,-1.5054061276459496,1.1120081671155673,-0.3284888599931943,-0.23797307395761455,0.06328650018778105,-1.7020115638319637,0.5277427918167529,-0.2789326783922914,-0.06564479539071649,-0.4949682087504792,-1.0971179419619563,0.6632336464244277,-0.012620907978611642,-1.1453770351014703,-1.2340020838752537,0.9786005071063688,0.3098188401584827,-2.3415353738430915,1.2190813657857886,-0.8637707725913404,-1.1739474842015198,-0.5296246444881307,0.11624204860168427,-0.7231765201253068,-2.4155819937002034,-1024.0,-1.9573088384370272,0.07307771577954628,-2.2466539194171253,0.22399874580245022,-0.46815094226206677,-0.17017363332546548,-0.14676688382023237,-0.20774904207939224,0.6116032142226571,-1.294134487059338,-0.18752622607758246,-0.8729512245170815,-0.0017981886754936084,-0.53221345383781,-0.3254914584651949,-1.1624550927196684,0.02879127861832199,-1.6365220763720818,-0.5179999061057075,-0.014730639752682463,-1.1071555666061057,0.0712444086994995,-1.326337487291709,-0.34960492828221623,-0.04555406922315834,-2.291627305683497,-0.12130753408421378,-0.3001344069082081,-0.23590106240113667,-0.9415625012465222,-2.2986425193279363,-1.5086496826037177,-1.2502208607635321,-1.938452138409669,-0.4630448086925147,0.24690007635598513,-0.051218926558335376,-1.1714965024130637,-1.7641403483448994,-0.7663228651811899,-0.0017561896348652938,0.19073756797921673,-0.6375230034635505,-0.1276264043126731,-0.35822109846580574,-1.4439988384470228,0.7117855025881912,0.09892639156645305,-0.7649024461835575,0.6563981063226363,-1.2491273657461184,-0.3006389897129305,1.0100571172315922,-2.4760032768067908,-1.6689671591406408,-0.4074823551590446,0.02167705720279909,-0.8315456231351029,-1.2932463550863789,-0.4439246945530855,-0.3975055787333475,-0.21803652156028422,0.0,INT
568,1,1,0.6664759001424815,-0.32273110562182944,0,1,0,1,0,1,0,-0.25674983850659155,0.06969465921485211,0.28868823256439485,0.029559134341037192,0.45715775707959516,0.19154098079914864,-0.6022235424520048,-0.15465372697851903,-0.40018440678418543,-0.969663965294804,0.44947162636252513,-1.3369933904276243,-0.2660842180366486,-0.6976059027585158,-0.6930986113781491,0.12625910129877402,-0.26550439544949417,-0.5834003888874865,-0.37615680668350004,0.15988958540419898,0.0555389067673915,0.05266232581786785,0.8969721975539695,0.3709186261434492,0.5629072174384583,0.5397685361371239,0.25944615109551555,0.321570861096855,0.13357103038108556,-0.26877065825483826,1.1951320383821538,-0.009061147409643854,-0.44826164789260275,0.516710829246689,0.7480827337905668,-0.5152077703231052,-0.38984947220198546,-0.22128400680410656,-1.2924056241148691,-0.6165672783041929,-0.4790344139470021,-0.9603691840571169,0.1606334177254684,-0.5421768957150942,1.7054260765177978,-0.24859666556721396,-1.3378039771428636,-0.03613735895326739,0.3068155196366999,1.156005565959937,-0.6810886739704863,-1.4864776846528576,-1.7286682677087912,-1.1518899814133,-1.0377793162551876,-0.6028276923835793,-1.2876791517308188,0.41389009662237747,-0.860433766591246,-0.8924402923285171,1.0889121578974448,0.5561892187530034,-0.06299747397832677,-0.6017485694516919,-0.05440687113265871,-1024.0,0.1429890678480746,1.4128683263507087,-0.23826836761059747,-1.60110899517601,-0.9584511429106028,0.060400745170114505,-0.12313608660445088,-1.3395492432207399,0.8188236413933244,-0.9000847180493265,-1.4937538952006657,-0.667693719700841,0.06658069589206515,-1.3562606744880197,-0.5232809682820014,-0.9129675484366453,0.022132169910226207,-1.0250341398594833,-0.870783342325011,-1.3690736487962099,-0.5159305269903591,0.06975107710289033,-0.7510820231481921,-0.37654207381719595,0.14633130304682207,0.0014470991493886838,-1.7146663853291362,0.20595844332858934,-1.261873659521413,0.33226129479086164,0.14397611105864314,-0.011588552972954866,-0.4360560811008688,0.42118825302117313,-1.1962633941642689,-1.1395097569409616,-0.13007840031014606,-0.5513596722992397,-1.182586448547299,0.07114090447396786,0.9354563402367368,0.25813064608065867,-0.9466955703410791,0.1910902547216003,-0.8272887999024116,-0.3582494443245009,1.68216552783379,-0.07192254685731451,0.2766074355971998,-1.1869526968900357,-0.9838611169186479,0.07373144428776769,-1.2393498345967449,-0.07430509181166958,-0.3718519607285508,-1.3732034090674383,-0.22864961105389855,-1.511895842388996,0.008044996284670604,-1.1750985521339314,0.9649700713011969,0.2181637061589775,0.0,INT
569,1,1,-0.03988561867660589,0.27008851390244754,1,0,0,0,0,0,1,0.0989417272851859,0.44273730838702985,0.343157895113472,0.4411400891118479,0.8838282408163315,0.30156467920863134,0.1692533536515688,-0.009839900952970547,-0.17588878506586797,0.37645542805112936,0.8524799235959278,-0.25072647130129483,0.6084820121120524,0.7746414432629828,-0.22228117335947917,0.5693001131049549,0.814961182405704,0.5084798409934416,-0.2500493904816591,0.10460379243248384,0.05443234305101539,0.3463867322181367,0.24955428758906556,0.7663235978857362,0.5720650245922582,0.8363660446455866,0.3143454724651117,-0.06054413831013439,0.42059017866210296,-0.4626503782468395,1.428388135936573,0.20213524884334352,-0.2866551235470232,0.682811030225466,0.6371299685356205,-0.34706288511602335,0.07152965019067446,0.11341932839636691,0.779523316851975,0.8502081832021068,-0.042729533203629835,-0.01106352764675741,0.2796569299241331,0.21675222156363597,1.93810034555106,-0.07553775307814217,0.0665188173079369,0.2457202007330773,0.3070360269660405,1.1495955670664502,0.25505497258626747,0.3278003287808021,-0.0679451198439641,0.002881141739472217,0.13768972727804957,-0.4726162219138716,0.005145667736478649,0.7508369493390715,0.3798841815278993,0.4391694621771083,0.09630579586027088,0.8305906018502927,-0.28116133765335394,0.8289625135358333,0.522470051977322,-1024.0,0.6123422211777231,1.2844797921809772,0.047692980182718635,-0.45473518642815136,0.6838940104008063,0.06995620938904194,-0.12313608660445088,-0.22525254734912292,0.825214582900931,0.4577970883189897,-0.311412462371302,-0.45299715304079957,0.13690072237666936,-0.2437193105918292,-0.30627190256284836,0.524960566224457,0.027000292018898246,0.18606697533112926,-0.04011090220856176,0.6071617191599044,-0.15203283597889422,0.06975107710289033,-0.075276183338552,-0.33958447352033494,0.17369057383045639,0.23752011098826686,-0.25288731609072057,0.19790245476700544,-0.11516265132833821,0.7542097604910132,0.5938286535427957,0.5516155448822178,-0.4095332249172958,0.648462979318981,-0.14594399987656523,-0.04949047677240656,0.1865335175459993,-0.15941597146752334,-0.06898116632428562,0.2900657930868247,0.8315339188631774,-0.14033634738495243,-0.8837777231903555,0.25338908206394,-0.7168860681110268,0.3079694261293694,1.6069635303400336,-0.14188954562450729,0.629847685337884,0.04007532147596196,0.30538899704028016,0.17620433362992888,0.3153254986414025,0.4647137992305218,0.2189245444538982,-0.42915897228365807,0.009883419444511975,-0.4629880665160257,0.36643450587551546,-0.44178948756037767,1.187392639329722,0.23978101246377817,0.0,INT
570,1,1,1.0220280391971355,-0.5949888899027764,1,0,0,1,1,1,1,0.08657892680754203,-0.2166802771854634,0.17523097309711705,0.2891787066596006,-0.08711575655568221,0.36732150323293083,0.4490010425072686,0.06575725553895875,-0.01630548384445248,0.5740541641535504,-0.8617565120810394,0.6612167534788753,0.1310858364181518,0.2986391204431743,0.008948544103196607,-0.6136683514839988,-0.52654990950993,-0.24629077854175557,-0.02404969593182746,0.23056149793597003,0.055551341099408444,-0.3791367044996179,-0.6031769648527716,-0.5058436338517321,0.4275032393325491,0.09776078056519627,-0.055430753681831,-0.15623724118328605,0.4472570343211459,-0.3934852710372321,0.3788391126351825,-0.04884951350314131,-0.18628723693488522,-1.4879229597635764,0.6361001326556172,-0.04112705175091899,-0.2690853159872349,0.14911551909569018,0.8671448935217658,0.7288656138683242,0.1956489618370111,1.58811012903159,0.19728586258775846,0.9745750252945714,0.4803479309632534,-0.0873491989933526,0.3111139962734496,-0.05328142146531075,0.04743352488030893,0.49283370922591957,-0.4091039703062051,0.9387519963522583,1.2395516731239127,0.07225438274654623,-0.4237708649886332,0.7691451927363931,1.3563258867297374,-1.6433576421116427,0.8078227184535032,-0.6532510587596525,0.12758201909603933,-0.7574282043520678,-0.036540206261805756,-0.7053949705931772,-0.2337889068320341,-3024.0,0.4122354682967705,0.5641915614490347,-1.2440877633748557,0.8362696350691812,0.7375085975553881,-0.060577029767971705,0.006483623177341413,-0.2098879567506118,0.7747008479469645,-0.45196486145411047,-0.15078041229824685,-0.5121235079376824,-0.011225542240001676,0.007432946802407942,-0.2149404138168851,-0.8024897948881852,0.015332049306692502,-0.9166787360234767,0.970413383987069,1.0157223790691123,-0.5585794595792444,0.06140117101075428,0.5220518212557267,-0.3356888420132518,0.10839334013205212,-1.48723402637781,0.980427468414907,0.00497448621412236,1.2512633978646004,-0.6429872602423989,-0.15312563830440154,0.23933867181720958,-0.39594713636654955,-1.3635106715074927,-0.14628520685032548,1.3840089415836094,0.12495394692809769,-0.8097951913470071,-0.8096305428222139,-0.11459364577453716,0.5457198391781529,-2.3537794766255193,-0.6820034055402703,0.020902890266866238,0.4353790308331728,-0.8425841193770803,0.8246309533816785,-0.036532791744462674,-0.44390336226592514,0.5433763490708641,-1.023107230399978,-0.3589401477242225,1.0064908278256213,-1.6744164493910534,-1.0066451355500157,-0.3305164241210026,0.2165393576802132,-0.14760775261972658,-1.032405672614993,-0.4430406096229418,-0.7159474890670602,-0.19393975008042716,0.0,INT
574,1,1,0.0936206988125781,-0.6062262142526362,0,1,0,0,0,0,1,-0.85069585957254,-0.42139913978005833,-0.4182834429557916,-0.7574088401017911,-0.19278993600222386,-2.0784832975759286,-0.9769999698327209,-0.4509436922706828,-0.29375127535937484,-1.0679213059974226,0.21963638341525163,-0.973776251250856,-0.5289193751474957,-0.6639322044275928,-0.9755270583909735,-0.2694684023982731,-0.32171834190176085,-0.7627475004285755,-0.623445368015894,-0.15065869451422287,0.05662366064253395,-1.115141928684177,0.15352469066638194,-1.0477292107456546,0.003244899666393895,-0.214874940058236,0.16298864840112565,-0.17777953768921995,-0.7478932917908289,-0.8477332641515483,-0.5784753334231798,-0.46213624132543146,-0.3772303012899787,0.719055830088108,-0.007191180260772936,-0.016023486531913277,-0.8040938577494886,-0.6383456018995987,-0.8382654786435593,-0.8025842774381226,-0.8331524364136027,-0.5047640862976358,-0.17600728806788193,-0.5409117926337543,0.059947683254410376,-0.6673106163300456,-0.5978427238636765,-0.3898846041130942,0.480233195230915,-0.8194311883372043,-0.2302734520479147,-1.1123099030310404,-0.9510538649600587,-0.8183100337700057,-0.38456950636870685,-0.5660186205143727,-0.9531313678932617,0.5558644934437234,-0.3575440660247865,-0.40835583365695055,-0.769388923360474,0.35672628245151644,0.1580981570625603,-0.26302198301620966,-0.5788544847067857,-1024.0,-0.8206136838787091,-0.27692387299449506,-0.7193821071387508,-0.884566319305312,-1.1829226331339735,-0.1787472093684356,0.006483623177341413,-0.22148091481814314,0.6142139869794901,-1.0907711868859227,0.4210206037209342,-0.3885718152936058,0.21714113196893967,-0.60571934590776,0.08117299430821089,-0.49948946369505887,0.02287805859497524,-0.4764731546266687,-0.9375399539676551,-1.1377646650153228,-0.9032176406526283,0.06140117101075428,-0.994299154564826,-0.33598243674956196,-0.019368455003006525,-0.5108874066075714,-1.0228074184211504,-0.42997846273990514,-1.0338092347561876,-1.0138235092025611,-0.7195220980907651,-0.6899054461093007,-0.5062147224121256,0.12548502080807747,-0.14020370858825548,-0.7998252169574659,-0.12976125813718314,-0.7756252750405482,-0.6430554180691401,-0.5421682208346643,-0.08679361076422472,0.5688180689593446,-0.5648425995417968,-0.07252635116920689,-0.8343080997923554,-0.5743141430430535,0.7010178013594438,0.12000576575374104,0.2339504581247141,-1.1765825274228223,-0.6092189381787937,-0.5273727968526312,-0.8622478520365756,-0.01872450047338072,-0.42040283524920247,0.2151049380442521,-0.03089890182194288,-0.9686112988983364,-0.9083930204177718,0.12932004931500346,-0.705450912275881,-0.39609177018254915,1.0,INT
575,1,1,0.9606097889979822,1.498655589056995,0,1,0,1,1,0,1,0.20330510282291708,0.2189044899105644,0.19222810643016808,1.0359098437722922,1.0810381233195812,0.3688569216608065,0.614828621195821,-0.07589407374349483,-0.02468455518922871,0.7028229142295096,0.48237051720257357,0.6316816888191518,0.7039690693143884,0.7747589203315148,-0.08900005941232766,0.5241204517071683,0.7095799648700286,0.7117943885749871,-0.685477753737271,-0.21109571558183443,0.055761574818506125,0.10151509847150358,-0.5137996335703264,-0.45463211973966217,0.4357831007874832,2.294449457453487,0.22679916615567716,-0.1450985626664001,2.2138354252370305,-0.4913980752504144,3.5239641439932803,0.024811637890816415,-0.04352914844593905,0.5742952012536571,0.6683178055077237,0.16686959267214493,0.012659225302431762,0.1556036734130985,0.9720562074365845,0.4540406936450798,0.2928212016176088,1.4977575503531755,0.20210980571425458,0.49226295771740636,4.22519999146722,-0.026526786213313492,0.7964186477733097,0.8892144774203226,0.09953576034707964,4.770903414233718,1.2305686200366959,0.8599654465763416,1.2082037245340518,0.8685559836242014,0.733870440971052,0.6198065315704951,1.2679910389184592,0.44826450555409414,1.093392561771365,0.3509392562389926,-0.42051251605359746,1.7127090863975583,-18.06636707122157,1.0218462398129804,0.6311711397931451,-3024.0,1.230553790961702,6.07362776543075,-0.13404689571364883,0.781400868101181,0.3570961157773571,0.4966171351520299,-0.46544991039036626,0.726476229252703,0.7762424908378651,-1.035962960608691,0.8874218599518556,0.9626679462990101,0.16964097698842603,0.3703282497175844,1.3581481048286446,0.8367252452559939,-0.015514800060319616,1.0409272224212414,0.5189641427965842,0.6241705092283356,-0.7716441492182536,0.02067887802491293,0.638231640912743,0.18642031308283036,0.04629945458480623,0.14186139759002922,0.9199365060895329,0.10763950200019243,0.9403597751938094,-0.593110997036103,0.44330100219076074,0.6717735754354848,-0.5930784452575317,0.5025940541946359,0.5206254370439298,1.2316763658668044,-0.027195488402261516,1.6286093691043855,0.7808605662321816,0.6824082205956522,1.0667989460818006,-2.539149612850269,-2.351069256398421,-0.04775790235366515,-0.5554361203622268,3.2065038679468363,1.737370190359127,-18.138912347645228,2.1947421156655342,1.2183924626557336,0.22609117915508775,0.22489708889971805,1.0757499429257837,0.275130884976669,2.177876946109826,0.6402052960308864,-0.18085356504336664,0.0332341796979394,1.7036201361504353,0.5868721173877163,4.424055555936524,0.6239531970110251,0.0,INT
576,1,1,-0.022748327564323902,-0.3700599061415417,0,1,0,0,0,0,0,0.7882374075197092,1.108248998393273,0.19416163657060986,1.0057580813273845,1.3969107620300423,0.6109280669982035,0.5227517219275316,0.7901488567792733,0.5060961217676402,0.27856478194496315,1.2970522517922256,0.11932468228941194,0.938658417706143,0.6061147753155578,0.8624976640179852,1.1203357649674284,0.7843743991328139,0.530934523389767,0.6922869824843294,0.7253819484509816,0.05435577298096792,1.0427607670676413,0.9312050552564899,0.6966609235813837,0.2537395023232546,1.3017439693124901,-0.1655347493512839,0.989656385725206,0.9367815674821753,0.8345547171959198,0.41796809634064086,0.25647740827351234,0.0700953479456428,0.383201778551433,0.3865584888930572,-0.14001257797816397,1.1334691942171728,0.8794397351978722,-0.7538365140441723,0.6631865495967881,0.7546028735973122,-0.5489387267248489,0.21383565845386804,0.505955029289919,-0.03361578070291476,0.7070338970958625,-0.47685830062585755,0.9834599540569484,-0.31022713746335984,0.062359513968850686,-0.062407749554468386,-0.5075732787506603,-0.006779841086297962,0.3538084477427318,0.4129329096398989,-0.5664668786547503,-0.27560291304369033,0.34449329456935174,-0.6938388053049237,0.669350264751739,1.0165338818089924,-0.3967354784945724,-0.05864127042173026,-0.41037626580849257,1.0266326218609836,-1024.0,1.1673360050593453,-0.38135955949831407,1.0158542691130903,-0.42397076725547717,0.4622502567905726,0.05196849833667421,0.006483623177341413,-0.5865806268576332,0.6520542549292967,0.42239651611847034,-0.20733326097868632,-0.21294010944572228,0.06756320815145928,-0.6833260764830578,-0.6231506309507224,-0.14836864853129222,0.03623353448556677,0.056962027841079205,0.34801491079898167,-0.115784200852233,0.10912722428774191,0.06140117101075428,0.20265019156747993,-0.36472783486209504,0.11117806508525101,0.7396845305985221,-0.17187879167988163,-0.227431698169757,-0.08630302517781946,0.7235276005218562,1.337786941997812,0.8001336724403673,0.769577624490847,0.4565465435887637,-0.43709453094237816,-0.4426097089966209,0.27334843927801067,1.0463744305113867,0.2740696988705378,-0.019794856328032916,-0.00011637613948188353,0.42843156868753896,-0.1763523727308023,0.03680147578230694,0.300213267157836,0.32454094973308417,-0.4370992893051988,0.01890600314105677,-0.5336841081244696,-0.31895080416450455,0.4930136833811414,-0.13727062294077544,-0.1061739800633754,0.6005950780881083,-0.06479897922764641,-0.3347007339051675,0.38490919130167556,-0.363916848979166,-0.11255998249532381,-0.44206898640702313,-0.6772600515842957,0.023921218212199464,0.0,INT
578,0,1,0.2056920729394843,0.09534811421591961,0,1,0,1,0,0,1,-0.36640645791833715,-0.48062701138592856,0.48497596400165033,-0.41090551218042237,-0.5472006285361594,0.1947046762370109,-0.00972591849811377,-0.3862189209519336,-0.31521727870148236,-0.24261208596171988,-0.210924810497939,-0.5557753714379786,-0.129441147592983,-0.36849665329381887,-0.3425009854898597,-0.1273181995941692,-0.3657763939315097,-0.2800813206938632,-0.4738503720398219,0.11076874259304233,0.05343713662602307,0.3998918451926834,0.2357007584369384,1.0851168258104749,0.5522743123557949,-0.5582056651265884,0.43231328558039045,-0.26534078988450177,-0.4296785942727954,-0.88304085122702,1.250133506867819,0.46053896974259456,0.04023461664016961,0.7275412478561715,0.497147597848543,-0.11815163240152281,0.12577567770608464,-0.37112139215235523,0.3551035661540119,0.2604405515436267,-0.6064985038951599,0.7134862973167885,0.5389962364070224,0.13264533282652072,1.2802621066323931,-0.665388102321929,1.4573309001853667,0.4428806541643547,0.3547518386138359,1.2273825709985535,0.4224730684730459,-0.01954564854007482,-0.7740986636453361,-0.9428014385789976,0.07517827178343424,-0.3402229366958282,0.02791083580418224,0.7654368151268498,1.5536190885176995,-0.03860293484543354,-0.19375432106636428,0.5842812222911302,-0.3074695769277814,0.19239228255733162,-0.14389886398899743,-1024.0,-0.4661382350319473,1.0905927455501145,0.015639700894981477,-0.6684749519702213,-0.03188196840717519,0.1580108543737682,0.006483623177341413,-0.3562646975114939,0.7971090001149571,0.6961065782666626,-0.2606544759478382,0.20599759012266255,0.17550378712202733,0.6772598766994434,0.18124073606912858,0.03247920371811802,0.026393416932592333,0.2175365774141172,-0.11781074731366827,-0.021924740966764385,0.40887553878322264,0.06140117101075428,-0.6881560145660788,-0.36773407335471137,0.2299054026338526,0.24569372845035004,-0.8904999451601997,0.3834382084316203,-0.0024196603939799764,1.0824595433813309,-0.4495413541025787,-0.1734763400701826,-0.5802052428094734,0.5888701387039952,-0.45252758629380696,0.3060407106926353,0.4873038727788779,-0.05627936086107615,-0.1054967978883585,0.8840563281320281,0.7344464835571497,0.21116995202674374,-0.33823078935218875,0.36371317995713753,-0.7684453741255011,0.20046268970219577,0.8798515307625542,-0.19680476828729357,0.63110940567689,0.041602462559756324,-0.25074412782463873,0.24187155643087352,-0.19231296689159427,0.6990503275416463,0.3333640007933331,-0.39296073742745624,0.09069819903029532,0.43211325897624886,0.2003156933118967,-0.44183787435159444,0.7411199180784216,0.2534824214128262,0.0,INT
581,1,1,0.02286761304969835,0.048745889374252595,0,1,0,1,0,0,1,-0.05797027514310527,-0.125615387355517,0.3542853798838263,0.1843072402737921,0.10950672351346866,0.18417137013212037,0.25833206319163,-0.34606592631836924,-0.443413251488752,-0.01777048670446952,0.28467929946863385,-0.3017878759413645,0.21318790290124626,-0.08883126997174345,-0.4273508091005636,0.3832996907812829,-0.0785830328215835,-0.019162340558572157,-0.3474998035900217,0.07414440141093141,0.05444225136693916,0.17119337099959378,0.10201925114984521,0.49012082047098887,0.6536686416532351,0.11062910762368836,0.6342173802609598,-0.18848420423225343,0.18139533622545312,-0.8195518549016956,1.1960046690905688,0.22947230456156104,-0.20839832554780582,0.6997760986108742,0.5993817533857473,-0.22967008353918011,-0.18839847477770727,-0.06471698623953348,0.10047986845423919,0.12139815209874989,-0.23144885559921174,0.39106928016311787,0.3936391604028015,-0.012069988405388298,1.7551480847161072,-0.3238947813116734,0.7866942988846606,-0.008590486801466733,0.6853175056818193,1.0079825929207658,0.33576987273347997,-0.23205439987909104,-0.1258329406885804,-0.25488474405272027,0.04511515826574931,-0.4195964736470658,0.04852935166129483,0.6267011953488109,1.0253421936072034,0.06647656127917548,0.10208539988165427,1.132741809617115,-0.19175307534451452,0.1462787145493353,0.26856510936376154,-1024.0,0.21977765355596351,1.3157717420974144,-0.14357187289230613,-0.44779322816870776,-0.19279537538483796,0.08647918428657535,0.006483623177341413,-0.279323769595507,0.8518348027610844,0.5088949739595959,-0.30588880289385884,-0.38931357608887096,0.14767717937170372,0.41915686596055024,-0.1791403586307839,-0.1225407832282377,0.015332049306692502,0.007443710162565222,-0.2752085903265668,-0.18143931966974333,-0.15838606423513452,0.06140117101075428,-0.1063811515423987,-0.3561808318407275,0.19379314027840067,0.11160551031664573,-0.31336813082022485,0.3273939066222671,-0.14983610162265837,0.4267110198805441,0.15328086902404686,0.2440496898693522,-0.46765399693332826,0.5515334970399023,-0.4490196335831118,0.17761548844852237,0.1127685566993936,-0.3250020809892359,-0.12656377977003888,0.367878779621054,0.8931355680702111,0.23649233066454559,-0.8591682652893222,0.254304775050187,-0.7858110091576969,0.33887023391173293,1.6381148334602291,-0.1288940321920101,0.9298621295080869,-0.4260142362829954,-0.18206263761490474,-0.013231965026746758,-0.09042001348891725,0.2873955636024615,0.4225331041559091,-0.4368374923164657,-0.021611163176505865,0.04444039646583974,0.09123253169467807,-0.44064128857083973,1.0461690956423693,0.09597165160692507,0.0,INT
582,0,1,0.02286761304969835,-0.36975728447304584,0,0,1,1,1,0,0,1.4587710044716025,1.30689221592192,-0.025255852525210697,1.4172690330328466,1.1885853827160524,0.9023708175519944,1.12094616697242,1.3978878863506738,1.1618595170661374,1.096843429614657,0.37268559677549384,1.156090798361825,0.9966056362038066,0.9608204040445568,1.5463571786419068,0.651756160801786,0.851325913971236,1.0676471638301166,1.365586499866899,0.9668241919660698,0.05504059811622579,1.6266683314689847,0.6278749811846359,2.0770867014000465,-0.9653901835443888,0.7162270191519579,-0.6764906355011119,1.1973571223424737,0.948902139255292,1.6875774218397985,-0.5647098193713573,0.7380426627958594,0.7891571453043705,-1.0091084619064217,-0.9944816535173588,0.20490077556020722,1.0291031591389563,1.4103239327151906,-0.036391840546955136,1.3117439716022294,1.3117669920383181,0.08027971711566927,-0.20956654808289965,1.2529319162604524,-1.4141131986764017,1.7037065520257002,0.08683067667399089,0.7620214953759036,-1.3303024170790851,-0.4628266352167395,-0.43711625169477253,0.5792073036449535,1.3802965354185137,1.085688122768495,1.2152660120590457,-0.13588417474841777,0.7139694109473149,-0.5730015902688934,-0.7318007170677009,0.9780909096064128,0.576570144188526,-0.5912618045192078,0.1441435394246542,-0.2705504083833872,0.9755905208701077,-1024.0,0.43189371222987616,-1.359719176522833,0.7857990848905024,0.7044710782272003,1.2302785008336417,0.15801331607730676,0.002452022533693507,-0.02734586832805429,-1.8243339406353944,0.7094777770610824,1.8125901623925318,1.1198798211106173,-0.013368915864433844,-0.12271837800520238,0.1130811060378879,0.2775000596500121,0.5163880398357705,0.42517275665754684,1.250023353398824,0.9611882323088253,1.4227942239327138,0.06166498319130714,1.5892035758840473,-0.301741862273341,0.2375932119712734,0.5511631369264695,1.1540396895858205,0.19565373218584745,1.0415656660380173,2.1908644242156683,0.06295137784341681,1.1025794110657463,1.4983391540640907,-0.5017230130390801,0.6255678495758066,0.2281426017915366,0.5147485446949441,0.967203659025647,1.131103822774428,0.1559110462416826,-1.391388357101899,-0.2813113048254784,2.3853101709080593,0.3528733797483894,1.6291524998496767,1.0035877293214848,-1.1910499718757575,0.12354500081083457,-0.7963676188407035,0.8899156708985253,0.7635694777784714,0.5445898741248203,1.3188669361280214,0.1809614592258613,0.7947438746087622,1.5573659684770838,0.7988325692151343,0.2617609044070078,0.8398564812276333,0.9466644316614878,-0.7046871710690528,0.25931585834906984,0.0,INT
583,0,1,-0.16737206333002888,0.2581390655772409,0,1,0,1,0,0,1,0.8798818442766976,0.8579863433208574,0.45797740515825686,1.1044840762340242,1.0634194150547214,0.6234667620851813,0.9016673546856041,0.7764918854066208,0.5355354696676708,0.6729014390762339,0.939779361771951,0.28820258807316906,0.9424894831528714,0.6665548285003998,0.6732940400209121,1.1034739307378527,0.6123239497718608,0.6790438113922616,0.62537132786005,0.8954074558530473,0.053487911685750095,1.012348064433035,0.8854022350869039,1.5079534277760305,0.43881145848373765,1.048472486525183,-0.027115500183658138,0.75391729181184,1.0889519714721667,0.5389577683816041,0.8287747034136266,0.38251358859834733,0.033185419885716876,0.2726286666192173,0.5371103315781277,-0.2115731675558869,0.7457831645138383,0.8762328699055746,-0.27708461524241285,0.28609072950412967,0.7450365097774155,-0.2157240583213265,0.4038410007239726,0.5834427187854656,0.49089740418840194,0.6601598642237338,0.1734830805938495,0.780274103588401,-0.05797184958804316,0.9465870912918576,-0.294990420519549,-0.1468819123157304,0.00708997210533211,-0.03674821407302061,0.4431370605573798,-0.5143901874768209,-0.19743283495257966,0.37067465187177684,0.139135861879456,0.5384076830134554,1.0068773566512288,-0.3092754962853083,-0.18563889780192025,-0.30253823797354323,1.0861702667642295,-1024.0,1.3483926048332406,0.44563318273001923,0.41188584485629354,-0.43794571203243293,-0.004713320126009006,0.01883961503475199,0.006483623177341413,-0.6691440875793686,0.746905094504784,0.5735015242587064,-0.20359670802542199,-0.1740930606380721,0.02803177949493528,0.12054311028351412,-0.41065387939686154,-0.17988344339901846,0.026634515847910073,-0.20705684755159387,0.3872893093339586,-0.2984024222068664,0.2953169341451038,0.06140117101075428,0.3579640912857039,-0.37273823371460507,0.18399267991646717,0.23869618855836675,-0.1591730158176851,0.14962049234034572,0.04518099915098316,1.5825489056913729,1.4145485988985367,0.956667149210716,0.29722501958551195,0.1991960804668081,-0.44110405071481235,-0.3027826596857775,0.3681849202178409,0.5365424999461534,0.26875341085531435,0.33164647136212594,0.5226815915350689,0.39539883669410136,-0.2707940466162799,0.19212831234047129,0.3496193533254645,0.40529785712132094,0.31245565771854766,-0.15010047105802393,-0.016270472760635212,0.3883738951338011,0.35997477771816383,-0.0860855855085806,-0.02659207875188806,0.38158619820104295,0.14244384851147013,-0.33341286573899975,0.2869117760820089,0.19082539825737638,-0.08942311009992318,-0.44262951083260166,-0.5530909417974996,-0.042891005832290496,0.0,INT
584,1,1,0.440507820112895,-0.4237426690287823,0,1,0,0,1,1,0,-0.046433736841084934,0.0342019473554791,0.38038621674803175,-0.094842340881832,0.0059921515748929885,0.2312390503991497,-0.07033828584119202,0.4560606575181109,-0.33602647784522427,0.2647718358261594,-0.12147383201217156,0.21795089954711022,0.022152410340476308,0.3783370229969291,0.1770420145995855,-0.22350712368711956,0.25303857002867786,0.17865054474270106,-0.1306313088436182,-0.23211491383415123,0.05367289926236139,0.7761341303367774,-0.4574499393993976,1.2636235823898532,0.356132566558379,-0.009197848035524356,0.20462073346272638,0.020043902973177565,-0.10398062985944403,-0.1551325958676137,0.6110048548781171,0.4222752284119535,-0.0373076609644948,-0.3089056443310054,0.33045911817802787,-0.26613680166412984,0.44471073279424395,-0.040542785061857455,0.7716098111251877,0.5666339047311078,-0.14803245561886869,0.5618207682454764,0.3714152723832794,1.5566053078513333,0.3522380178143078,-0.3464069297480047,0.23923799662187709,0.9653908477420166,0.002897442984161118,0.5189012433575669,1.3961056008769401,0.47996456854657693,1.5431791126038057,0.49237572965345294,1.6614788417242286,0.7718240904670938,0.6677861881782889,-0.3460626780099599,0.38345679701532,1.15496162745456,-1.1502099403678603,0.4931078524441048,-0.13132397043971336,0.5704177417456858,-0.025099245735672546,-3024.0,-0.27851301273471424,0.1043228101585359,-0.08590842298855529,0.982665597360901,0.308716630494685,0.1580108543737682,0.006483623177341413,0.4605655251890241,0.6901116537816997,0.5874008322866036,2.363502275914045,-0.2616593975623506,0.007811918872046141,-0.5918384550832163,-0.49057654670124484,0.406852071065568,0.03217307308440241,1.2765686868725574,1.5775497275614276,0.13097380288618962,0.39112707519576606,0.06140117101075428,0.11686609243813831,0.39031570551816175,0.16216035268764875,-0.3560117768891412,1.2261692258118946,0.09135349705589117,1.363752175034847,1.310279346644481,-0.7282534576901568,0.12206251188771253,-0.03973369906026927,-0.27145646586403294,1.1753733043626016,0.9654666100797306,0.3890662704861836,0.8250266916437197,1.5920660281838495,0.1881427555617569,0.24701381079737011,-2.4790484232886594,-0.21511562008253063,0.1504251781156763,-0.04497567007881887,0.3596313952869404,0.07817755997503575,-0.07026687762076972,0.014397619947833402,0.73502428311403,0.9667928791903897,0.5325107959463296,0.6840473339730094,-0.39732792754739515,0.22786762969600358,2.0013761941604478,0.4443119047287954,-0.47410292644081015,0.8720446878490073,1.5333539198083135,0.08701180922171647,0.2534824214128262,0.0,INT
586,0,1,-0.2041340770963174,-0.47639820630380836,0,1,0,1,0,0,0,-0.2634196472657427,-0.3944466114969091,0.24559944565222444,-0.1821169269228832,-0.3374924652049479,0.21857908589540564,-0.09660198914247423,-0.21498605745464625,-0.33088041424162007,-0.16092645065337569,-0.19580731566185308,-0.03208654690810495,-0.25475670201900114,-0.3025295587491383,-0.27501742824827896,-0.08700810419474905,-0.1502318078526459,-0.041967165423144236,-0.33580592715496027,-0.3982293372000241,0.054976869308150704,0.10475997334456767,-0.40531473833441956,-0.05375012371185116,0.5246270623788625,-0.31211099995928127,0.20121080550565937,-0.22106732741837534,-0.16649411619211518,-0.5793410675598996,0.5213680892314684,0.1324310469323183,-0.10986207856261343,0.2291829039893759,0.6121660284399664,-0.004578536219439008,-0.0152203682636201,-0.2560328808811814,0.12591988714496033,-0.33401224881114283,-0.29913516817036934,0.24417722847202944,0.3095711186846567,0.1657979996732298,0.7732151616973099,-0.3376101432576965,0.27281779004685186,0.07413708571096478,0.37049333470086243,0.3516164688545613,0.4799561543335132,-0.014877473607294774,0.275385082438953,0.4626640601285323,0.5352529136278614,-0.06562488203230499,0.23425870556995568,0.28550861855864346,0.56469960452298,0.13499539502941693,-0.8194991845355154,-0.0024842238735543762,-0.04262047704653585,0.30527386390354916,-0.09260717101937715,-3024.0,-0.20087912155709972,0.4811885945515724,-0.11690956381884107,0.1641331735593077,-0.5579614983560777,-0.11479353408452131,0.006483623177341413,0.45625644028558066,0.8072510617799455,0.2910762350599419,0.9946048296473795,-0.3169943395722794,0.05000334812961687,0.3028381414209407,-0.02934897842182417,0.09118685846835223,0.02174635687059739,0.3300206888440215,-0.09050944017672541,-0.316281441779248,-0.2988639544425892,0.06140117101075428,0.30002739642801685,-0.07199891998242926,0.15409659259854025,0.1415152580660241,0.0502519155502322,0.11510443232192127,0.03499855684913138,-0.1786221940340913,-0.40850726296725776,-0.1429907556633042,-0.35127988736074023,0.3695816757512562,0.4981579458617127,0.2921823993512976,0.11116276584814162,-0.48799111822668007,0.3458860654935774,0.060167694564001374,0.6209515276457936,-1.389502206450409,-0.5784360329656874,0.1385703666542235,-0.7263688191394714,-0.1852048199534715,1.0392433894061701,-0.011888520496256263,0.31157555227537564,0.09306675621727027,-0.07736084553037227,-0.3965953044206358,0.14311963568616504,0.13778102576725598,-0.15979799837910832,0.729359028793422,0.15807212594132217,-0.05698172873268601,-0.713712298812935,0.5832626709676567,-0.7146381569523488,-0.2899366712565562,0.0,INT
588,0,1,-0.12048018350814944,-0.19506640058218835,1,0,0,0,1,0,0,-0.7445399960702381,-0.8772063812634213,0.2651862325845464,-0.7732885465263601,-0.9228694806647966,-2.0784832975759286,-0.9437759496596725,-0.46754150986357074,-0.37685021900543875,-1.6015941083507927,-0.7121820737266518,-1.4517316266228193,-1.1883045023428354,-1.8548118437476093,-0.8786798227788718,-0.6783677095396511,-1.656278681690132,-1.584217073521709,-0.520497235035562,0.11142250379884433,0.05623356277305917,-0.2918307833877741,0.8423428684890663,-0.0900506043327194,0.5570250846118439,-0.6916126733312407,0.29667430245761556,0.14216660633091724,-0.5587773298506219,-0.25625586882110896,0.41220722674604626,-0.12332704870861018,-0.36598192204883645,0.3193871998101328,0.7428396417777064,-0.2578204159003755,-0.8970577591900478,-0.6998503134188986,-1.8973513848194925,-0.8985702230264797,-1.0452366988333475,-1.254207732330506,0.1993899549052287,-0.9022502073285146,0.6561079920108226,-0.7588871628689191,-1.310453404278396,-0.3249725067652723,0.5384405052370743,0.7060170445951932,-1.0566373228808141,-1.880922825883812,-1.6855572340047262,-1.7842174995388322,-0.8662067596509945,-0.6079379704777448,-1.717891651149438,-0.3336714594000051,-0.7035054480087234,-1.1208661474489083,0.6406060462247609,-0.49194875468780624,0.05545932113988307,-1.496674241825993,-0.9560222234726792,-1024.0,-0.8141642270690906,0.9729032394191798,-1.0975861943033804,-1.1789737286537012,-1.3831407696842757,-0.09471828308643529,0.006483623177341413,-1.0835909484231554,0.8355088243418607,-1.3347556688529192,-1.4313750143949258,-0.5638873354079565,0.11848943131207088,-1.2331235578681778,-0.18888949204305477,-1.6425962343566773,0.01392002594190584,-1.504552905827564,-1.37439438754057,-1.7110774739460968,-0.7059183432298934,0.06140117101075428,-1.816469042681653,-0.37793380340034727,0.14989352765808484,-0.8175274725541537,-1.7056266673401344,0.2603469625129262,-1.5209381230670347,-0.20525290920505054,-1.0495365444202183,-0.9686191936039483,-0.48066203718209755,-0.3692583098246742,-1.1895617212795773,-1.3626453458721435,-0.1020209294714867,-1.004564794280479,-1.181539592567393,-0.04639481851701837,0.9020043228364123,0.16906533920265784,-0.6449687433301698,0.1149138397716879,-0.7664946817611673,-1.0671478887974115,1.2635953656306178,-0.011814532081162931,-0.20806666085786463,-2.3736491060303475,-1.309007463157517,-0.3611138901837665,-1.9377462532727476,-0.7716929977563874,-1.0398502529257365,-1.4197209140735458,-0.06197554889729961,-1.395143257908755,-1.1519248502827102,-1.1768221404539807,-0.2639854505559575,-0.2550469711512899,0.0,INT
595,1,1,0.011131610636434327,-0.4261315196860717,0,1,0,1,0,1,0,-1.8106504168749489,-1.845871414526343,-0.20063572463136545,-1.8021724524261014,-1.801424106706642,-2.0784832975759286,-1.5698541927382346,-1.4115938566931567,-1.6240194281875364,-1.5058043361854305,-1.0396413539697018,-1.7576683062663983,-1.714358653869901,-1.5900383318733862,-1.3070791493063552,-1.2005449697607942,-1.7381475069064143,-1.8058741035153378,-1.6732575515143033,-0.930801975643842,0.057105051384951956,-1.1859939238856505,-0.7611404537748758,-0.9080309126817118,0.34393280736217124,-1.7693842309224352,0.664871407206236,-1.253302723206713,-1.7731488775178865,-1.5228420279029493,-0.05920202008491514,-0.657168892722815,-0.6926641251047123,1.039250187707247,0.04117038822065225,-0.3980977153114422,-0.9027914105212363,-1.7162121629708118,0.14218443290054422,-0.45354896775507014,-1.9540063129427634,0.033774943547161165,-0.018312320073623694,-0.963306173700156,1.0417837900639957,-1.9109459513328348,0.2988826267514235,-1.4313612521292551,1.4255368421038699,-0.5963603141162369,-0.26230537308789026,-0.6291256494470422,-1.1815739444598607,-1.7842174995388322,-2.02293720431623,-0.43020517054626445,-0.6819974343264698,0.5223206322544123,0.8076212256269966,-1.475356188258718,-0.4283449429851111,0.9230499590299436,0.23871440902679722,-0.1720583450147041,-1.8147391241921742,-1024.0,-1.76879808013644,0.6275438172482501,-0.3193809721590168,-0.9559742482964138,-0.8824154248797084,-0.19835741601770182,0.002452022533693507,-0.44341533676934275,0.7794258508275173,-1.5726420298845256,-1.7779012712963245,-0.8539176197751863,0.3238293092095018,0.037383422439923354,-0.09634884968443869,-0.846637864335748,0.01305393944864495,-1.1175412384783492,-1.2788480886816422,-0.6856587925743042,-1.1902967719693107,0.06166498319130714,-1.7393617546343183,-0.3776980215357356,0.09306698835896748,-0.09576084157250801,-1.2200839061338378,0.27851487846810846,-0.9433522717551633,-0.9683767380632783,-1.6289794268085505,-1.675935823498281,-1.5014184905286665,0.4600469056590995,-1.1947270173588609,-0.2663070863491135,-0.7248346428005945,-1.207207514685006,-2.304178841980907,-0.3451479689105273,0.7394949697629801,0.25296003743084167,-1.0578798468707247,0.054698765475309045,-0.8608800599896398,-1.0230246889273944,1.4927398706463826,0.16403866338469866,0.4973185913883838,-0.775178303687958,-1.5257735412089855,-0.5202971911502992,-0.30737014006996427,-0.3701634715728743,-0.6840408051019747,-1.644171906976346,-0.9185418258869797,-0.5301685403654992,-1.003796664774766,-1.1504587828640045,0.46767980195677716,-0.42320098174883763,0.0,INT
596,1,2,-0.4153604990402045,0.9916038576844838,0,1,0,1,0,0,0,1.0773690183337066,1.027163745336071,0.10586821303137382,1.4755221445318971,1.4003174827343996,0.8100411278385653,1.332921720459727,0.8268108787912718,0.9576492402090331,1.0378342895391213,1.0901384993475816,0.4489426411254365,1.3847359992517438,1.0250572593949594,0.8469064361894736,1.3099464550517466,0.8388488717856766,0.9432324417923422,0.7838723552177636,1.1677531649255715,0.05492806104437669,0.8176530095768505,1.3341524017880622,0.12348263203189482,0.2536042820898056,1.43168906561749,0.0305806196230502,0.9557014735154262,1.503310538336722,0.6959981991710806,0.18561228200955135,0.039922159643243894,-0.11541665120425944,0.03442138942589791,0.42850900533193453,-0.14873292136337748,0.7486942312518458,1.1800309068744093,-0.19022043995111299,0.6117235563597659,0.9953481838265604,-0.2857675759535852,0.09598346434136798,0.3043446828239181,-0.04863979255152231,0.9069168393519408,0.33222861625632866,0.8920558076914007,-0.1328448544250722,0.2204027507145408,-0.1599502373800141,-0.18719234433043946,-0.571486366904061,-0.10089311118044615,0.7036781845196111,-0.5631410522303795,-0.4230459007328411,0.14144592037471926,0.3428046045720019,0.3981302561684278,1.291123641921612,0.3073416979023097,-0.027165280653534397,-0.3450114606953853,1.4785725893799215,-1024.0,1.7155479867821632,-0.10305118291054331,0.35207994978701984,-0.6483685599271048,0.37374028480023913,0.14438188382106312,0.006483623177341413,-0.7667341872751957,0.692164976180423,0.20741840918041463,-0.10524443912314357,-0.575003073174708,0.014443108935517314,0.004541572830443135,-0.6317873045825546,-0.2264972252244987,0.02449547145212203,0.4539124107262168,0.05920527005174941,0.007267436485303013,-0.25212629162724565,0.06140117101075428,0.5753132768364478,-0.37331461928673065,0.06292356562194842,0.09527847977525984,-0.6624847125928217,-0.31885005149923634,-0.2560855936542003,0.07774354803369465,1.421222433306368,1.4620663810373737,0.4296500389020675,0.06932141847258094,-0.4445890431759206,-0.4811118875952343,0.19711941630393848,0.4840710078178391,0.5625339107286307,-0.39012837971677955,0.1861061673023346,0.27070321373534123,-0.3635954095748502,-0.048929548592076676,0.7326341106505224,-0.1218972476723368,0.10873665506584428,-0.0203778812224553,-0.23590756740760027,-0.037102841451794995,0.17726298513882977,0.46934090915191456,-0.43833672740067203,0.18376490385490948,-0.15043228783302567,-0.2353924674978118,0.38553983082892807,0.0030241123862899733,0.7555432587428047,-0.4408824167266351,0.35964996276183847,0.2226086477802228,0.0,INT
598,1,1,-0.20970165004120173,-0.4454610825285248,0,1,0,0,0,0,0,1.5105280731837918,1.461987582269251,0.08038507090368828,1.4364367467008774,1.3353065476276522,0.9805795223514768,1.2594877581117985,1.3130043188909184,1.33746685931745,1.0041535945614848,0.5798034115013551,1.1482117476397427,1.2775654528804734,0.967380525921764,1.8290765451202222,0.7700417364814365,0.842594250594474,0.96511144145493,1.4201673512752142,1.1787018772262405,0.05456757581125462,1.511826969085717,0.8806781693272935,1.3143500487633615,-0.5788532133579427,1.062162997168639,-0.8476077078646751,1.4113782473073189,1.1680427813067973,1.6789301516444946,-0.7448449958515423,0.5765013948788873,0.6343896281469225,-1.019174009932689,-0.3778073777543902,0.3526722139162878,1.7499973449179442,1.566040994241668,-0.5109717300872444,0.9832590221943491,1.4873019734151336,-0.4279558537656755,-0.2557358833398108,0.7686456669527161,-1.349106008391644,1.8190701842565866,-0.13976671403762797,0.8675656114879038,-1.4452659221515873,-0.8303919330755825,-0.25227335008509055,0.11405864180582663,1.3893431939488452,0.9454353390059945,0.9911795909400958,-0.21012756856782805,0.2650669864662336,-0.3216379893043848,-0.8806879519811343,1.2935514988486598,1.098980556674804,-0.6501229791232405,0.1977176162382411,-0.5423508229616761,1.1293754732903898,-1024.0,0.9539233543508981,-1.3338159342527842,1.7983980391743197,0.569734382364165,0.8348606993519428,0.1608408857014504,0.006483623177341413,-0.3170648852612802,-1.3598968831462321,0.5735015242587064,0.7151888310031137,0.9428942335718071,-0.019396246640289373,0.17952860883250654,0.18044751683463167,0.4841779825699317,0.17786198862876249,0.3630075764773671,0.6663895294444493,0.31670577677581163,1.0238919083275966,0.06140117101075428,1.369077159971831,-0.328586429318336,0.18897573080711627,1.4359875909083595,1.1535527984604779,-0.22356887992116506,0.4537347664375849,1.3671453201688748,1.0460345467913548,1.431384864199489,1.3363863435164323,0.10848528342891546,0.2923301447397239,-0.12705933071398653,0.37551136217213577,0.9129731632601218,0.8960574583723423,-0.08386096788161493,-1.0644954582681136,0.19400589540739593,1.9881874861630173,0.20031616734962557,1.4382694891228902,0.4260927896411741,-1.2721406365759746,0.18268706510701993,-0.7681872211268889,0.6714601558174292,1.1396989384200518,0.7110436767463204,0.434030107784287,0.6289657154231156,0.8769590334926896,0.5246125388081789,0.7210685841407322,0.7548140372797876,1.0502282151891191,0.12656651734594304,-1.227686949918915,0.25994485223091995,0.0,INT
599,1,2,0.328410191151328,0.37232178832524493,0,1,0,0,1,0,0,1.3197863490136879,1.3798633021415736,-0.4640110553333496,0.9003250535280732,0.9279176337410436,1.0502079759746539,0.7010294162404406,1.555502021134348,1.513229175275025,0.7473019529128948,0.6335335757882797,0.36568876941055944,0.7894154194313112,0.8127143565072663,1.813970711272441,0.7011361755121499,0.5604525586488179,0.570373866936086,1.5168304309521925,1.5986450397862513,0.05570869744940024,1.9155565131332748,1.6258345141194717,1.994784889312347,-1.3575699540978916,0.6842258248040561,-0.7918987170160683,1.5985963416867395,0.6670651403317143,1.8726197750162181,-1.772604040499111,0.5896615088646047,0.6693606616645427,-0.7579891175843471,-1.4896599678980742,0.02265729709086616,1.67024439364012,1.4583766703344674,-0.5821973370010582,1.150059199449175,1.2943325104815602,-1.553206722632092,-0.5482121514413268,0.5757503103110734,-1.785267196898541,1.1051221133118838,-0.8028097951405426,1.441101352967756,-1.528174832531056,-2.035881111974005,-1.439475318111428,-0.36958803199729123,0.1345766311090637,-0.2949371429606419,0.24487955876515696,-0.6024763605539918,-0.7371389414388683,-0.3030007178046233,-1.8041735948879187,0.9672429031913837,1.570616303570579,-0.9245924245187612,0.2475800690265692,-0.9593919990196867,0.7925241030528275,-1024.0,0.2998640573385543,-1.7993745678561623,1.706718519729423,-0.4105594492900354,1.158391081359616,0.1608408857014504,0.006483623177341413,-1.214833686445279,-1.8852793628694957,0.48984369837917896,-0.01924158974786817,0.6899974540649532,-0.003737060129108024,-1.3285692423552922,-0.9150966763804557,-0.08931735268817245,0.5036102507632897,-0.47767041482312583,0.550654161695458,0.17932184938389686,1.1454372432330961,0.06140117101075428,0.1371319899656848,-0.3772346884336408,0.13178188053243808,0.7082824740674301,0.03625629787719765,-0.5106558517290555,-0.38724043714489675,2.1848409861913964,0.20738311367778306,0.8714701495069185,1.8439375688343578,-0.7144127524555617,-0.43346886779482735,-1.3983651964815322,0.30932676446447227,3.1032043544082883,0.12778745266937097,-0.06640065319351546,-2.266272098928598,-0.043916401138530625,2.3493022301708644,0.06030351898354225,1.972835496545373,0.4703451104939548,-1.5074864037554245,0.223990533002469,-1.93910680729303,0.046863331761437275,0.8818323362916585,0.5656315724748174,-0.4652072914686695,0.6146559531810907,0.4012032352266639,-0.13761249313199544,0.8037338415944373,-0.17273653939155315,0.8716126387791068,-0.4440601367074577,-1.5597558636290854,0.25994485223091995,0.0,INT
600,0,2,0.37307995034653374,0.40601688967385313,0,1,0,0,0,0,1,1.3217278595788196,1.5202512852608063,0.45773267945869367,1.389156383724468,1.6087546668743364,0.8648065490907408,0.6735128217509333,1.312448312458777,1.0781550869320675,0.9582393373834952,0.8286260029237987,0.9251618730409725,0.9282639714380607,1.1915406363919177,1.6573126943962362,0.7654640626463761,1.0642191234240657,0.9508568294989288,1.2227192912873426,0.8790656739449458,0.053469838854884925,1.441146530532625,0.6750721784979564,1.7401509669951205,-0.2454586521844673,1.5080318022903658,-0.7154807572368739,1.191123296462743,1.3055905808063653,1.579799840474664,0.7836549095255284,0.6005463959894283,0.5950268794199752,-0.5747712141480641,-0.0851948730773445,0.024162452609993928,1.9023567515572293,1.3234685687209284,-0.246986687270155,0.9808209831071623,1.2290622143024406,-0.6666437509635452,0.10555089572359803,1.0462522158595198,-0.6335186846161972,1.2755733342132602,-0.9778059359340089,0.9297783765869375,-1.2613782093108137,1.0183181802157804,-0.6001258669329188,0.2170988282114023,1.3725556019454284,1.0526794139257811,1.0979702571698038,-0.3215208421872311,-0.11219098491449345,0.056269362618329016,-1.7026914460053275,1.4687879668163808,0.9747310354106057,-0.5330759801678505,-0.13828204136633437,-0.1411226711790657,1.0162802209471535,-1024.0,1.1468264189622548,-0.56014891733393,2.0050141884558026,0.4727886559679087,0.8365402317430746,0.1608408857014504,0.006483623177341413,-0.2841240639747721,-1.3926277771615048,0.5874008322866036,0.7118056806232632,0.5902623765567032,-0.011292750623266823,-0.6197948825315822,-0.42596138787474647,0.320204089796042,0.07556769861210115,0.2681741149125864,0.9946855872647089,0.30792921125545003,0.9911806186818769,0.06140117101075428,1.1994778954809222,-0.3274484238600388,0.20734941425424266,1.5111710540734282,1.1433785223004898,0.016354313249464705,0.4487081151958828,1.8217657063932602,0.8555130867069872,1.0318753116311135,1.292700125187591,0.3184236131948949,0.08108515523550631,-0.3014298082758733,0.3808402602656656,0.9970405160617389,1.0045804202193962,0.6388329687791229,-0.36001630190393463,0.09979936306925813,0.963163198666122,0.25428863953384784,1.0841456093512711,0.3846812389009185,-1.1506367154715018,-0.13092025957227557,-1.2149577039476391,0.7233409697808596,1.3449176633178241,0.6807816355506512,0.07943956853966852,0.826729918996033,0.012094691948027082,0.5242813428963895,0.6843805182994573,0.09405203717645035,1.002785781528124,0.12641148335053862,-0.9558259525012635,0.25994485223091995,0.0,INT
603,1,1,-0.1948859291090822,1.3654281248943545,0,1,0,1,0,1,1,-0.6594267672183638,-0.5838824754869566,0.33196720185944095,-0.8385489118478255,-0.7337612712461824,0.09098285969896734,-0.5598374187670122,-0.6209321800261021,-0.45937475666781125,-0.4620765298984277,-0.4511892923940985,-0.39227693439665023,-0.502262175605191,-0.39005137780532295,-0.5075532935256801,-0.6129007044995707,-0.2751586084088289,-0.37819019841660434,-0.5820209957638546,-0.4617997194001576,0.05414438138776258,-0.06190929384402458,-0.5072167352656791,0.37806600730342244,0.4837192281299659,-0.6784685863519015,0.3255261389665328,-0.4090881101151756,-0.7800937955023924,-0.9472550445968719,0.5592952755420465,0.30287357806043463,0.06519465085099771,0.153039453189586,0.4898922432323898,0.05911966019481511,0.07082471265711522,-0.6232550356808759,0.7467776183433941,0.7484094770479905,-0.6848570502901247,1.0506913740358963,0.41511786311232524,0.06896975930398458,0.5016570155678614,-0.7688923323374622,0.42120963129033556,0.00888502610871312,0.4220456401892132,0.5581773522404756,0.7444625369718543,0.39783874967291194,0.15731958090620007,-0.10806807482984931,-0.36645788456824624,0.20176783949141575,0.6063333402227017,0.03647985021486565,0.7288409343353789,0.686853402265595,-0.7446210852537092,-0.10006829112507,-0.08438505530390038,0.7073640355277698,-0.4589806254218408,-1024.0,-0.7066156881089899,0.3972824464293621,-0.06974885019635264,0.12257983232430854,0.6094967256086666,-0.026379201719553245,0.006483623177341413,0.31207091508164597,0.777883904133291,0.5537167971769984,0.3224932654722187,0.030719223588206584,0.0016705459184157918,-0.1269773211387822,0.2145896615024184,0.5156460551189298,0.027363106502886793,0.24995725463371346,-0.0534380726979609,0.7207054417648104,0.15960639648187946,0.06140117101075428,-0.3760375566412747,-0.19648951674218726,0.18229293992763473,0.1959402803458066,-0.041783120074164834,0.1473126237780073,0.2952105786674347,0.296475815988283,-0.4331036955183863,-0.6636860167856158,-0.8431547426148029,0.482731160202163,-0.1389381348721769,0.731660953889467,0.3110423540578774,-0.5346008909926758,-0.4330318070610528,0.37634406420186584,0.5807116029816022,0.21846253490363274,-0.29139874425744866,0.19893726665064038,-0.8056178823232332,-0.30732373620520037,0.4934027150955908,-0.05901544631763569,0.4124600139929976,0.2540776912217332,0.5494637004013279,-0.21451443511620433,0.4162624845209491,-0.09441252300429324,-0.04607626696086225,0.1405899138625309,-0.08280749218064754,-0.32241421934375664,-0.6988604267904637,0.13729337803795455,-0.2652639650611473,-0.13044695349179564,0.0,INT
604,1,0,-0.2757176530937321,-0.025528867801799967,1,0,0,0,0,1,1,1.1353703541323854,1.2438599717954797,0.478388489447502,1.1104959800523209,1.2180296293059039,0.851558102849897,0.6796702647656312,1.0705657818195757,1.058051701547211,0.8139485121800101,0.8237732429406261,0.4467004360398396,0.8357606555805133,0.947069452728781,1.1806330785354653,0.8479713814035597,0.8369290781020134,0.7964066484533313,1.045785004290413,1.123487279171013,0.053221510668894016,1.645961626772764,1.1427606944280766,2.3776031564408817,-0.05100063655924693,1.151395575844886,-0.549646150365386,1.1861446369007593,1.0533056814108266,1.3213195804732027,0.5108814523289444,0.5239924679856335,0.29298925317458935,-0.44983449213359206,0.2043850485181767,-0.30964111905672287,1.002094582072159,1.163086509726208,-0.15329932592142956,1.2440559883977187,0.9961275223889664,-0.6351852782801248,0.2625733115773893,0.392594568678517,-0.7195703149175616,0.8749719246250262,-0.566758038799381,1.2573870687080078,-0.96760911923463,0.8206727924055524,-0.199980649673657,0.1012447655702329,0.08628536560414471,0.2214893977214555,0.8383294743929859,-0.5200800430715125,-0.37945476354529173,-0.3022791398985627,-1.0654102470172877,0.7822280555861649,1.2881204293593969,-0.7009739352424682,-0.10499743203569976,-0.20645710906977008,1.0530019509021835,-1024.0,0.7429134265438077,-0.640896937838342,0.6199738109183609,-0.21030714913607373,1.2126557795705892,0.1608408857014504,0.006483623177341413,-0.7138990974454092,-1.3243326694734663,0.6048362975392341,-0.059106730828243845,0.19714259878657184,-0.009896077271273314,-0.8302915407221372,-0.7964421585846021,0.124036677546234,0.06351688953788565,-0.005154016302463198,0.26029728464551893,0.5544154369669875,0.8032473576050074,0.06140117101075428,0.6049440288995481,-0.3676467087824257,0.1660325766585142,-0.010721278179537216,-0.04034781254014032,-0.03042712470572305,-0.3904474706687384,2.5653684974106388,0.24687314779505856,0.9197708225420522,1.0970156462055067,-0.48302698145150347,-0.43436926501754275,-0.9034080349110337,0.4008549180526048,1.8299194073207106,0.7701002190557675,0.28374814168814655,-0.11881546178710276,0.14357413544846198,0.7207428715601477,0.14544621833379037,1.409078241890757,0.34168133685500734,-1.1400607807964795,-0.11842551959842751,-1.1749906901098173,0.2629734539971464,0.6570184459522074,0.39792217852017403,0.04426009977242634,0.13607829546387443,0.08080534768708797,-0.194129188420366,0.6537983306287508,0.09461996314015339,0.5280202091641768,-0.44129854111575334,-0.7981433055524103,0.25994485223091995,0.0,INT
605,0,0,-0.3437722183463035,0.3676239938214407,1,0,0,1,0,0,0,1.8616692507489152,1.6836078337598266,-0.4672339493807175,1.6550095752044522,1.3773673047330082,1.1866245948885232,1.2408757463063282,2.0755729187194407,1.8027700956281332,0.5571326814971391,1.216973565943057,0.17687647797946315,1.0762252726153176,0.3214658596448578,1.944162963621101,1.6296545622849707,0.445455557076638,0.7000965408831803,1.940791930895551,1.9513975810499504,0.05576423561036296,2.320318200857525,2.4386286973473257,2.9060517374554005,-1.5474662886121733,0.951458665127736,-1.0758640455840671,2.232839026182624,1.229107410729845,2.3170555848033056,-1.3593986382772945,0.6654126837381371,0.6634215780705013,-0.37437862925588444,-1.6753155727688516,-0.4556853395953647,1.507982461883124,1.9149358342725225,-1.7388500966217468,1.061284671716986,1.7361560673339083,-1.6573674286105522,-0.2491284193468215,0.9593402416530773,-1.7347213229513103,1.556693071406191,-0.4830716915929183,1.5188411430824302,-1.8691935610693464,-1.8171892016511138,-1.418073447201504,-0.7515102462773989,-0.4824585953337842,-0.4946697770657667,0.26519048944251244,-0.6153787734233066,-0.6755149150603825,-0.16062737340191424,-1.7855470352455316,0.42963866403237666,2.299661177097638,-1.2000948172766148,0.22564289560149364,-1.4136610226144022,1.4456767739916545,-1024.0,1.0345443895534503,-1.7988878696255413,1.5646010049670012,-0.90607340632764,1.1502879179309236,0.1608408857014504,0.006483623177341413,-1.851264576183382,-1.855962090654481,0.5686962520747415,-0.005506590323437761,0.6236697683503659,-0.014101534381371957,-0.30918011527958644,-1.5626024693648815,-0.37539418804210684,0.5228889799564554,-0.6008596446548637,1.087138664069135,-0.10241536429375006,1.3118410689481848,0.06140117101075428,-0.10206085855575112,-0.37798328894689454,0.15409659259854025,0.3717468005670195,-0.5123061226312926,-0.2629600363042495,-0.06971477568568518,3.1640126048617376,1.0500289134109257,1.2030840216484744,2.2474033350202904,-0.792369111539923,-0.7122712670079553,-1.4556646316575799,0.3700682908270227,3.941373182530106,0.23460610502479104,0.4196556051833593,-2.4036390772699194,0.3182354248270287,2.4399800656353063,0.11622207448481928,2.452949669486014,0.7286843682904588,-1.3981487025145216,0.21744088981917942,-2.3262452064405217,-0.4642375144431225,0.3765404805273411,0.5054398261570453,-0.36903479470042855,0.5584448677473705,0.39572368191771734,-0.11738047648495642,0.8148725380367472,1.2917646098130908,0.7999210727508949,-0.44399064234796964,-1.8106836401321635,0.25994485223091995,0.0,INT
606,0,1,-0.169195673803423,-0.21458021956622522,0,1,0,1,1,0,0,0.6006566877157422,0.5336106962701458,0.364304117959118,0.5757104633933364,0.47558701840066847,0.5537501607656894,0.4885715579264031,0.7527020627945858,0.38709210819537393,0.307492556327581,0.19327867476569088,-0.17174998621074644,0.43544180205225097,0.2331513722723361,0.888169765382762,0.31703672337026345,0.019131867497714623,0.10889334531730974,0.5797572269881828,0.765170568753411,0.05371367955945299,1.0787472311493043,1.0515275137454825,1.7101588186648844,0.15753878681962147,0.49249366849438303,-0.08255759182449214,0.7730650839045093,0.587089367731684,0.6006701503954933,0.4795415795736921,0.4902461461058221,0.16632158463267568,-0.35843186039583297,0.17552300957112454,-0.23942899592509334,1.2090579408593742,0.6381187897721513,-0.29063735517919,0.9262947769040765,0.4148178944038834,-0.49723176591185225,0.33052890485561764,0.5641520156060711,-0.21750145994470077,0.36858730205058254,0.28847367395791323,0.9133988910447547,-0.2982730058295996,0.6916358792369006,-0.9226424347633743,-0.30459228324986865,-0.6291237864731921,-0.5054903441306267,0.4082572269939072,-0.582433547114603,-0.33038051584522393,-0.19248325780919673,-0.0006317408746784839,0.539841861082366,0.7806880611801321,-0.009932053521345355,-0.07955563518648145,-0.6967372518115081,0.3816256245135098,-1024.0,0.568633662844478,-0.14668277640713998,1.017324385282307,-0.6276473294539275,0.7929884500974378,0.15518302961901898,-0.0015835209962976578,-1.039643163671002,-0.47619280470639697,0.6030284133386538,-0.11037683064412603,0.09478726380664589,-0.0005324831374209629,-0.3564035650302324,-0.4949102703121173,-0.424929772842937,0.04234608891198115,-0.5531150603625975,0.40523882542170486,0.1621237674536414,0.6396030894389574,0.061928786519933984,-0.24034160913637212,-0.37524015205632394,0.1844201268352909,0.48541973776832015,-0.7076386325044461,0.03553610099254125,-0.243700620454639,1.8111453008171312,0.3684520148882299,0.3659373308974036,0.6682112272846816,-0.13220128952814483,-0.43894965755805243,-0.7732101845868953,0.3929677434885484,0.8191766780994906,0.2701800460104299,0.39929879806865076,0.021215254110589436,0.3054537285454041,0.23346732557087516,0.19807760927781337,0.5371977925972454,0.1439319600499061,-0.767638802575357,-0.08180431707154268,-0.5734645875990483,-0.36831194105336973,0.41383135770700247,0.44055117113266445,0.18357592832679165,0.2124270335665406,-0.04175413262696551,-0.24154015161036552,0.5120310371854766,-0.03765964933890445,0.536856178704908,-0.443710963460184,0.0323820404909357,0.25868636696977476,0.0,INT
607,1,1,0.3167340265701103,0.6223485723591542,0,1,0,0,0,0,1,-0.8746987578839865,-0.7165450762162291,0.09785723143593143,-1.0388923754346562,-0.8242914074205537,-0.005436935653661034,-0.5459469814935485,-0.5534644667883764,-0.6718508176967343,-0.05111396311814658,-0.4531403544840999,0.08881951084762127,-0.37207742910409036,0.15910507179040845,-0.7643790718607848,-0.7160923638419876,0.16447194398614312,-0.020466670745747456,-0.8164355633132994,-0.8500845719724053,0.05476789811542601,-0.48259507627049414,-1.2319552954642874,-0.25792734234382614,0.3796627460140761,-0.8057638411366572,0.5694537646976703,-0.8422592454559141,-1.010067117509015,-1.1370505982922747,0.297594548142509,0.28136011305342085,0.2177003044954799,0.34727850419746575,0.14425852252918184,0.3379635658021267,-0.5787005959455748,-0.9419663565575095,1.4040553224695043,0.41251184578496364,-0.7459503837678317,1.62741600626392,0.3669058963459727,0.644380933094388,0.5550873787529943,-0.9919223924336388,0.9009036305334991,-0.47465732461357457,0.620902181747649,0.07433946990955781,1.312397982958484,0.9100770159208768,1.0372570794755,0.053034123459345835,0.20531678630676076,1.3575087860677388,1.1456222168003527,0.25522197943456476,1.2775375280232357,0.4514125831877744,-1.5445537196332095,0.7132884647276551,0.0419452981807886,1.5558327116284563,-0.589980981596392,-3024.0,-1.2541283635958722,0.27296504540265304,-0.7089690183619489,0.9925214601244977,0.2541913061899305,0.049119780335088514,0.006483623177341413,1.1872034305140526,0.7321884141049146,0.4620247369016002,1.1875481404320154,0.2054616897373586,0.09020250113452423,0.3824574747666204,0.40354226464281706,0.9416042560642524,0.028620397153086202,0.6954962249390778,0.5645988050670376,0.559592344685524,0.19203821081090403,0.06140117101075428,-0.43631962147344855,0.8440225707399134,0.17165595005700646,-0.3560745027198364,0.7962254003570053,0.0047917811362074665,0.8932923969739823,-0.44248814562825434,-1.2735906466976674,-0.46050390493676013,-0.823721488917605,0.18017962928057316,0.7703153093150373,1.2659293338077335,0.25376797929199,-0.7434620546613259,0.11746081650167217,0.46871840991236,0.3317477570031007,-3.690226871084756,-0.3455866908753493,0.20748768492314615,-0.8164013307105273,-0.36376755351220474,0.48784450620777636,0.06095354059959984,0.6124849506172547,0.6629417776530224,0.37653770207447096,0.09513839232089477,0.8855155807958034,0.08755210020457159,0.045010901046770684,0.9318164892719997,0.1384940466714641,0.042379992065527575,-0.15166515109077786,0.9629358240539877,0.4386506836674587,0.01808616028841998,0.0,INT
612,1,1,0.3225798408977691,-0.34489096057211893,0,0,1,1,0,0,0,0.4889522417419421,0.5887532546094747,0.25250959551130997,0.31309769339285526,0.42014139140163737,-2.0784832975759286,0.12123346499417988,0.7166909549115273,1.1250549119766784,0.6060149642180545,-0.16822010832273637,0.4645019904596935,0.2307793647470848,0.7441112382469697,0.7502345535251405,-0.26735295247560287,0.11227863886377461,0.0428653261637216,0.6069183565613276,0.6010769237748572,0.05412896119351282,1.1750362528645804,0.17482075377461534,1.9060179416194722,-0.28825771083228263,0.2919311965630714,-0.47001300242983707,0.5936664792317085,0.195396401092341,0.7694570142787654,0.13979764816974716,0.5690554205503283,0.2964775502995323,-1.1321339159943509,-0.2564128513236198,-0.32629296479341374,0.6665569858559258,0.5265529155585775,0.6955293370258759,1.4499421437161828,0.3922244295932418,0.1320902675370652,0.28005666739483165,0.9030545088429399,-0.7999260454405306,0.24134716093086345,-0.22192918052340763,0.8861094200378412,-0.6981710254256418,0.40042882404429897,-0.7877965469783181,0.6028490673009653,0.908759711885863,0.061266849137880997,0.10628639707308962,-0.011449991479132024,0.25075510948239815,-1.2377929578945126,-0.564845891437818,0.5549922020918591,0.6800473300656651,-1.309749005934328,0.002933852350862971,-0.564371501359765,-0.01961802385407007,-1024.0,-0.25257069558577017,-0.6799236882487515,0.07038348757395976,0.39452857574641376,1.3765569201865067,-0.021048831260042426,-0.1342396060672884,-0.45362915203603316,-1.4962068758098797,0.6475648278970045,-0.08313832825269973,0.29920350682955044,-0.009800447571435767,-1.3499058281843204,-0.5768659463992427,-0.42471748987408037,0.0981204522295272,-0.5467791462257836,0.7943507276417533,0.9486948083036121,1.0375873609018635,0.07045385249297126,0.46877478631067804,-0.35699151538446905,0.19752334867852653,-0.7322736029542264,0.7415683806910993,0.042560798363138204,0.4326679626445005,2.02922398297541,-0.5049384301278608,0.07585488135576231,0.3955801786012569,-1.1656348527105305,-0.43820866079179216,-0.0544008081354561,0.47858947852925476,0.6614534360730309,-0.18025351452498206,0.44955065431449603,-0.44436207861044347,-0.0004034741963489359,1.2061864245963592,0.2990657708163091,1.2065448770366163,-0.011127890836883135,-1.0246780751931555,-0.016901073955251675,-1.111183184661396,1.1083029344031665,0.3003732282668558,-0.0719888513001064,0.44722439475753795,-0.930769196392588,-0.2268289658640237,-0.21352470290879116,0.620229168187608,-0.6727911609047226,-0.586591523246693,-0.4427199686203866,-1.2351716692880672,0.05659431105452242,0.0,INT
613,0,1,0.05770526320526656,-0.012114756089161956,0,1,0,0,0,0,1,-0.018348416409667674,0.03386134203123499,0.38634369994227086,0.10611264333383862,0.17682322783419469,0.3425185416751705,0.20862761440059627,-0.1508217571018708,-0.01937553462435361,0.24180384360979032,0.5919254673390448,0.014583632957677756,0.3017744839517231,0.3213163090034661,-0.33049135728941875,0.5930930732221197,0.3091636992113435,0.26306562856652554,-0.3039295327202672,-0.15052927674712696,0.05427874740519057,-0.08050908696860586,-0.19757032381292272,0.32668584183230337,0.6821617746587767,0.18111831713118465,0.8534794808620254,-0.2018839858548917,0.11436260987236375,-0.7471093591617652,1.1677227317693424,0.32755129573745473,0.13899760290861135,1.1000044507960005,0.5643722850340118,0.15358225238224826,0.5644717114277935,-0.08488203364239964,0.8908804402228787,0.41344678353196446,-0.1211163312856985,0.5026743989024476,0.5855377677892282,0.23834555746711153,1.7071551867360393,-0.22349039914775898,0.4589700725571268,-0.3211073750684183,0.8835492099454382,1.3676470534925893,0.8382944510441241,0.6029603889117818,0.21728815532389398,0.3057827874681662,-0.01805157721970571,-0.06339452537734576,0.3898783483701938,1.4310726400865594,0.6951193158703318,0.45923730518184785,-0.3630941770086243,1.872031787769588,-0.07713602651226031,0.7649084473234182,0.34831499188034176,-1024.0,0.1938464037838548,1.7794982844653053,1.3972694349856227,0.12391967367549979,0.29938488234026756,0.1580108543737682,0.006483623177341413,0.2760570104219563,0.8646338329090948,0.64745727129299,0.3503163006259934,0.2979140780534052,0.05371951494144902,0.7758387026750982,0.5722262821616796,0.6464120539142197,0.01988741711214372,0.7781634074167687,0.13690536881237575,0.520825876158387,0.1602534562129032,0.06140117101075428,0.2742792376393771,-0.19565037419504847,0.2576521273020558,1.9093193508118425,0.002101897905715049,0.4515905148115551,0.4121490351798342,0.19886490808818585,0.23702876347525578,0.3026242624044331,-0.3932852379345601,1.8062623188134876,0.08625081950080758,0.5641824903844125,0.1992927173514412,-0.2683652921000204,-0.09181626045827836,0.9757296434020684,1.0865269452919255,0.14579108721788767,-0.4879773333014096,0.47037216823816186,-0.8607271194782684,0.7638152927645291,1.4845011299974407,-0.1522790298695532,1.599253393489028,0.78752362679924,0.3512877642484162,0.5387533355354792,0.16159455389924948,1.319672775053219,1.0806315212994944,0.16045086098002936,-0.08751169903220532,0.18887333071428153,1.0246714868601696,0.13022891477329426,1.563680724701401,0.2534824214128262,0.0,INT
620,1,0,-0.07107259058743981,-0.7211377529635763,0,1,0,0,0,0,0,1.5322092304663981,1.6026484401234786,-0.0014799322714778432,1.4495331719781288,1.497261018624308,0.9608488396788928,1.0944493385342322,1.6716426036170424,1.2885663291851004,0.8939281718094315,1.2425367029820733,0.6832694922292568,1.2354064520835604,0.973079072370457,1.72289385274079,1.3706344544987228,0.881823508786688,0.8951399810409143,1.5365654564551514,1.5022072695621884,0.05484724687163764,1.8821968112466607,1.6202788421114813,1.4755503055319572,-0.7148942690300814,1.4221711330732247,-0.5364371235221476,1.6874819468838214,1.381179231551308,1.9206225070995815,-0.6763814634218208,0.5077550562219029,0.5523465507228957,-0.39993981266375983,-0.7007732878019945,0.09698270631035628,1.3969273157384476,1.6698089593689527,-0.7341106465785386,1.108498296947144,1.5327574304572393,-1.0717078879111424,-0.3203430505062279,0.9967339556844724,-1.3606104793651115,1.2664498961018904,-0.6121845323926635,1.4146124351982876,-1.1956350443378319,-0.661349987074492,-1.1436469326567058,-0.20439285304638888,0.1315148424464369,0.3713087759022911,0.760477608857615,-0.5980604075556073,-0.34309182989313414,-0.1778547664979875,-1.4917825980882125,1.1776428757238853,1.7728847190516546,-0.8834104474701787,0.13590683154272667,-0.8295497828621985,1.3414666105698552,-1024.0,1.2848514052628772,-1.3782848911770365,1.2366102060117512,-0.4094772285323579,1.1078476998376687,0.1561069313246263,0.006483623177341413,-1.0058508947701255,-1.54144206348667,0.45457277812685054,-0.015933666528901654,0.3370492213938789,-0.012649211440752976,-0.8988097846575145,-0.8498701300196998,-0.06661949819892445,0.16004142938533072,-0.24242069567416943,1.0311423412972112,0.18242011937234903,0.8945957046053928,0.06140117101075428,0.6550221192805721,-0.37606280235327944,0.1139125962152066,0.3641180127312087,0.04003926744136562,-0.5471348976754251,0.19906851198771797,1.6068545733834847,0.7133646963795762,1.351196384800653,1.9054425814987348,-0.6106483884007339,-0.43355481113428046,-0.8673498102881501,0.2888963515064216,2.8466803671435823,0.6953952260682227,0.0515346647944089,-1.2949213629851284,0.18748105257093628,1.5426166687599971,0.027192068918343932,2.0647329880601304,0.6223252090561906,-1.4652466971476932,0.12190679537543302,-1.7085087610140426,0.3017326704653393,1.1045117433425211,0.29079538984835973,-0.2492429134156127,0.4022709665642919,0.20748555065779437,-0.13459393292545102,0.7832984510695558,0.14232333379245288,0.5199926238800668,-0.443798323680539,-1.1003722620227783,0.24914476856565934,0.0,INT
621,1,1,0.07573613726807386,0.1800254976275784,0,1,0,0,0,0,1,0.8035582209144239,0.7464100226012662,0.5435237809111864,1.1456080582233585,1.0663784047227742,0.5178818137945915,1.1754665670336484,0.2529629492143924,0.2956573904329794,0.9430971502657886,0.8796813874369662,0.4580477200538901,1.2141238083798058,0.9283104706720777,0.2944101749109941,1.0716230535368836,0.7317499196917887,0.829039939350342,0.3057351661555546,0.566214720233669,0.05347031837495261,0.5189996130684746,0.39369853659732296,0.9753252359863243,0.6621452391579441,1.0398748124011292,0.4111327331531583,0.34448348955904257,1.11679337776757,-0.004962211062185046,1.4921838129423433,0.3856961741377499,-0.038069600176197184,0.41966746732111265,0.6956922840493627,-0.16139009332770154,0.33780000101613045,0.7308777744213432,0.47636419603544494,0.8113779104672991,0.6272550555205675,0.4047313670022284,0.5061429449921228,0.07736049552378431,1.6892163047263862,0.5179085357408112,0.9204987118671842,0.20461206312223926,0.40783147682001536,1.6728216068271455,0.15540404670538202,0.41859228487189354,0.49716779100556924,0.39629195311641896,0.583294761242382,-0.3495225344314597,0.1174863967369309,0.6029114815326038,1.0718274384605855,0.7820314402232732,0.6813463637105869,0.47684455182597896,-0.31842974307066235,0.289308303280551,1.1629478176236263,-1024.0,1.3227601305751915,1.6805154660692132,0.18135968108608988,-0.2447418636872349,0.6263231598232426,0.11479041485033759,0.006483623177341413,-0.27995346891347206,0.8559662837435739,0.64745727129299,-0.22706486979360743,-0.05125224630944302,0.05285815540676013,0.6237109333661536,0.03177544964856976,0.3018396202693891,0.018890832793655055,0.17718114258324175,-0.18217039548573966,0.6216082334067575,0.1938466335588691,0.06140117101075428,0.8730844058904724,-0.353777689194899,0.2472027059298907,0.3791662652381584,0.2560566045999075,0.4343912772664256,-0.11852765442772947,0.9521049305700956,1.2966187936895268,1.147123122422554,-0.3688769559469766,0.5403988239017148,-0.14530229079104937,0.09698558549276225,0.393358540840182,-0.1786127473615794,0.4487705528626768,0.7105037013963167,1.0048421233152962,0.16021612795451365,-0.5519159655076028,0.4172217549767927,-0.3194411004766919,0.37285930429690983,1.2786538762297228,-0.279996896860237,0.7320505518878933,0.4332065099537227,0.5885266028673237,0.08187683951694598,0.18679243772350063,0.48556277674945514,0.38089614159857677,-0.3720397098643152,0.14461175657297687,0.3395939371635263,0.059903296796978776,-0.4408808989270612,0.6104873857556964,0.15698024670522379,0.0,INT
626,1,2,-0.2358712514346157,-0.37917827846473656,0,1,0,0,0,0,0,-0.8952280764424229,-0.7539679611072986,0.2701979920159583,-1.0931356369975267,-0.9005199468692101,-0.06038716686654515,-0.6882228382117701,-1.0161521042429147,-0.8886237067027448,-0.5261134524342465,-0.3248673462166698,-0.5436590112453684,-0.5528973400694771,-0.37741535395849013,-1.0048274565986006,-0.5578307295061843,-0.13155711556505456,-0.30485053688351876,-0.8054005622006446,-0.6625615023256,0.05495123643813443,-0.2595920224679554,-0.7402744633898903,0.20514129101293035,0.5949285658406461,-0.8061541738479233,0.6901755394061835,-0.7961446703395714,-0.9922180987466455,-1.3452607380938728,0.4295609214013562,0.14578869067782202,-0.04679407164613694,0.7047265233371064,0.5781341625704912,0.1007351120883255,-0.5135888830308409,-0.8813364684441846,0.710080799568567,-0.5352772867602388,-0.926666299792863,1.2547654910895552,0.39928478802068157,-0.5351466141434709,0.6799757145640241,-1.0621361218629257,0.3251300947160507,-0.30714966076845485,0.8103453193239255,0.6461796722323907,1.102193587231496,0.06160787159777924,0.07824046288986426,-0.29802271346164844,-0.30958780907334504,0.049964235306535806,0.6637912973081072,0.40054806764258266,0.8486521776919278,0.32544832002323176,-0.8224822097535759,0.5010630372647471,0.023590435085527446,1.1372108841549609,-0.5494888265836713,-1024.0,-1.1303409881933357,0.8186117973976178,-0.45277444872244604,-0.005106328334005548,-0.7213183698329683,0.061707113231042186,0.006483623177341413,0.440808007635942,0.8242129215659204,0.43898772912850936,-0.4744045053512146,0.046542170712740936,0.06666492359811121,-0.06292005496865122,0.45659786987811485,0.4838404607433738,0.02402932854546873,0.6298888193407978,-0.6169225812501313,-0.3538512987305669,-0.12896530117508453,0.06140117101075428,-0.5055676986074793,-0.11817893335796396,0.19845514059683111,-0.058012437990246246,-0.11255320162684723,0.2373655410139503,-0.13861106584684638,0.10580841203850058,-1.1251031500437068,-0.7250360952667663,-1.0054913363688598,0.5690727799037603,-0.12767285603504702,0.5473590318921546,0.13210659083974474,-0.6958571038061699,-0.2881916269517829,0.45330449618503516,0.8759874179645815,0.22909985877948286,-0.39781298952527694,0.24128871352990794,-0.8529714665266794,-0.27340067193682466,0.8210088245360425,-0.02660122059141994,0.987373007494503,0.008959747648762454,0.2957494617605157,0.027192330141370437,0.5473719434111072,0.039303405927856874,0.2706087681198847,-0.6065999748422738,-0.08870353941586522,-0.47874316707206627,-0.15841263011380874,-0.4214271592576322,0.6500697344835823,0.043997803639745925,0.0,INT
628,1,0,0.060994594709875234,-0.47747779510122235,0,1,0,0,0,0,0,0.3839211643996717,0.3983454314626258,0.21639831363285192,0.25789038155128663,0.2619297897278703,0.6324265409616003,0.3247405398181197,0.729883130003264,0.6696332813790654,0.030621931179145936,0.3700029297483283,-0.1730468954433429,0.36284458479766135,0.028883270429513167,0.7011943462934007,0.41142778801425406,0.05648687730981703,0.061083981417261075,0.3477108891675334,0.6781437658745457,0.05418195446140865,1.159785003102565,0.7021259464889285,1.7332182846898088,0.04792698763504996,0.22567774594554077,0.041039477828506796,0.6587617175699853,0.223325438643918,0.37940477130724787,0.08715725646039997,0.5205907514638596,0.09162675676004879,-0.002537934116406913,-0.09747448941405952,-0.3914556783448158,1.1676213773201136,0.43526836403083985,-0.514177649480343,0.6355275683148403,0.1885580984086127,0.1538738159344278,0.38068601431559995,1.2264605130003732,-0.3692205281015651,0.04874399857839577,0.39063918453040225,1.0544754131171594,-0.11655923289563945,0.06403727666866978,0.012942938068982262,-0.42452799925776147,0.07731898894219763,-0.3759544408067336,0.7815418546195221,-0.5208363467987345,0.25307238626500544,0.08966230272391018,0.24347749223797,0.49763208994525526,0.5882095130597761,-0.22701197560789332,-0.002590572632638794,-0.4328598452754834,0.3986093089198698,-1024.0,0.04324195597042188,-0.4723264610461165,0.9074360176828431,-0.42665438264448435,0.41959613789574096,-0.015258755582901459,0.006483623177341413,-0.7026000641993865,-1.4822232793686567,0.5962663514062445,-0.08324256242628138,-0.13514460923460547,0.014436333853528608,-0.1039143863437028,-0.7719663943520199,-0.16104421545015343,0.05407949677201137,0.020288413504984892,1.214223271991292,-0.12985109540726386,0.7448860010625498,0.06140117101075428,-0.09718729847289678,-0.36726358033670164,0.1660325766585142,0.432383085336431,-0.07896440197947778,0.013906058738660456,0.7384218235090819,1.842020740650388,-0.3518538654095728,0.3609322630171246,0.5985209764337406,0.1335645006909926,-0.4406692106263858,0.15350596904905955,0.3999212816738741,1.1441968324423872,0.6775891351200539,0.24022693002559747,-0.2506499071957923,0.2590252844378531,0.3650183205813823,0.1588479783793679,0.2286151014699353,0.32750760682404734,-0.8274737727379037,0.019138739472308423,-0.41357776635071025,-0.28060941925559996,0.27484637159695124,-0.1481480085389854,0.425971216625343,0.24475406557990076,0.1777090698054029,-0.22979542153486124,0.5668515443434669,0.0809637768767272,-0.3710214217611591,-0.4427605833593487,-0.8530358097789591,-0.10929876086722631,1.0,INT
630,0,1,-0.1276297011834913,-0.17611254260903328,0,1,0,0,0,0,0,-0.08542781001281757,0.034066669387738016,0.26254943205588294,-0.21122453559132728,-0.06336854169687875,0.3871012005775186,-0.19958482316863504,0.1155055472496745,0.11750647153302306,-0.36998906941357435,0.2779884435744414,-0.6018455623706794,-0.07426729335963952,-0.2722591090609957,0.035267570441208915,0.1714004402259819,-0.12427859546888438,-0.24054242799666242,-0.06220877082441809,0.4612704768869879,0.0541072152655631,0.7428814802093104,0.3499174115376526,1.3737370939125448,0.30776212175755413,0.07876226832816162,0.3420681840061173,0.26768102188529125,-0.06561012378160777,-0.21144467806528877,0.2783824945941803,0.35839325415100615,0.03591928946338479,0.5028272658650291,0.2632707368215769,-0.1926416346539802,0.5410002358792803,-0.015951978572740177,-0.35232450295166934,0.42718952896030454,-0.2599847731628369,-0.5344600774496875,0.34229283436796143,0.0316055012568963,0.05681036382055884,-0.15055882187299935,-0.05126101942310918,0.26263198039065927,0.22536515420456257,0.6470366984489265,-0.4301931266085277,-0.13231116646106025,0.5550998569462002,-1.0066835094331084,0.4502571800679717,-0.5089106167505753,-0.6208006995379786,0.5488097255366243,0.026453898184534128,0.2509295555856921,0.15203836613990043,0.8154852710005832,-0.00847014088939643,-0.367417171378518,0.05636271218516008,-1024.0,-0.19612350237664458,0.25841787946515976,0.5873062339450749,-0.24668704115213003,0.18122836068815656,0.06901628647459597,-0.12313608660445088,-0.7316501223971441,0.671589493783217,0.5842350143278339,-0.20563797541826925,-0.0501245087760961,0.129137819929743,-0.36616340236938016,-0.2500754164224098,-0.29887045109896887,0.04069503172113045,-0.3011850160960194,-0.2620195052242471,-0.11753849599666723,0.40480412773090646,0.06975107710289033,-1.0009672441612512,-0.37398093300379276,0.15545253455621907,0.7375859476441035,0.31509819869706895,0.03271755695171176,-0.5813487276143803,1.4450528091696166,-0.12653690632455708,-0.1309215974322574,0.32028321468463133,0.6514258244760464,-0.4448238663782312,-0.6814272817899264,0.36628884063112066,-0.08193892843422863,0.3038072252592391,0.36774107054620364,0.3386852037164644,0.21561127137150107,0.09647192777906129,0.2045829846799665,-0.681902842191163,0.008266815635049168,0.08998315328568919,-0.08215333629263984,0.2900873895781631,0.3813368411852882,0.06100449279063189,0.45496649997488453,-0.27252045391110985,0.5310891570991715,0.21507686946553503,-0.3330037160295679,0.2543407011256238,-0.5711380706772408,0.5686704304501582,-0.4433053123742049,0.7452042686528165,0.23764564696031107,0.0,INT
632,0,0,0.2649107420194088,0.23355719912102826,0,1,0,1,0,1,0,0.7243404651484262,0.6308843642993318,0.5863571873623079,0.8331356287345976,0.7016272115857958,0.5978353456002602,0.6736834958745969,0.7027067239418702,0.4857659311794223,0.5166484849274957,0.2663597550615324,0.22301139115977434,0.6054145428521099,0.4271693724494839,0.7921632471420694,0.43258613565180726,0.2691974888592718,0.3917589194275426,0.6254534016110092,0.781696944377701,0.05290395867006478,1.150032131301121,0.70580619282206,1.9425470519200014,0.41354973328364525,0.7730189967263477,-0.08933976720152045,0.7208418213581893,0.8957651339422145,0.49347902810543004,1.1201569329709684,0.435164486194933,0.04765117504369593,-0.36626414944473845,0.6023809297055862,-0.36486712114161735,0.956701779216426,0.7116432174442149,-0.12784591304897647,0.7225361470785525,0.5195231497782946,0.015405972214446064,0.3950684275265986,0.7579165241982933,0.34544993691340187,0.43097738689522236,0.28290583294548577,0.9444552458157642,-0.25602142198714034,1.536381930428592,-0.4464310024094371,-0.13455199548281835,0.08273772486268305,-0.011724379424120687,0.5432597666897288,-0.43764255194653384,0.14531552921658297,-0.05983469048965335,0.1355165947523506,0.714525759894024,0.8509292334935961,-0.3601296054794606,-0.315699963147913,-0.35236656189787124,0.6531255145509921,-1024.0,0.8302140233852169,0.6051272945822863,0.6497288901467239,-0.4432486158700899,0.5064855304981893,0.15128536186520833,0.006483623177341413,-0.6836044098197464,0.699055902903956,0.6402152550181243,-0.11345239629230022,-0.03401872133575364,0.001643765631786011,0.11039756610773459,-0.5280031509164496,0.047282090813079165,0.02591382718911792,-0.23515256232695997,0.5862850576798864,0.029049429139985098,0.4485324402438082,0.06140117101075428,0.45354565318630374,-0.3697486031437271,0.19691781504992015,0.27055972190847655,-0.06772407030207862,0.2131257915152814,0.18779939098769044,2.0600805127239763,0.526906586431895,0.5787091028013107,0.4002603649915605,-0.07279385906501777,-0.44155319308528346,-0.1891818222505488,0.42043119332383205,0.7013812241911823,0.36708297762172815,0.4754644869552479,0.6340720580057418,-0.019247891563380817,-0.16910253372720915,0.2285354995510746,0.5462973222523803,0.05663163604229596,-0.1124431829225348,-0.33469634598403114,-0.44700304996646617,0.19993891079540324,0.5320016473121089,0.31474901176251185,0.674174525889246,0.38820805809211945,-0.13334833718937347,-0.2465805811518885,0.4201280026182101,0.3121711343992853,0.3122428306002526,-0.4435390982072195,-0.04179264435467473,0.2381958238746785,0.0,INT
633,1,1,0.06263742139035818,-0.13650508561045077,0,1,0,1,0,0,1,1.240445666441921,1.3540609905901178,0.5328208611262383,1.5843295433465312,1.709235049862846,0.5574045402505428,1.1256541132731537,0.960893312307479,0.37649579634812913,1.1700732031292511,1.1439672959784664,0.8833196136790631,1.3413395189762962,1.3365621047697882,1.0854024925195884,1.199971819291318,1.177311303332983,1.1403848853541105,0.784996890934832,0.6482555044736424,0.05300467071868054,1.4856319043215431,0.514631381964937,2.103438642975167,0.3085931459463009,1.709874338710319,-0.27884115494293377,0.8799254794782089,1.5937489273655194,0.9875722940066628,1.2129550264576814,0.4780814915433432,0.13154371498780115,-0.133108217273865,0.36563776577858176,-0.2563696198772357,1.032941760859257,1.2254444017889659,0.10683543480405427,1.1292099547740724,1.1855600040218992,0.15259738211989937,0.43459305089088557,0.9780634846785362,0.5396403793750311,0.918368834088875,0.034388753973347945,1.1408433267304119,-0.6287769543085385,1.257029930174903,0.04912994633558127,0.336756297695873,0.9291054819959569,1.2482359481839156,0.6638959552700094,-0.33377124208106174,0.4117059629811857,0.14934198710544327,-0.21730159975065427,1.0682310020934287,0.8769575722455334,-0.4851717833427206,-0.36275991360111126,0.009338976842924776,1.472026798113108,-1024.0,1.8555581132795176,0.4123001298028014,0.6877192080335092,0.10775588836057912,0.97288022885849,0.15990095693039114,0.006483623177341413,-0.21837696554076394,0.5320975573736498,0.5782186213168472,0.6140757041922982,-0.21499990815223,-0.0008242495624756333,-0.27588913019934236,-0.712292353542774,0.37592686857944374,0.023566428330506824,0.17016050608932257,0.8815412641531528,0.5381884197066107,0.48589852833696656,0.06140117101075428,1.4587308810969677,-0.33067663914599776,0.16410920820290636,0.30491842467017155,0.6946593425135424,0.09612785841758156,0.535080422637696,2.2564054050091302,1.8935605823102277,1.56318961880761,0.44047904029642365,0.07925702349592327,0.07634754904032447,0.2619754145382089,0.3800571032548238,1.4156240725343037,0.49559430068149324,0.48112295276091777,0.23230474633608197,0.10572510685352872,-0.4344489554559598,0.13238959832676192,1.0006890927820336,0.6982254238785337,-0.43444146807119255,-0.24798791555399471,-0.5484842720218662,0.9179091325111234,0.8523676536546958,0.08442167201710882,0.7020574799365142,0.43901594715790593,0.08637313046867658,0.41255532309179843,0.44004794359693067,0.11784679466675883,0.2639174261249599,0.12763334448243793,-0.1476187138011378,0.2577965362311406,1.0,INT
635,0,1,-0.15102711392674317,-0.21954101845566468,0,1,0,1,0,0,1,-0.607006759567008,-0.5824385587440514,-0.8053885893585099,-0.5323361239934663,-0.4836812714481116,0.2506658906700216,-0.45817529387353084,0.04544399299434856,-0.25871229033415066,-0.6130291190140124,-0.14827177183037415,-0.569977050857458,-0.4528106641489349,-0.6124625024920658,0.12304751939544953,-0.22179692295234157,-0.1836534656109351,-0.23595623903914334,-0.2879462859978806,3.209549006615944e-05,0.0558326940881594,0.5594510988908845,0.25040498904014574,0.8606248960656994,-0.9191091755568234,0.027844641646902344,-0.8812655532500591,0.24510974718145945,-0.035192933489350445,-0.013725078530485484,0.14088060474665431,-0.21087254878821363,-0.5205028760263337,0.14507749757294033,-1.0083915861291444,-0.9655242067502754,0.26401961616140457,-0.15729587355992908,-0.7095936522493324,-0.028811813678925755,-0.40563552584988904,-0.48694148075382154,-0.6621610446548643,0.023012644406276695,-0.40989903771178043,-0.11005297710373359,-0.08377000520698645,0.4956959925160818,-0.9574339507606315,0.09096482692027881,0.14504211939957487,-0.7354840059124954,-0.0059644526304848035,-0.07149748783523295,0.5598459403779414,-0.519930226339607,-0.48169611068943285,0.06615010702550317,-0.14007629932370919,0.9173108473801623,-0.43435191835905146,-0.02709555047374734,-0.00019348261387366848,0.024205650042010328,-0.22791877046469503,-2048.0,-0.5791650170584777,-0.5232586186139484,0.03778197473889029,-0.4209688509953219,-0.38246101520662645,-1.0462986769623466,-2.33436982903403,-0.1153376387087543,-1.6507904503214443,0.28421064857696215,0.5768125740140396,-0.4181321362259474,0.03622012954255784,-0.5307870468769252,-0.9484243829519742,0.2443056580968817,0.1516839506007233,0.22012776152846544,-0.28378171676356606,-0.6588149209905224,0.4724907558377833,0.15109135448142322,-0.6673145905884914,-0.3066432977960876,-0.052059257470273075,0.15668946149545765,-0.1782546388782169,-1.461383052390639,-0.6013023867937148,1.1337696097209058,-0.8709427389497291,-0.21904130040421776,-0.032426171057248945,0.13955932058264595,0.08292900524579809,-0.6842582254937862,0.39612706936250014,0.22108611224131752,0.3875552683549306,-0.4913730548790533,-0.9682846013716333,-0.42271299486631764,0.5143603301636139,0.1863379872934461,-0.39861349046798367,0.35009826512101144,-0.8930651009508331,0.020473208253683362,-0.16202239159399048,-0.11483106411323782,0.7290056263634827,0.37429148372517007,0.043729506686532325,0.15795466505444716,0.26637835530123943,0.3704359163636468,0.4043318483337733,-0.5318957524747947,0.5211087891203795,0.12973868715123832,-0.20868378439204519,-0.07185287424641681,0.0,INT
638,1,1,-0.007437874226884764,-0.21316410823138798,1,0,0,2,0,0,0,0.8790444246100876,0.9205628887216054,0.41053126286681574,1.3116868528913437,1.3580620799921006,0.6031194570791409,1.0238844661065132,0.44077833300091446,0.49028054685400657,1.1007632941811927,1.0337723598440045,0.7163744023926432,1.1590274996007743,1.2024433465628748,0.11171325273829605,1.1379403947261744,1.083320220817039,1.0960311804471485,0.43948766131181705,0.30615563770833204,0.05597471663424034,0.19229142742090063,0.3533296078669727,0.2034025792687591,0.6409469591155034,1.3704201459288268,0.2635947305089956,0.303779021454938,1.3277259126467331,0.3018421236391871,1.0015671275328186,-0.006815115962827003,-0.1861721662199725,0.33592125412826235,0.9158765668514225,-0.15841806132531971,0.02830941935872578,0.805959300362647,0.5253942942141608,0.14829698452876922,0.7922235759414953,0.20037947356419275,0.342621022263487,0.22929657519608407,1.1786322134036806,0.739455472937346,0.0011071636354322066,0.019474015572863206,0.24793071504505765,1.1727640213580788,0.5135862061442942,0.38500362250137965,0.3989757627902436,1.1940433411874705,0.41175053058683136,-0.1838937159623306,0.2583737364038063,0.5532998673901038,0.1625833074169471,0.20697977628929393,0.484267772601972,0.41928148842333884,0.015058172314703262,0.42158534774734013,1.3023658180267363,-1024.0,1.5614890024607604,1.286977637696013,0.038196371025865504,0.10938132679819827,0.0386107236995991,0.1561069313246263,0.006483623177341413,0.21863430974675613,0.8487974242534992,-1.1303994076690527,0.49142518398821944,-0.3025707256616739,0.06638544057991953,0.18671729903970302,-0.05010842262411472,0.44135031126216295,0.015536223228165676,0.5307553182450457,0.05474893373174153,0.27921545429242334,-0.5422848502311912,0.06140117101075428,1.1950846982480396,-0.2302322518082204,0.19845514059683111,0.3620952957073241,0.17360463568010878,0.33552041337753985,0.1893762583280284,0.10604858018808852,1.370169859675408,1.1214706774691285,-0.0459319012340615,0.5804376667310556,0.08597133927970077,0.21901661276842227,-0.06111032726769145,-0.43415597817000356,0.28132134868205877,0.2868803410915858,1.0882199482280204,0.15713370205758811,-0.67972300626682,0.22273645750241156,-0.49421344954373586,0.017840189202038358,1.3179873199621719,-0.014373053451425165,0.6106736532788347,0.29730447138869287,0.0908778304979728,0.4163124526327228,0.1927815709334049,0.4614975011871596,0.13455796716456908,0.2856056314368675,0.10720111031506135,-0.17393207000622882,0.7363188896863953,0.1326165482408009,0.8109862636599826,0.24914476856565934,1.0,INT
640,1,1,0.07736801666564842,-0.32273110562182944,0,1,0,1,1,0,0,-1.2332259255045788,-1.1932071680471916,0.10289990609513977,-1.023133416347074,-0.9345940075861227,-0.3334971882769239,-0.7230013553964257,-1.4520583204425057,-1.58131332154181,-0.5240946370183214,-0.49483831731784267,-0.26377864553679997,-0.6964898468236798,-0.46594755586308984,-1.5222142763635291,-0.6527084804644459,-0.38787800186960064,-0.48509632351464255,-1.5211180021074966,-1.2466224586767842,0.05729590545148724,-1.382259479475984,-1.653354456630551,-0.9593492466074978,0.4151959215230024,-0.9449221273870967,0.7336481058347945,-1.6383911086965446,-1.0293005020377195,-1.6419583800138566,0.9086268137186685,-0.5365672466780769,-0.46145547623235433,1.0558547034280175,0.4701957769378364,-0.00942991133292487,-1.2112181707750598,-1.344058965001801,1.1549922573058085,-1.4038538872185677,-1.0350284472950584,2.0055441418625435,0.2014591386642962,-0.24509920523463993,1.6323229366299128,-1.4323924558077288,0.19721779371220916,-1.60921592832297,1.0934196160196774,0.35796382971224994,1.6377158348027008,0.4658637159083692,0.00597450661210197,-0.079337009189328,-0.5802458896535829,1.2353587312856722,1.4382675983523336,0.8655277539471213,0.9296565381513948,-0.5801076592101793,-1.543538507838755,0.9844680130499543,0.20430222053052766,1.4021721977070927,-0.7880898075178293,-3024.0,-0.9198254433918701,1.190535062772759,-0.026241985922998277,0.5948415910065661,-0.8717659703166413,-0.0422884603911007,-0.3775411034089377,1.0737921846094811,0.7859657311801747,-1.5787418465441305,-0.3888024775729548,-0.42154816280565605,-0.005408124335039881,0.5523308132576733,0.4694846758823064,0.8384577961949817,0.015856958428099196,1.0908500981424722,0.5497272969664196,-0.12961711434320417,-1.1604143010622858,0.0655332279496434,-0.6713974644002135,0.5302640705966679,0.16209016577703006,0.46258023769405565,0.13621523744681305,0.3456326676120299,1.425158988381942,-0.9878065702920921,-0.8637178934347723,-0.5546595833651432,-1.749367258845083,1.1544776922228512,0.38965792816566214,2.0723669525618003,-0.6809860778712824,-1.0989767519057143,0.21961582143690916,0.3106384689902536,0.9913516071647691,-2.425073662590484,-1.3147037670480541,0.0929727041533526,-0.8658732758329448,-0.5277236129945186,1.4141989713003102,0.16215769293007498,1.2429214411662979,0.06519111209929195,-0.03777811008288256,-0.16450979822168915,1.021972752574361,0.3963765119173099,0.11447905049982005,-0.33849037473319976,-0.8632294045793469,-0.1427098603822345,-0.15043706007960747,0.16298579369677843,0.7783732030512334,-0.08418797584721743,0.0,INT
641,1,1,-0.022748327564323902,0.6870276287500481,0,1,0,1,1,0,1,-0.387675987208919,-0.24680900968045125,0.4857836668136748,-0.33140786090863017,-0.14251367403987647,0.14557021564728234,-0.5738740836373109,-0.5307972945023556,-0.4825907229314734,-0.33386129858611413,-0.4152835882733776,-0.15259300434931541,-0.45418205171455484,-0.19407852493921582,-0.4475524470017915,-0.6299324615277571,-0.061564868111835015,-0.2107385046862229,-0.3589500749142953,-0.3995516366471742,0.05436024484458896,-0.03127672511252895,-0.597616148857253,0.13235138772374216,0.6588454703357653,0.007236464166991166,0.17682177776933816,-0.3039909317109625,-0.17624834369838996,-0.5967680581501659,1.1501615747758065,0.18352333745929375,-0.06737068219032741,-0.1985313858722631,0.8520694843674759,-0.054982662441340674,-0.5005430218598054,-0.4170679773461417,0.20738548821165287,0.23529964305364134,-0.46839491822521184,0.4913689460238859,0.4255166387475303,-0.293234661074146,1.2912455094877884,-0.4560151662070065,-0.6001359936722592,-0.24632381248164092,0.2718518870806086,1.393368520904249,0.5522432852884589,0.13831315037232303,0.6731094844634777,0.1399778300055208,0.2532737759861983,0.0602192129967582,0.3307048647882668,-0.18768165448417184,-0.26406982287288844,1.0574610604686834,-0.6715814915426648,-0.28988814140522967,-0.22863190568124406,0.5190952504730312,-0.34910776773168045,-1024.0,-0.32020258127724327,1.4591128205987904,-0.9340588077131873,0.16807456407402818,-0.005839907330561132,-0.037969975463438624,0.006483623177341413,0.3364548369113554,0.8689846093290928,0.3856089272969385,0.44637326965970403,-0.24030212050418592,0.02445015813222644,-0.279284417014051,0.000229526728458215,0.6232464598562165,0.014320428435255217,0.25699496339221994,-0.5368618433621513,0.15144810949693105,-0.25057989053390173,0.06140117101075428,-0.0029637083632491935,-0.14512914930391657,0.19691781504992015,-0.7221206228401806,0.40928792283646304,0.3298012808526752,-0.24076794410562333,0.01256073041518991,-0.6942782826845271,-0.5359335413130271,-0.6314404012649474,-0.2754538047331564,0.09025919979042137,0.28355416181081267,0.18446313584908636,-0.5889485871296718,0.06584227905777323,0.4674431038170866,1.0562499561536265,0.2171851027724752,-0.7112478142815228,0.23545438048681744,-0.5990613070051048,-0.13091019673399418,1.4119164543693288,-0.22206139938350547,0.44759283269287653,0.367283277654345,0.8727502173381709,-0.23063222853188728,0.31240052460121803,-0.32049982129391147,-0.1042050087660559,0.21810141818451612,0.044550602832952285,-0.2058624176095144,-0.5026860194172804,0.13334922985004297,-0.2652189554030179,-0.1522262492504203,0.0,INT
647,0,0,0.0010222005988362436,0.002813097619882529,0,1,0,1,0,0,0,2.3449352839269118,1.6406237631387062,-0.32444356098372856,2.2576899825649797,1.310315338515523,1.4041775096758893,2.298786670389182,2.361746164369037,2.2906635910460906,2.434241179589673,-0.37596336734307906,1.9398211983745317,1.5997354794415684,1.7857918110245317,2.201333239042265,0.47517167362112434,0.6077078407741551,1.3751555470006136,2.338277784283565,2.004038457467882,0.05552600357458757,2.1291382368713783,1.2681681370451516,1.7887125361976253,-1.465240680879534,0.7240341819027991,-1.0217005541554292,1.7444424462384787,1.6396245772799585,2.6971403015921736,-2.057360966752185,0.6769685411479978,0.800032413976312,-2.6725050262426473,-1.3002113390476049,0.24765875115337346,0.7429312547642257,2.349887370271044,0.7362123588733096,1.6740852221073916,2.3002182615108997,0.528251696753352,-0.9396403795468516,2.458754522135383,-1.8868874262261648,2.719538718016055,1.1659266137428528,0.7002754784912578,-1.9021497983960434,-2.1434879990273235,-1.1821960412205401,0.9841670374471516,1.8045588888570752,0.7430293827695753,1.081802968960164,-0.09434435544584102,1.4292239803112208,-1.7359041655313037,-0.45186915049655885,1.0566314732115851,1.8418766561734816,-1.4814973455735867,0.2751673683310125,-1.1780638526945855,1.0767686750255816,-1024.0,1.0838376067922635,-1.828426919439272,0.21218767465876648,0.6554396954750165,1.6646966558371246,0.1608408857014504,0.006483623177341413,-0.7961146270808949,-1.6368463049587092,0.6005870342349943,0.8231734391018982,1.0993418498738867,-0.006003854522119604,1.6426693687680345,-0.2335465111657363,-0.3977273301190767,0.5091899616976838,0.21473516739141538,2.7424217360676035,1.2178412176909477,1.3473987471867144,0.06140117101075428,2.0340597940486815,-0.3638626371740432,0.20444539484810373,-0.7835174441905439,1.632643606040516,-0.1611713086264167,2.4605123021497763,1.8815378145324864,0.6424473626347142,1.6637799570100524,2.337230149352998,-2.3739456679143114,0.2855217697211865,1.0207386696911815,0.393076454311163,0.5588186173489681,1.0827837843964192,-0.8424430156517415,-2.112268141536514,0.19516366515764996,2.412044170584224,0.24558932317251983,3.8161766339957577,0.1681371546351455,-1.2888272322479781,0.24009870622087295,-1.9427233624711455,1.766296069279179,0.9561436520851271,0.5644547669482889,1.1150945252451068,-0.7302606878085648,0.23809403039178556,0.6553067838007505,0.8826230115892569,2.5295477226130374,0.6382466152830022,0.12572155561513385,-1.6015710616443997,0.25994485223091995,0.0,INT
652,1,1,-0.11513322395280448,-0.5658075819820572,0,1,0,0,0,0,0,0.9957257709193392,1.1112580337543358,-0.008145716599106689,0.7525325043598161,0.8643753129684403,0.8240633892335525,0.616089487092682,1.186774215879889,0.9978200961215195,0.8295881408713406,0.2559742186653543,1.1075072638700298,0.780712020390637,0.9790078210488018,1.3042691573699674,0.20873463342525914,0.47303233359955543,0.41578676776461315,1.0627706377700745,0.7833848467393086,0.054843875152304246,1.4784974985005372,0.20529169925988586,0.9773551275961588,-0.6220502331095684,0.7475029413060666,-0.4881565171796589,0.9814749635053167,0.6465663408508645,1.3304230633038834,-0.7946197083841415,0.5667498075731526,0.597334707428289,-1.3672586588540354,-0.6791103179986367,0.2539058404430296,1.0026359231362272,1.0898653837207808,-0.11830081231134788,1.3483525853329832,1.0330002840110524,0.36448173293996783,-0.13205338543761724,1.4037558493740512,-1.3074051562857132,0.6914926009604926,-0.5221879653901433,1.0828986432363896,-1.0639537404656534,-0.9019037761351654,-0.2466274987717094,0.3811166065264198,1.5809106858509119,0.7275078357305254,1.1269296894166563,0.21913517559508314,0.8140971718924431,-1.1164927690849022,-0.9897383141000563,0.9041891652826486,0.4404460709216526,-0.7087492458066752,0.16009040573132308,-0.8921189363802269,0.5100277488297613,-1024.0,0.417822028675966,-1.3129997780253138,0.6232515649876393,0.7314910831312107,1.287754952624862,0.1598986640397788,0.005140193919006968,-0.18501534845570783,-1.6871666591498977,0.5320009024833408,1.331438002505674,0.5773972786511073,-0.015054289237735836,-1.2440780153617523,-0.2584425452150837,-0.4355390238800693,0.1563479199034883,0.16090968126685515,1.4507977911526864,0.9547702149214989,0.9962176508058725,0.061489109389741926,1.4656514640726168,-0.3151347726710099,0.14315461011498679,-0.381190621582881,1.3597869962415943,-0.30285934665279146,1.1306185067821162,0.9970540523064367,-0.30900374533335245,0.7285786334276295,1.3122592381746212,-1.261436964165032,0.4609501540292437,0.4744345933840032,0.3423014224120059,1.2217060406443172,1.053300713315331,0.2093325028917249,-1.2567819158751816,-0.1567619463216937,1.6889512746425173,0.07738639195184899,1.9066153092642448,-0.0051485939846524255,-1.4394505543762504,0.14965932746676572,-1.547288848774096,0.6237937620770332,0.7335295507416032,0.46719411988701587,1.0604263250177195,-0.5558459512168408,0.07569023759187152,1.1077357581101956,0.7706389594665568,-0.4408721529757515,0.5007791678427965,0.5771133054000693,-0.7793076341079819,0.259735242829038,0.0,INT
655,1,1,0.41546588829195924,-0.8388461314184149,0,1,0,1,0,0,1,0.552597373266943,0.5527928004659274,0.24282179005547916,0.34309867571507907,0.3220049337567986,0.6456947001449683,0.033241221542151804,0.868661433998399,0.6148956494075435,0.2546007470893864,0.14565358535771247,0.40593212946003526,0.0047923843073404224,0.24980492883693275,0.6767157638352898,0.1891639430442171,0.2854377840908266,0.3133287764817442,0.7102645421508971,0.44430860638931563,0.05414257360569579,0.7817823727929984,0.3757458217491647,0.5665679487324755,-0.16367013144363318,0.29860466612499625,-0.3413796358360159,0.6567509725909235,0.31965341564824057,0.9102159366497271,-0.06315446329870163,0.5088041583479546,0.5068364878756554,-0.5995788092636304,-0.1116706261450061,0.2958160549378858,0.19561591975809528,0.6308556919251296,-0.5547273942726654,0.8893315206157603,0.4870826332768802,-0.3835620586470824,0.017810701318874442,1.170318779739245,-0.8815140269549835,0.725889972271263,-1.2408534432948832,0.6578718400920758,-0.5777669629209271,0.1426873359871041,-0.5044918465558982,0.12238608667098329,0.5251347127836992,0.5077163248430829,0.6261490401379636,-0.32235948973048745,0.08736279032084936,-0.6939806902344807,-1.3779990111023217,0.686839778191399,0.31583981315126014,-1.1209422792940047,0.04054360823798555,-0.4572703217168829,0.2904668214615111,-1115.0,0.0057009184874647996,-0.8033533070432028,-0.4526150135229179,0.28230144266849855,0.7464684469968713,0.053381591156206394,0.006483623177341413,-0.20775548938590419,-0.9878166994933386,0.5537167971769984,0.6836979725311824,0.5267611666319549,-0.009781067722585957,-0.8329554606208937,0.030096323888059797,-0.030966222092205304,0.0770620670928147,-0.15861741594009104,1.1131771456603192,0.551370500874937,0.7935010989535717,0.06140117101075428,0.647280557961301,-0.3054020816858167,0.18057310939296195,-0.7530046326130794,0.3428770268954016,-0.16522952199558913,0.6682605671821924,0.5089519848847045,-0.34629170111503327,0.13326427955411083,0.7737769492509183,-1.0139812744027645,0.08294595362404093,0.0665789823266131,0.3608889386526592,0.44384657442259245,0.42902724446852886,0.14559133948010383,-0.4287405149873415,0.07798443975930693,0.9317166671956203,0.16797128934101443,1.0786953618422586,0.25114791183198854,-1.091039198132693,0.023401546075384076,-0.870339691256471,0.011649393877020802,0.47210429749129407,-0.18766822472119538,0.02221166884999604,-0.4597067665072093,0.001999741341142955,0.4739635392761026,0.645452422512334,-0.5008038566233457,-0.4479800834572333,0.1285566345282029,-1.0758591228520684,0.026821992314261415,0.0,INT
659,1,1,-0.17650524182710844,0.5833392192442965,0,1,0,1,1,1,0,-0.03909554250001645,0.2979664115795838,0.2344813317840402,0.29078848832653087,0.7279644021020572,0.31583788024954557,-0.28421919575469456,0.08573566080055577,-0.12037481602831332,-0.6336728363768841,1.0207329383538437,-0.781215186937214,0.09441376861640446,-0.33013324294983,-0.3370370378212737,0.7542664871561143,0.1354214698189252,-0.17823893733728893,-0.20289147448035771,0.2873172086559061,0.054927473642910715,0.40991673208115426,0.7272600110123504,1.0491533655370424,0.5235992439183357,0.5778575181634552,0.28660057173903414,0.39710720967171254,0.17042995485417373,-0.2925756093144886,1.0906383140890925,0.1606261375210729,-0.42613944517073155,1.1394036652920743,0.5768640035669911,-0.47019772802662824,0.15239018549524921,0.0062521032544642354,-0.9118928157381815,-0.0014026660995743205,-0.10396453890397259,-0.5588579418869012,0.11066871400599958,-0.38975302484313207,1.581442289686379,-0.035649558059001364,-0.8647584712255749,0.13831225167756575,0.47230959153580776,0.5902038650949633,-0.318387078790982,-0.9299291817730954,-0.9238912765846868,-0.8151997317040892,0.22508471722403797,-0.5791201270358118,-0.6146707819866339,1.1279710237875769,-0.5884483227716658,-0.23334392065301937,0.16789807369195187,0.7626932816858859,-0.0673444606852999,-0.18816587638842736,0.30054436633554465,-1024.0,0.595031813122293,0.83088967311107,0.2936051010282639,-0.6427981171603201,-0.25253978617550593,-0.08855911450662454,-0.12313608660445088,-0.6564717808790151,0.8017634765468126,0.372325434827339,-0.46354690979495455,-0.5764998278488714,0.06803593275698845,-0.2125194571475115,-0.4323711541013066,-0.44835716756418736,0.03053344919358524,-0.30472136385678295,-0.6682855425501006,-0.6647408855258029,-0.1982408887645299,0.06975107710289033,-0.954074207572696,-0.3624588177270873,0.16235574885028556,0.3837659004511408,-0.9567714017943065,0.11592591848731912,-0.9952765481481901,1.080431425480964,0.8880361368565587,0.17758701976630542,0.0449620526120846,0.7078350220762156,-0.44876186415367114,-1.0449589323874777,-0.12935303646105337,-0.10566670094178468,0.21276318309717648,-0.10040155921082808,0.7882044658101359,0.012890778768245998,-0.8104829740381505,0.24811945239555722,-0.7880641952310962,0.3143457454451418,1.795698872815869,-0.030441301657080682,0.558971102106093,-0.8637566539662647,-0.31635444051901473,-0.1850278911759077,0.17153243759617867,0.6479201354583785,0.15093431090745635,-0.46932505704692434,-0.2503850455464108,-0.5704407660046544,-0.10298960792766884,-0.4382287723994094,0.04054528424175439,-0.09332388904355599,0.0,INT
662,0,1,-0.7273465198803148,0.14201514464408668,0,0,1,2,0,0,0,0.7268024721257388,0.136941711921082,0.03207593945768064,0.7581146463265335,-0.0009068529930770749,0.7228089779406539,1.3344758662242666,1.0750999660245364,0.7700279122120233,1.209829050876502,-0.18699503224235184,0.651728020674144,0.744249139876371,0.6537010529171995,1.1822130225934016,0.4730428619829988,0.2445966198961001,0.8284457018744502,0.6361655863030946,0.5915444806647222,0.054593105150421366,1.184754486989105,0.5005811253317857,0.3593730370983118,-0.05973397728102923,0.052089330232835296,-0.25917115775513105,0.6791341125425078,0.7675845817703073,0.6352847251561246,-0.4006453430606163,0.2725440852275749,0.13796471190546894,-0.6546556865992748,0.048981939591018805,0.0506805278205225,1.3502818987497571,0.9011227695116609,0.7752219590759986,1.181863496853794,0.7682917080035984,0.025828811999153337,-0.006630844987879262,1.3269823206553237,-0.781705806468056,0.7537425699437517,1.6737162531407668,1.0839195917578162,-0.7231820046041888,-0.7059087325312925,-0.35718254236759095,0.7187876273437149,1.0150656205415534,0.7500965781958867,0.8752904518590903,-0.19878850235375334,0.26531004483950077,-0.3145066843729329,1.4887302620635527,0.9815478202494584,0.5692440798968819,0.2089963489404569,0.07927978037487123,0.20513884972667135,0.738964324293006,-3024.0,0.7490315989095425,-0.9131171265913092,1.07882712708779,0.3584613317996199,1.0474268520949575,0.11339735928886573,-0.16913194090527756,-0.2364402258345189,0.40557394730350643,0.3839488560134835,0.7005109057189797,-0.24649116518085223,-0.02120454482012129,1.0097483638632154,-0.6029363269021654,0.3293874872542568,0.061025996423193805,-0.06713079100316861,1.3062183627853794,0.7174157483522063,0.27294742194296745,0.0655332279496434,0.7236218622656869,-0.310582047487853,0.06483096687670012,0.4593676466946364,0.8158800649299698,-0.5904644121394704,0.831307178786692,0.33728395974707454,0.14003448709430721,1.1108314787357674,0.6730835081921271,-0.21471141864378826,0.07598403828514362,0.13254826466412287,0.27607356189314197,1.114357042256116,0.6945083651756508,-0.3719006851958108,-0.5611310391062706,-2.2161761122088426,0.416231342620515,-0.045428614173070446,1.037948646432298,0.11231626609720181,-1.0780037794463961,0.10547114665813845,-0.9336654420799503,0.9482431921722291,0.7997277756915929,0.5296770970454415,0.25572083567995335,0.27885092103995224,-0.040961355338632294,0.5046761760820092,0.6335487233717091,1.5440053589444915,0.8126982919228759,0.12232437412488367,-0.2989355090787657,0.24358970333926921,0.0,INT
666,0,1,0.35013766308352434,-0.11036702907458466,1,0,0,1,0,0,1,0.6285733983126647,0.42705917953617867,0.38954784839532325,0.8474202177072964,0.5863473129278837,0.570749608887166,0.722316322599266,0.5555859150309902,0.4296342796052512,0.1388602840871264,0.3992740360247097,-0.39120845167335483,0.533478194763984,-0.09670606231708524,0.1948534452186197,0.690901906339345,-0.28157952522336616,-0.06873333177979973,0.41878220336422917,0.9245534413632726,0.05437691503087517,0.7217969993691039,1.3197076008189639,1.2117899932702352,0.5943761855249784,0.6869279809984016,0.32391630670711,0.8220921923246217,0.9310289606533518,0.1531558649658948,0.6673698728824907,0.2202507737657625,-0.2113866972156133,-0.001131689917678651,0.6971251456962132,-0.3381565419331968,0.06068411233063036,0.6139305984698935,-0.8230417161580975,0.11544773932258773,0.33087007012418285,-0.7612616689112038,0.31320760292240396,0.01562563143573488,0.7368117711404853,0.4084919015376665,0.033079003876134626,0.42298055628888276,0.3605712341050987,1.000414794597766,-1.073430693307847,-0.9137398770597436,-0.5332975622218773,-0.8688432270525255,-0.2439875597049017,-0.6062847163133059,-0.9196980651802071,0.07038286247347743,0.19980730491303297,-0.5291458927367593,1.9145036697475686,-0.025418992177739096,-0.08872164858465956,-1.1431092249659434,0.5968046138095584,-1024.0,0.9175559648540709,0.9471552091536223,-0.3598764444325856,-0.9351084818391816,-0.18872250198666843,0.029828681942458857,0.006483623177341413,-1.3330724197576906,0.8278289301363777,0.5149440666236893,-1.2750392206550896,-0.38973939703909033,0.03363611128858524,-0.06858098133807279,-0.38481052285067147,-1.1973254212766475,0.0191061996403364,-0.9862101158613383,-0.26884970308717787,-0.6677032542035369,-0.0824393170941952,0.06140117101075428,-0.6372990141709293,-0.37510531259581675,0.18229293992763473,-0.3970921403255252,-0.6429775983362619,0.24409420415050911,-0.7972023582999133,1.247395527539781,0.43353139335385316,0.6999183378070157,0.3867657347200374,-0.2880782156165966,-1.1918592681203084,-1.0762352619130715,0.26599991192923006,-0.2625013854863229,-0.4103977027518731,0.17015676631151577,0.8311034236549832,0.3839204573959631,-0.45814689182962104,0.19696703150713396,-0.01538140373785374,-0.40101090454632277,0.931496273439267,-0.13183636867240278,-0.07957501573713315,-0.6456695461223698,-0.7341324620451046,-0.14205920051176507,-0.5468096204445186,-0.01762330166582712,-0.45839098780068765,-1.2888883163569174,0.28367435994805545,-0.16680112851614237,-0.5352932588547741,-1.1816075296612523,-0.06814354324211047,-0.020981685530183057,0.0,INT
668,1,0,-0.13839765160430986,-0.5539816423078294,0,1,0,0,0,0,1,0.11842712795232453,0.17173112564989498,0.4755465573286721,0.11502763887088113,0.17904662883806433,0.37830350298752174,0.230601586628271,0.05311682713666691,0.013210901523851997,0.44942281616783686,-0.00031098270943546194,0.47792540160273506,0.3198292651982446,0.5424167919889955,0.41440640170620313,-0.051919750585077716,0.38147346190244535,0.34132423462621253,0.057327343481792914,-0.13407036945531134,0.05334146237766684,0.5004310726433334,-0.39231346100273207,0.6518525830740547,0.37940543292042256,0.2414167843785494,0.08061316592274145,0.024752454830136023,0.17911105641115865,-0.1633517103505624,0.9102302556234441,0.4259873985369282,0.18259885081784305,-0.04941570026908745,0.4192583630892728,-0.12427442837339596,0.9077459064497161,0.0898041652798398,0.8397127693330958,1.2566555702763988,0.09577953321794323,0.9842868545574314,0.49561259646442574,0.8165077065163733,0.4657080435978256,-0.18261876431196472,0.6882580490341785,0.6332172038942715,-0.066460013364053,1.0639125934030018,0.7202711320827876,0.6599885597247424,1.125012846830025,0.5811627163650139,0.9476058601769578,0.6634707866812951,0.7268164751620293,-0.042936361197938366,0.7267613285866628,1.1085774723342077,-0.49475540060877055,0.06994108081591743,-0.1808815820377866,0.6313494228470148,0.1974349792657119,-3024.0,0.18644258388815513,0.5316487660788196,0.5300549777740452,0.5497653172758408,1.0825118420987847,0.1608408857014504,0.006483623177341413,0.43290798130716307,0.6953288439534244,0.5537167971769984,1.0627134045214155,0.05952834674939522,0.004032213884684773,0.3493771835737369,-0.2710728657535096,0.556692729710718,0.027119354064274223,0.46196714676354456,0.626098530286026,0.8433426687963673,0.43442812212921833,0.06140117101075428,0.29320954887558254,0.03415371305180088,0.20444539484810373,0.2536753471214942,0.8447858062149517,0.15507405729083834,0.28303590299906173,0.6082342311827358,0.023338937828495353,0.08580430515063384,-0.2771745017635525,0.14400897310895197,0.49465625959406934,0.4526034658535403,0.3416591385084348,0.18007791651597627,0.7897913845820886,0.7407543506251381,0.4358526153581314,-2.6784119246578406,-0.18804462961746893,0.2485861235430612,-0.05644000629405861,0.1053630937122557,0.017334797983925055,-0.14969645247918237,0.11562448995155597,0.8101029582486873,0.9100263502650672,0.2988594594015475,1.2563794793557699,0.16019520569323395,0.25508951487225734,0.8024492682003858,0.3112697905546383,0.3197115839335259,0.34871541481086277,0.581042864763651,0.3895710021399518,0.25994485223091995,0.0,INT
669,1,1,-0.12226538985625937,0.33112731561411163,0,1,0,0,1,0,1,-0.23077677393181334,-0.27618600336589827,0.21779635610530718,-0.10882236922928454,-0.15578407610158682,0.31934545813359055,-0.03293045464359123,0.053776652710346456,-0.0341738137661178,0.013087451200767156,0.014591247363965729,-0.29686049454830055,-0.07930510033828155,-0.022250274794938848,-0.20062416868117144,0.0531031755658195,-0.0756727297764832,-0.04472668299772895,-0.28108729451337666,0.0448059217557019,0.05459361412142982,0.29645928683047035,-0.09273650850868485,0.08113950041236968,0.4284131336627093,-0.10398281832267017,0.1665681861700029,-0.07169832854138453,-0.0614564598517125,-0.5692726589358442,0.6412789013168553,0.16366984636465454,-0.12744120160948588,0.4175383586536293,0.4689174059110519,-0.13151663382255357,0.14563580205434037,-0.14718046236911425,0.5815605226013332,0.9351963005737345,-0.2875249585028217,0.21046323164372757,0.26630765172726983,0.4964645418869425,0.7121937986884131,-0.4064896603485945,0.5226717168063539,0.5914177622158994,0.23164361873185543,0.3786578106367797,-0.09660437331684743,0.32091506992487645,0.35949851561915286,-0.23903152521141016,0.025173190229247012,-0.2701597091538655,-0.04574064449690563,0.2727359045697411,0.7510801492200693,0.021906653571678574,-0.1479368005109279,0.35355884014362887,-0.10325243084819155,0.21613631997850105,0.04196514875755748,-1024.0,-0.024620743238438058,0.3818315278003031,-0.1848154584251777,-0.05284592008359546,0.7961018930188845,-0.0028323371679523984,0.006483623177341413,-0.15990277940103306,0.7601325367796462,0.37552627906047453,-0.28523563099380056,-0.48968629652329454,0.13058648205076268,-0.030123100178588418,-0.39840699872494545,-0.07084035323388992,0.020193588727374843,-0.24870011562901823,0.28007962840767436,0.7195708591315768,-0.15289287778519325,0.06140117101075428,-0.17498456263699178,-0.3219799133153987,0.11117806508525101,-0.1594139344105461,0.13607721858908578,-0.03131987105056648,0.15104307614339288,-0.010034519655916311,-0.17678496686697218,-0.09087159982272468,-0.4507494132430765,0.2380575047919991,-0.13700321957530584,0.05109858150720358,0.22597402709522393,0.05583200865789942,-0.24321954845844193,-0.028966858102356195,0.4214869120697653,0.0824596983859635,-0.6451283852526878,0.04632694023369786,-0.5947774513412423,0.05676816403871612,0.7510261656058826,-0.030611059938342775,0.33711669871831335,-0.021655276223702002,-0.20289311314794944,-0.11573167507936262,0.12527210959658153,0.002336464892288134,0.13963787730336322,-0.44046596417070105,0.1129046826228166,-0.20114168809505645,-0.12927069377728517,-0.4398316564707922,-0.36185738833761366,-0.08537198559064825,0.0,INT
671,1,1,0.6886731382546508,-0.4390383012584473,0,1,0,1,0,1,1,0.3390057961228996,0.46058689212028325,0.39840762551963527,0.6225175873029114,0.7775143123559739,0.36598694303777346,0.5001847785037375,0.2426052447748362,-0.039185522568783715,0.3047823631495047,0.7821022920872666,0.07554280849363672,0.6961273766807109,0.44580376049193626,0.03402635276418301,0.7457949472403904,0.5586764336643826,0.4669340254206271,-0.0658300474121466,0.19594439855817827,0.054055314165720916,0.4682737773160706,0.18786180196296276,1.0560015970651035,0.603237359132274,0.6816581317531258,0.36700386338677754,0.22404603476386242,0.5391686133178609,-0.3207117470021143,1.2287393183250812,0.31726567385954285,-0.15899811615057172,0.5574981667903589,0.5944362840347834,-0.23263295297223355,0.3389706739160392,0.31470793342254727,-0.07792617949561505,0.23732764256428454,0.22490974129367403,0.4174178707685614,0.38443011052914866,0.521621001898222,1.5702768975217714,0.10261655737937501,0.2638701837980149,0.30100261021929997,0.4086307952373884,0.9378041837359732,0.5196113831634946,-0.14777201516909833,0.37774749604690167,0.2798881469707723,0.5666782016851005,-0.29544965998571404,0.33980042794885756,0.5741678441537305,0.6227423533381418,0.7509036158118347,0.47284387206939876,0.6290824698055824,-0.23655474823144743,0.24966737059331254,0.7525605543710905,-1024.0,0.7105944781828032,1.032344849390455,0.08920553072074942,-0.06492099295161963,-0.07436807927417645,0.02673428857396738,0.006483623177341413,-0.0904162050870707,0.8285289192242351,0.5537167971769984,-0.3042764031354197,-0.32085219759230843,0.03581960381505685,0.34930141726850633,-0.18720297969538924,0.3746823297253989,0.019974687985798496,0.35502558969882475,0.32263264021149474,-0.18509672146185535,0.03867613569760556,0.06140117101075428,0.22322162908418144,-0.29997178506491223,0.20444539484810373,0.211678168718207,0.17498522676282852,0.28748451022980487,0.28357332785729256,1.0586376438721412,0.7458799934004083,0.8777900556991923,-0.47337887679466695,0.5154694102669767,-0.4478335150924646,0.3033133783488639,0.27049508393824573,-0.13177105109896622,0.41115816185781423,0.31881434811711196,0.7624521520323807,-0.08497847609790339,-0.7356927387803375,0.2771875584915325,-0.544069875664858,0.32787059256948575,1.261984798047862,-0.11469828424746964,0.6725434409180153,0.06045845002763799,0.5741500156150842,-0.041144308918572375,0.5409960822322814,0.31501526924238643,0.32338756566233084,-0.42001474555084367,0.08465299814506579,0.05663475540255653,-0.011862323389507217,-0.4344449764507884,0.00951442406305127,-0.02717634484219057,0.0,INT
672,0,2,-0.23775245270600676,-0.2542134217697158,1,0,0,1,0,1,1,1.1980925375709301,1.0943344947613785,-0.0561335025330788,0.9915155449168223,0.8237721538760593,0.8953470243810127,0.8796600255361395,1.5580667226410916,1.15520017374281,0.35028627013203395,0.6055069494059513,0.01698887989435368,0.7978494547674355,0.20944712513351468,1.585453556504874,0.8416824276007682,0.1651789906929784,0.31769998305903385,1.2052923202921781,1.4874898965932573,0.05498515138486691,1.8835688887979958,1.5779850599067269,2.6054076439819744,-0.7073290874340705,0.6452295592414246,-0.5077676589849235,1.5283278817338815,0.8104231580970865,1.4627099694676988,-0.8441727375274728,0.6122446300448617,0.4179209972123645,-0.43811941708873625,-0.8273106207302346,-0.4460495998338069,1.764032966258017,1.260691476398143,-1.1373607210789813,1.0541621339934175,1.0418595114800646,-0.904709764723385,0.26408140175927475,1.3418965710381978,-1.3286602419793825,0.78250858124299,-0.04557853584428256,1.4238535245786188,-0.9756025549078713,-0.901396607335124,-1.2173829274149057,-0.37343851420099383,0.1822640579829984,-0.5565884251695511,0.5258733567364472,-0.6036911503856024,-0.3158877836617877,-0.03197215419030055,-0.7133387970755716,0.39214190797599424,1.3769729244953732,-0.29383793142776143,0.1735962018436881,-1.1505694433169995,0.8658394955961238,-1024.0,0.6341766813087102,-1.3482331218870218,1.9105501278377712,-0.433991707113603,1.07494011363145,0.1608408857014504,0.006483623177341413,-1.5111283628654024,-2.168007600172378,0.5735015242587064,-0.026179691411184768,0.3917338857551169,-0.017286544104266156,-0.7264164110236695,-1.0964937172350815,-0.4856128166723495,0.21147543026447307,-0.4780368432997893,1.4579580751832522,0.039287380800398855,1.1117357840977313,0.06140117101075428,-0.3817078407947011,-0.37636727298466877,0.14556786430400337,0.8956331741024136,0.06332699583401866,-0.17775488286391372,0.5524481678801283,2.835927139602618,0.4019530226158305,0.9581449555567666,1.6514955157237579,-0.26790037767950425,-0.4375467577964638,-0.6721292407870962,0.3702801371370059,2.996544123135315,0.477624147866466,0.5305139524592123,-1.3478936911483106,0.2547358571526935,1.8353112582233013,0.09886937423843377,1.4245053071081077,0.45173668855571253,-1.476827757888752,0.15399619116926713,-1.1501789657630597,0.10111853321533977,0.3408032433465974,0.5833557469259145,-0.16661042760525396,0.6667158753010026,0.601626189160444,-0.1466256830038725,0.7310555632705159,0.15608597014404807,0.8763239483133819,-0.4442030076101829,-0.9401786538248974,0.25994485223091995,0.0,INT
676,0,1,0.13850077256804,0.7666361213197459,0,1,0,2,0,0,0,1.1280746703297442,1.0209010674966361,0.13510725210138777,1.2063678614190227,1.0465014636163747,0.7686007042037801,0.9936686269790297,1.1263533781142034,0.8616675923699497,0.6416780608589521,0.9446871203581925,0.330355167057298,0.9270925637190987,0.5281415719192155,1.0623992152354418,1.2145549640343387,0.5432816451172477,0.6997971513438171,0.9653895395352213,1.0858920932109617,0.05452950159507874,0.9801393942760872,1.1478061686517746,0.767320648724396,-0.20853002456924324,0.8712399683002067,-0.12218117372897692,1.1496474546431619,1.0291347864324294,1.117528148085757,0.2582785979717463,0.5798484390688611,0.5277065945060144,0.052010179683852534,-0.38742845746141863,0.10325099064432108,0.9390886732121105,1.1529507551179776,-0.5898956368673961,1.1401657848075277,0.971440277132844,-0.7037397196739774,0.19387691003715696,0.832084816181841,-0.44985427158307584,1.1347506790968218,0.10271670905888987,0.8485021451956589,-0.40339169954265636,0.06391123183416927,-0.5797191189962014,-0.29414249391370306,0.14006051041145617,0.050839415406604214,1.0836656134869116,-0.5662872098330709,-0.3773176958527886,0.20187041758268895,-0.3145313136793783,0.5454844521556028,1.2728760829883206,0.14540145869473436,0.02358168111947472,-0.5541079846535686,1.1462917186412922,-1024.0,0.9538264370152169,-0.5879918274149726,0.6555182353419441,-0.4387179997842161,1.0297713075957564,0.1608408857014504,0.006483623177341413,-0.8453165152124955,-1.1313820077787669,0.5735015242587064,-0.08074767261535742,0.5481268974464284,-0.025931464168706463,0.23772637295050428,-0.24362961990109433,-0.295610973159827,0.08032220439415316,0.016830645829569748,0.7401687145376026,0.3076471101940003,0.9435420573013645,0.06140117101075428,0.4581376157814657,-0.3717871373657493,0.22743013826405903,0.341729800654241,0.001033322835749078,-0.01381900317899933,0.06186100348858725,0.7287605764432491,0.825151147270708,1.063517734615497,1.25999054132959,-0.10299270032765975,-0.4398846125257454,-0.615279764092609,0.36603146631334055,1.0578846629763827,1.0326372614622257,0.6424869569257531,-0.5032931863131195,0.3565983433104261,0.7805361596602532,0.334739442551389,0.9103805283610051,0.9854116053172217,-1.0173601911863033,0.06361773273720309,-0.049634988386388225,-0.29746416612546805,0.3681370943843728,0.16585989935766993,-0.2897454678334747,0.39929260675686196,0.7447361807609713,-0.20414898805702333,0.6120253693448177,0.43573516097221304,0.3768188237652574,-0.44231306811588333,0.03602817759284399,0.25994485223091995,0.0,INT
678,1,1,0.02954594880654117,-0.2960863422567406,0,1,0,1,0,0,1,0.12413446400270248,0.18329471736201114,0.4002766395999947,0.30301758972738063,0.3809471745183613,0.23882234337638003,0.3055735932743769,0.15540588386783594,-0.32689161465412075,0.29360059425132606,0.519754009505281,-0.1054405633885291,0.41167496129840514,0.37796628131052423,-0.10589751969973953,0.513752484240076,0.4619264074289742,0.4174422160684128,-0.18896435734631234,0.18849321064529026,0.05396250388506653,0.4657034128502828,0.10560974365986628,0.9502566126451162,0.5939936540606482,0.35392171188513105,0.5520515670768616,-0.00147781335430986,0.28158547424976793,-0.48336301393773873,1.1580440320030585,0.3387479453809227,-0.06698508566287623,0.5854326409838706,0.5455109287023234,-0.15390117060275035,0.41207769392753224,0.11130111381207199,0.376821651158391,0.22954257498204625,-0.04034407305593729,0.29276815610872753,0.461622644597707,0.3968978906594037,1.435202518608332,-0.1377540181836814,0.39540285010841103,0.3118588836221149,0.489193935511562,1.0343547468076117,0.16322394073665294,-0.013872397218075415,0.4404348052487943,-0.07263283212725576,0.3137266854072072,-0.2715255916790391,-0.07301935495327068,0.6707870673827618,0.70313741705352,0.2588043456840854,-0.05794903790806492,1.295364214275783,-0.19486053631657346,0.6240991552667876,0.4710956244566418,-1024.0,0.35267488227871735,1.1037040767805608,0.21281800608144807,-0.07408304085727281,-0.029421927058620814,0.1608408857014504,0.006483623177341413,-0.22954344457521017,0.8236389708680323,0.5962663514062445,0.5269781231864089,-0.1021927577597402,0.07112814750570656,0.2594527986949795,0.0017421365006583197,0.30780167775468464,0.02063355804269707,0.06721020971564293,0.14903111775463965,-0.029667132980923733,0.1254874149576938,0.06140117101075428,-0.0639036367695488,-0.3280943855638509,0.19997624126751878,0.3163078631491201,0.2102456081175838,0.30256090052605755,0.03419886953814843,0.9421774397051002,0.21712701041716,0.5244937428097688,-0.2568584192788451,0.5958568452662595,-0.1425884876051362,-0.01521555566197074,0.33274168226593903,-0.05118585729746062,0.08756987315299296,0.6146829409713681,0.7644165261985757,0.17910484370544333,-0.6007906107255444,0.29612748382210197,-0.6843082510375744,0.3856108499519519,1.131208659028144,-0.12934502332106057,0.901779721339351,-0.14354139364813184,0.0974923541383058,0.4725148915953011,-0.07493741154210523,0.4390076146079855,0.6003277454832071,0.326293533994243,0.13618724286258807,-0.1624660694156657,0.7947212963090701,0.12454913532881064,1.237902359968587,0.25994485223091995,0.0,INT
679,1,1,0.12097814488559583,2.2021490986837655,0,1,0,1,1,0,1,-0.8865518209824228,-0.9639505857225268,0.0979023089032393,-0.9225139489976483,-0.9993075106955748,-0.0364760927498831,-0.7219607837978294,-0.6277509509147133,-0.8352523056970198,-1.0450076223635365,-0.6772836210845314,-1.0915992326253092,-0.8604077624583486,-1.1794861459793087,-0.8881899529221521,-0.7074988847311604,-1.0998888795267532,-1.079763202803102,-0.7656299552021917,-0.11581361241269235,0.055473889409707634,-0.2551958448704798,0.006732240056929526,0.03218841138075478,0.5105466742032498,-0.8989510550383758,0.5136502526665978,-0.35768097812384025,-0.8307517924080948,-1.1327727632761835,0.43450920591759473,0.06432711371527039,-0.23351754224073892,0.19848154854701627,0.4213283640135256,-0.11250066778429883,-0.7154481928737464,-0.7954161303628275,-0.4678802030664005,-0.41829704963622255,-1.0751449652983491,-0.24903421500866374,0.22117182289198162,-0.41193922598529165,0.8936766342053439,-0.9878371374634548,0.22799772956566103,-0.1608121813097498,0.7935424330905374,0.23685177603645072,-0.2006553124070974,-0.7894275033942757,-0.8394513984894425,-1.434353999897239,-0.31615219625015506,-0.48416428211780493,-0.6310362946895582,-0.09979178784461173,0.7168062229386605,-1.028456689399106,-0.09624134587386646,0.5062761109376241,0.025314095933716696,-0.564484782547384,-0.7750550522993807,-1024.0,-1.0297954935041247,0.6761894682943831,-0.8613750775009859,-0.6479539900149538,-0.7511971644897839,-0.10963828995570223,0.006483623177341413,-0.5877008637898748,0.8180620016321668,0.139971226919706,-1.4790459785584484,-0.42623931856803715,0.05312102343837377,-0.07783206650290003,-0.09254738157574442,-0.8929235962154514,0.018890832793655055,-0.4793274635600291,-0.7257844808786026,-0.7086699407058173,-0.3544576113045999,0.06140117101075428,-1.1674880321822854,-0.3729008844988172,0.16216035268764875,-0.6080698161146383,-0.9609066702616579,0.09577387814951346,-0.6663152676300793,-0.08558437834350224,-1.0654028613946576,-0.867283306242479,-0.6985872206600673,-0.04753174496912971,-0.7230898865120173,-0.3904855174908641,0.0702976777826431,-0.6027510067457089,-0.5793407277699709,-0.03551432585940821,0.6529999467228865,0.23851507630399535,-0.6444462055837853,0.18949943248847387,-0.8217656588426012,-0.24855935145500768,1.1099166429251741,0.01955315302980695,0.5644821036567671,-1.1378454205483852,-1.2577519430937651,-0.3711199982528225,-0.8924222102048492,-0.5695919547190018,-0.046364854810137454,-1.4670752431917669,-0.030573928543925166,-0.4587781317250892,-0.6752739801940649,-1.1820764194670252,-0.1892937399283393,-0.28104986748960986,0.0,INT
680,1,0,-0.06062782352927932,-0.390623615219805,0,1,0,2,0,0,1,-0.4343847249665238,-0.25475196846866244,-0.30342421590364826,-0.2419607268728292,0.0018576375014184522,0.27390189028256706,-0.3300728155455263,0.0028723411013684653,-0.1371897300025291,-0.18447744369186456,0.18897857043019908,0.11995507874039292,-0.12735687206311397,0.013245776099745194,-0.2017537636543785,-0.01018873998418592,0.18875676023658086,0.004074704593449234,-0.448125543288147,-0.4229511158980978,0.05626506204973068,-0.5333305827032724,-0.723661679669669,-0.8909581158935808,0.05438045523416997,-0.013376632516428866,-0.09457944500516223,-0.15767459371426007,-0.24326969731693696,-0.6372552950994,-0.19235083648089576,-0.2698475535663309,-0.33046763385652944,0.365771526309478,0.1723503375156783,0.004681329498674098,0.1524483294576239,-0.28958903098450417,0.2528273058485793,0.5228319994733376,-0.26750676388212624,0.6347294122241829,-0.147467349284402,0.9709850789781921,0.17053042230807372,-0.39449877247796067,-0.6315162904829245,0.3191308936571602,0.08717350690896537,-0.6583333018237585,0.9368585444527673,0.3055744537353761,1.2660160483435152,0.449597465691779,0.7620420180972954,0.5063237286241992,0.7069851888666114,0.29537455947333097,0.06957637579328167,0.5871565203322614,-0.8450678871655127,0.048527688423190454,0.06321211709757382,0.6158652466130065,-0.03481408487651691,-3024.0,-0.26957356804239224,-0.2881701541771515,-0.09403196768292664,0.5910626058407387,0.36343419367748864,-0.2443787277905621,0.006483623177341413,0.6260158169001451,0.636361165867445,-0.9865364158036823,0.9478704224268746,-0.45775347714511777,0.02704726083098317,-0.4192432166889269,0.0029862886707121734,0.640649538466986,0.023405257333925244,0.8910447622123489,0.9559622327602335,0.5190024671919691,-0.7485909548503233,0.06140117101075428,0.17127467649394737,0.05136799327708889,-0.007196693207514715,0.06953961047067568,0.9754400234888789,-0.4741531659313585,1.176836204988044,-0.9445845597901844,-0.4414007381842363,0.18463811917672532,-0.323157655768396,0.36959209170136315,0.5095932601535971,1.120566403295937,0.077289879331518,-0.3786834264713099,0.6610125526220081,-0.6287898091606231,-0.13786893862392124,-5.420872697190915,-0.5914206747775538,-0.11166867679822741,-0.6768393302565862,-0.2886088162637678,0.576749571659769,0.09646056052142836,0.2342376793408283,0.23633112645584187,0.3889126117270336,-0.5820989723432676,0.44035034548211194,0.12115541343979935,-0.12296915461178679,0.6987724836372445,0.16165859995630885,-0.7650216143950829,-0.8848159436917061,0.5866319900293769,-0.8321181743517084,-0.49743935277257006,1.0,INT
683,0,0,0.0009226541992250781,-0.1309502789445335,0,1,0,2,0,0,0,1.209928045838335,1.0723069609953968,0.4694032531391742,1.3501875044585185,1.1522585313317724,0.7927423806059295,1.2234370894190838,1.0308997972369334,0.9187317128268624,0.9179325426422701,0.9595363648405874,0.44245229180987955,1.1452348799220569,0.7934072008701586,0.9466736763146153,1.268255127867179,0.7746040518451043,0.9655776669817736,0.9516649483204171,1.0932486440488383,0.053396049253093505,1.5012580379140206,0.7439631111440883,2.350359847165345,0.06526932931315067,0.9745167528769341,-0.06448325531624306,1.0272062136634257,1.1685762603342216,0.9401313981308571,0.8509345584677858,0.6321207514706668,0.3042033988314209,0.25103786867915084,0.054605846190657406,-0.3018066580558145,0.7602010688947416,1.1475360248634656,-0.18486193375395396,0.9126855625113136,0.9573161131268821,-0.36912871194897395,0.5256622382341412,0.7637750743709816,-0.09129251207949485,1.0671423030030336,0.7117905681405067,1.0268460371281438,-0.3021062174175735,1.0983291773739963,-0.3720067058223992,0.15666392029368797,1.5010962018533713,0.12230405353431133,0.7912835953607831,-0.5183335095300542,-0.013229640836591046,0.3515072163680367,0.3300444699535429,0.9482765165007861,1.2671681410638007,-0.06599567573857085,-0.17455668739571414,-0.13767494823763315,1.284458725488619,-1024.0,1.1094753599025156,-0.023786248982718826,0.42251783461448406,0.20340332825655855,0.7293218874687144,0.15990095693039114,0.006483623177341413,-0.6990584814676352,-1.6129678110696364,0.7104720234609332,-0.08179639785027723,0.3908707628828253,0.07344873192695156,0.28835456323385344,-0.36055019227293006,0.08741248794837249,0.055187298308720954,-0.011952877892963745,0.6219549077973205,0.16489209345006395,0.9973653259895429,0.06140117101075428,0.6498783677387434,-0.37009409777300634,0.23824254853930335,0.18283734774779248,1.2383952530086118,0.32602618006043727,0.061426058694621304,2.5072065852830137,0.8709674493703655,1.0624090216591373,0.8794640946945017,-0.005639453917202069,-0.44079082648816714,-0.4471539121717895,0.5122167127888386,1.659906360528618,0.6637678745337231,0.8391072624397902,0.06624801575021712,0.24986671280405656,0.5425938509363984,0.372276950338257,0.8547821563398663,1.6728819113345768,-0.8810987043361265,-0.1616261048057616,0.35018840875218954,0.7920131618238492,0.7938971477921118,0.27417072215281163,0.9739233047145389,0.5362150900804391,1.1768402191258511,-0.20837447134894044,0.5629488042792444,0.49654492089325714,0.7301857942366882,-0.4432630217326432,-0.15002938973179708,0.2577965362311406,1.0,INT
686,0,2,0.1964386136082285,0.4870343844766978,0,1,0,2,1,0,1,-1.7770307047770666,-1.6396825141609506,0.08736870193650775,-1.9597167740448365,-1.749669174384209,-2.0784832975759286,-1.9359021484350263,-1.5408861419270221,-1.5990046895050631,-1.9737725073797143,-1.4586542512266758,-1.6435594623621175,-1.9192385877498377,-1.9188509223134549,-1.5673563402038435,-1.846678480614328,-1.8701681355027109,-2.098176963747768,-1.3795481157713876,-2.436848917446755,0.057528811116496804,-1.2099076031439777,-0.6328978392895405,-0.9694942002272654,0.3325574638476236,-1.434666183165189,0.37962927005485686,-0.8671527059321642,-1.6452798700747662,-1.0047050497232621,0.04899605738137545,-0.6211423224247908,-0.5960780955240462,0.24548672111045858,0.47765601622104314,-0.22585350575290208,-1.7557587454570325,-1.6995664982894099,-0.7857194301880724,-1.4746163415870719,-1.9379757970339204,-0.1839497494771889,0.040085267138178,-1.6136475811245719,0.526542906322083,-1.7457191080607608,-1.3699075368851934,-1.3258768760720823,0.8070217509080444,0.24496452279809294,-0.5390075975671612,-1.3215468935745234,-1.163710049858678,-1.7842174995388322,-1.336096311497431,-0.4558959907526475,-1.03584252335004,-0.4645018261749174,-0.6422763960897565,-1.6722329977138448,-0.30582927374531155,-0.28304549172699817,0.16874015228968947,-0.8226476880810957,-1.9918616060080212,-1024.0,-2.0023206630016697,0.9124865310012411,-1.4604084718099246,-0.8891215706701235,-1.6740187753754139,-0.06423823104293472,0.006483623177341413,-0.19987097086850628,0.7617007155149832,-1.6000363011748835,-1.61963003590349,-0.6185483433660143,0.0623045897060247,-1.9072016365866018,0.18608765527292792,-1.5452485060152166,0.00970427358744145,-1.2096224057312923,-2.0348682621281697,-1.2580665909329414,-1.2581206894928445,0.061658463971476535,-1.7223095558033916,-0.37941110171109177,0.10839334013205212,-0.9759806979098055,-1.2269027024195485,0.32574211827180527,-1.6577381841183891,-0.9537754844430009,-2.0876903630906263,-2.26791026715943,-1.4495413954521768,-0.3030885126426081,-1.1853504292841863,-0.7716408645359216,-0.40008863500873454,-1.3334481430168093,-1.6700230754185676,-0.08678228410930725,0.7587166562973693,-0.2533159642282023,-0.8406632180708726,0.036203134205661715,-0.8473860395990848,-1.3736034590432895,1.0477137007762627,0.10954303346673373,0.21799394931798502,-1.9926378118232242,-1.9820758118558817,-0.472539679498676,-1.1102495108360273,-1.0325397543049235,-1.0258945302270166,-1.63654871392612,-0.546025977130884,-2.038225469584143,-1.3364483677329861,-1.1789682309925618,0.3025570477454905,-0.19785454803570796,1.0,INT
688,0,1,-0.06932835514423477,-0.4824323606795627,0,1,0,0,1,0,0,-2.6071835479078356,-2.9601517659051186,-0.5303298772610531,-2.8933894995084173,-3.2835685785613684,-2.0784832975759286,-2.1756088602896204,-2.406989352227729,-2.526850655393547,-1.9941742217686502,-3.004989257690588,-1.7422446553891737,-2.743830944112121,-2.4227587206057177,-1.9744168891794596,-3.0584578779279767,-2.749327594534569,-2.568491855812538,-2.2058744092723894,-1.6589825231045352,0.057402232317849494,-1.6790908722724194,-1.5887445906767288,-1.3384440720800834,-0.2157114530055088,-2.8214436378313557,-0.3877063505163383,-1.8586311160777211,-2.471371362792738,-1.311050579077769,-0.7511371039035204,-1.3122647462296615,-1.0755757264318493,-0.6488221967158915,-0.20261604645678918,-0.6388355776973625,-2.576015982123499,-2.4776561747389874,0.8748517269415241,-1.5472647427833932,-2.5013083541953036,2.046503484410355,-0.48699283107517527,-2.254202259314193,0.20108412097321873,-2.5629037411973745,0.22758143058744792,-1.862560260153542,0.5457770203963329,-0.45254668414172056,0.7192140534452985,-0.49678016987683266,-1.2748108268430316,-1.692191361787674,-1.9583529400275863,0.4213051306878026,0.5676048307698546,-1.3018806977517143,1.0603199420954244,-2.929196009802009,-2.0059279289274397,-0.5402042282335036,0.2513259196870914,-0.08885926237586124,-2.47920228929084,-3024.0,-2.640211083678195,0.7214222045036057,-2.4679822480243625,-0.3068710611823335,-1.354264969924244,-0.4452880131715893,0.006483623177341413,0.43052299735673744,0.15969498760611228,-1.6144017463691542,-1.0092897831345289,-1.0104392866934024,0.019810994375498193,-0.24301136310408444,0.007007206737202417,-1.158173756535663,0.006734617294835301,-0.6000584636398603,-1.274539567902604,-0.7035030207761868,-1.6453943043636021,0.06217683655426447,-2.147474914483819,-0.24769968421950264,-0.06243976384723495,-1.8836990223513626,-0.9754039685229088,0.19537911677850378,-0.37118716957008585,-1.1060301417563194,-2.844102293216076,-2.774731014442661,-2.3236199562182893,-0.752408769305856,-0.4400372987596825,0.7966148368185876,-0.4917681377277256,-1.5099035645944003,-1.6662941206587998,-0.45071913818561193,0.1874117641885831,-2.3532540146160796,-0.9054059081760051,-0.23888306855415825,-0.8483953910301502,-1.799789587184973,1.1153885655097213,0.1691285871959122,-0.2583946962542576,-1.4501338712643055,-2.956849361991981,-0.8055188438170491,-0.16031776910022272,-1.8313700808266014,-1.8113633694332836,-0.9839781242091807,-1.5716105086178078,-1.0573754222420517,-2.147800069888587,-0.4578981431633148,0.1737994573797818,-0.7582504218818802,0.0,INT
689,0,1,0.4520751513620794,1.4434910363704687,0,1,0,0,0,1,0,-0.5727850140907061,-0.7973690942538514,0.3376723253218973,-0.5408225477618949,-0.8080804145494602,-2.0784832975759286,-0.0959956771348763,-0.5433466265779436,-0.22453749527785602,-0.3230600590780867,-0.3367543245554611,-0.5911436185637357,-0.350508341721123,-0.5638631941761724,-1.120636691805815,-0.15680222712384323,-0.6519619721024864,-0.4760594909644092,-0.6666170887370463,-0.11971934584744275,0.05465287340610782,-0.2473727267607281,-0.2041802647308626,0.0462587098196698,0.7063573227398763,-0.7336319698186329,0.8968556037926458,-0.4615344053378686,-0.4844094651447828,-1.1511227087348788,1.0336078590879323,0.22383546817378147,-0.0684509313976389,0.7278499117747151,0.5794220100970755,-0.041393642022557554,-0.8174717131648715,-0.5804825111091511,0.6776707849849977,0.31338572223343547,-0.7946998606675068,0.6921239939768179,0.501573679186964,-0.06784641141834981,1.7048489798365742,-0.8582375499638362,1.5164081262680134,-0.5873185391602003,0.9530173572684117,1.098232083220741,0.366418549861005,0.11917809541761346,-0.14105726137678393,-0.7539190177395034,-0.6834425535446713,-0.11888393868732183,0.13235031222312763,0.4500948656582425,1.6141183629210332,-0.3484474489294889,-0.3902435169824199,1.2661295066218636,-0.07886763388451225,0.22468945456958836,-0.34751577947495216,-1024.0,-0.6102517731237269,1.6796222561991643,-0.3609937604140396,-0.2517862235975565,0.0968918376738452,0.13522939265792222,0.006483623177341413,-0.16405756168897714,0.878226083617728,0.5378102039505956,-0.3029474265355142,-0.05943052158290797,0.08691208598148703,1.2128520526644397,0.23673335685022154,-0.20531514227779096,0.017025037555681608,-0.07340438187027314,-0.23723263180044796,0.2275267264123186,-0.09545726513199713,0.06140117101075428,-0.6464524697583418,-0.3429979955653861,0.22743013826405903,0.0664127526234569,-0.32511808343116394,0.4197480912022412,0.004582683049990394,-0.10714342319267298,-0.7490777291057652,-0.46291205268616825,-0.5765331086786756,0.5606345914117143,-0.45702139306818507,0.2934312691942214,0.1317332886810619,-0.7064729572506641,-0.8937464612974603,0.7239385745181861,1.0784413620459399,0.14836887927817594,-0.7155824806868706,0.3656276684586703,-0.8597561743051818,-0.13085145906936246,1.6326980938840863,-0.10851113762293615,0.9826577537817268,-0.11484580738736627,-0.5861386460030411,0.1739328289524743,-0.0525240952835756,0.028703962187510357,0.2182878732740506,-0.4235118933694198,-0.07422427230317095,0.7780398245506178,0.12796722273497127,-0.441167751360066,1.5753026251441915,0.20210530629503748,0.0,INT
701,1,1,-0.2561365990514623,0.3834537840978846,1,0,0,2,0,0,1,0.3141088961575668,0.32512763257562777,-0.07114672763533342,0.14507768191588977,0.14498111013835405,0.613108300021109,0.22509411628737258,0.6978045662073182,0.5896183212001508,-0.23463537008136062,0.36421755806046924,-0.15273446820089226,0.2498828133293869,-0.2612279559075919,0.6681661084229457,0.4050677280825544,-0.22705042797567804,-0.22544878145117944,0.43783154253413786,0.7613441680557342,0.05497416009489604,0.9523993790104108,0.7835773869335274,0.6072211792269768,-0.2785041103879019,0.10894193398720219,-0.07586404539643678,0.8540322477854223,0.1103595036632127,0.559767889498401,-0.3200754157906149,0.49554532817596153,0.47547109626770234,-0.03203496526867575,-0.5757048069308952,0.1336687503621692,0.8151354465285393,0.44152882323541653,-0.5709981083710821,0.7671289278048123,0.22061017799540913,0.04027074506345341,0.11946405946944669,0.7675340195492232,-0.7014321383642304,0.1522721900529083,0.5214649286301967,1.0378463722356446,-0.26266950644434106,-0.5071549929723097,-0.31035065173369103,-0.5434131355864984,0.05237352604635073,-0.7829771895059083,0.3745188281319603,-0.4239674528294975,-0.18928753140756668,-0.13113472561757786,0.0039008338663403266,0.27817439465201393,0.5979018074713746,-0.1217249735719303,0.09694124573336682,-0.8522587093257402,0.2742855906422705,-1024.0,-0.11836603607691408,-0.8460758617534129,0.4012643108399824,-0.02543897316818474,0.6115489518054598,0.03741282779722868,0.006483623177341413,-0.7007204897753604,-1.416887795782293,0.4692667531764658,-0.09143672307234081,0.3004658938552233,-0.027998531984847367,-0.18553844908886558,-0.4545405740651781,-0.5654959801100397,0.0750603609240062,-0.3783135861843355,0.6273309009623115,-0.11655645251808963,0.7914060681593544,0.06140117101075428,-0.5567279431886802,-0.3542395901879187,0.16793108835307077,-0.14212746201069912,-0.06023021779043466,-0.2899538213457005,0.04242041339415144,0.6060057653531638,-0.2937659424741479,0.233201958408887,0.8130241901504518,-0.4625462588291149,-0.4372722093278331,-0.5227285498402372,0.29941790162910187,1.1533907752883896,0.1709054222669147,0.46344922076685274,-0.7501004259844142,0.3682013958617227,0.6229444036526819,0.14607185650804236,0.5747095637863451,0.3352033236925898,-1.330506772575117,0.11404811109839773,-0.5306202989740028,-0.363489527811153,0.06998409391549491,-0.079867000074347,0.12595904966157292,-0.028998751118253435,0.2675843826717013,-0.21539349864522778,0.6086435233731372,0.18393645507585046,-0.17084169751384232,-0.44279974515861725,-0.853826749386296,-0.005714981892635033,1.0,INT
703,1,1,-0.1312131758568239,-0.2189452358382027,0,1,0,2,0,0,1,1.093702152802205,1.112902678746158,-0.8288138514981881,0.5005055266190516,0.4758832192165533,1.064212248709202,0.032158865558097244,1.2885638467233338,1.7305198291616664,0.016445480433489423,0.5347798870410295,0.10610976010764447,-0.005518157910007441,-0.018577606895023767,1.472434019422392,0.6249646051452612,0.2016830999278056,0.2355593029730617,1.6008868222718369,1.8632434336306525,0.056091630708699804,1.7648861069251096,2.1658861605894386,1.5769698025368777,-1.9403254680959687,-0.09269457322177624,-0.9567054555419958,1.5062332937593406,-0.050532758719323244,1.8973467940644764,-2.411313647269018,0.6604816413562005,0.7886071011574302,-0.6452898602688539,-2.0718121824937654,0.14480625191362206,1.0346151183203518,1.2025690237059905,-1.7914062010674292,0.38226582176924034,1.0192266781697614,-2.2977142961103523,-1.058200241113855,-0.07115774434685816,-1.9827684281373306,1.3016669340364906,-1.725124049571296,1.0596015819988502,-1.9221779982389329,-3.0751487653190486,-1.4964123534022866,-0.7333063658669843,-0.6064493316759533,-1.3309847704970736,0.5139071078185112,-0.6219030696878106,-1.2750731492779237,-0.5286684986330432,-2.98621080733245,0.9396433486201464,1.3273061450686428,-1.7825245165713057,0.2759899516156304,-1.3159278672030759,0.4572221762943887,-1024.0,-0.36015796088002366,-2.013745883854545,0.7059775431669952,-0.8802488690311377,0.2470029604898314,0.1608408857014504,0.006483623177341413,-1.1485017119096423,-1.9339340600565917,0.5637994454134626,-0.040914792960006066,0.9688500410935665,-0.017992773336516926,-1.3873935353398372,-0.6474224573325045,-0.18552914222821845,0.5187370603453003,-0.7086631822811281,-0.21474713693492797,-0.6249365881093939,1.3367350511393323,0.06140117101075428,-1.1851681437565837,-0.37846824764892667,0.14989352765808484,-0.010870361112910749,-0.6459437684668896,-0.346430702614368,-1.1944721438708463,1.6709549954173495,0.18659427808954357,-0.06145350386308397,1.6217278135399211,-1.0742426710022703,-0.4323465539996249,-1.8112208113705879,0.3644409022040137,1.3434030461618167,0.48667077162348643,-0.7428185894146222,-2.9416860705020773,0.41353432597086986,2.4429995719698843,0.09688573449264114,1.9175511719195781,0.03800035236169116,-1.4541180463756278,0.2558850687493875,-2.7037897057064506,-0.17414256209007528,0.8924137229100423,0.33693637331698784,-0.8873987234268205,0.053154839756768386,-0.2490112009190325,-0.16996485753056975,0.784806665326726,-0.39769558635826147,0.20685126109074642,-0.44389480767649214,-1.6250698130009702,0.25994485223091995,0.0,INT
705,1,1,0.3349910847931396,-0.5935518844781643,0,1,0,1,0,0,0,-0.17591423982270685,-0.0609078056808511,-1.7390539041578268,0.37339329296726304,0.5425896412697798,0.6763687003238792,0.35523665123833426,0.6579184775449537,0.6991466614971354,0.33071887697913555,0.686059710998106,0.06702303926967305,0.5546017739882337,0.49402413649297194,0.7225239177571422,0.6200876607973709,0.45855783289600566,0.3485202215291213,0.07969632670466772,0.7298405074526672,0.05637073468164711,1.0604207177724747,0.6212778833954448,1.6122504825218975,-1.663650730467398,1.5167924375371769,-1.855223424976613,0.7546768318156624,1.3260650770032343,0.6021555469176797,-0.3591180156010099,-0.9646993721948733,-1.5811092498384733,0.15132454455686029,-1.5781242139416354,-2.1251895340327827,0.78133424078839,0.6353232714504792,-0.15702164619239858,0.7794250127846741,0.4576299466882406,-0.14024043604825165,-1.7207949208607867,0.4197169367212283,-0.788818699347656,0.40694838974138975,-0.25266051752058033,0.977206300524191,-1.6478196134312761,-0.3362411908843955,-0.03524418468987271,0.01276947031307555,0.5450797871668608,-0.02641259416568208,0.9608180563070071,-0.4873352181578434,-0.08600544273669632,0.07155183811449724,-0.3342519748082227,0.9161912728432329,0.7808560829139018,-0.7239618980037583,0.07278825130702522,-0.24370924315668638,0.6398535390640302,-1024.0,0.8043742993814986,-0.8297065640246577,0.36772701205524644,-0.05853802398192905,0.6125240921320101,-2.2049160860410386,-2.9902352524329956,-0.5935922186355688,-0.6179388769021501,0.0415406795644108,-0.12746535876033954,-1.5711827462523535,0.04738748061714863,-0.5913612454720398,-2.2580679711151483,-0.11597020981111447,0.2029099203234927,0.02481891928961333,0.20122937174975372,0.16873350306813112,0.1264346262872459,0.2006728319049243,0.18244613535711762,-0.36308057455025966,-0.2527623970778976,0.03255146507157937,0.3519403305756045,-2.9812808397499486,-0.24836083316566657,2.2426242815936304,0.19079517384254763,0.9814481551153931,0.32607300174779646,-0.11500098250650173,-0.43719116233842414,-0.5788174210110333,0.3039630839729299,0.9011960202474937,0.8365866690889746,-1.882285961384007,-1.594285129267743,0.13182998514551833,0.4889012210704609,0.032761411914862926,0.572272089513142,0.1805092692361084,-0.989099350802103,0.06901922946296955,-0.46250073809248127,0.3913319077725559,0.7749438413976609,-0.3591462506706397,0.5001354960464582,0.24971641144435455,0.19286570890473637,-0.26817953568142194,0.4237721436519055,-0.376191595686041,-0.6189499890656189,-0.4409796962347405,-1.4784331238630217,-0.6395387300336534,0.0,INT
706,1,1,-0.17833642792771612,-0.4616596555578841,0,1,0,0,0,0,1,0.004504901648466361,0.18965512839085308,0.28105288472163015,-0.03658844893563694,0.19476275632293014,0.41825969687657333,0.01857794619417934,0.0033010616261910336,0.18768385269087798,0.05349195974768155,0.41542333193555087,0.11535059105085368,0.24835037213552696,0.25649759777841263,-0.12041284491213214,0.2559965109223532,0.2588022339174199,0.089632794680424,-0.08395998537437319,-0.05514357155809852,0.05429320033185762,0.43068060198593083,-0.1659677238044042,0.6057919037703329,0.4673132791464485,0.20253432455795048,0.4477651922738984,0.05139007394554758,-0.016104649765818317,-0.33670679494496103,0.385206960312878,0.31824989719441615,0.11571773831250623,0.47586973941987626,0.4176889981329059,0.09577484833053043,-0.006504343851471425,0.021222056383417114,0.17142089183768663,0.04985650063460537,-0.053645127351653624,0.7465203724563017,0.4059649161632292,0.39799503557350413,0.3641357908378945,-0.08170795030771072,0.05589209584749663,0.14811021611762423,0.49942740770537863,0.4586625055204221,0.5370861418321463,0.007728609966054749,0.3103077165142608,0.40411578992631625,0.2523192083973824,-0.09887954696026188,0.6163457032169074,0.4566648994521263,0.24908308284828135,0.3121440149415283,-0.26518509334405516,0.4055309949412046,-0.03493429404990005,0.27673954314454025,0.23669967786579427,-1024.0,-0.05475703429503235,0.34068583014976483,-0.22979668283434015,-0.015043019360478976,-0.22949314923321218,0.015616092173248048,0.006483623177341413,0.1892423941307547,0.76357307420237,0.5782186213168472,0.5251871277319015,0.10925303419517046,0.10036911091991312,-0.11628547881105812,0.20944318913593044,0.3030106388591549,0.029346023061729495,0.3299060155261888,0.29569799098056987,-0.14571159042198312,0.21329047439495383,0.06140117101075428,0.4583289071917238,-0.2603408357752733,0.18897573080711627,-0.013338356406855257,0.10183387158149122,0.1477297146982484,0.5327336495217109,0.558439773777925,-0.2742193184476026,0.15497927005090975,-0.21415340259580326,0.2610005206538776,0.08326767443981928,0.6342101252782063,0.31466900321519004,-0.24440200810664897,0.08295537419181939,0.3780651588941713,0.5293727990227103,0.42373958434916076,-0.19189622025168188,0.22013605464698144,-0.5775411606150276,0.19391945165107372,0.3615190574585994,-0.03551816352327263,0.6168079463842439,0.09969987443928625,0.053012865617403655,-0.04387087225645579,0.49164486426491655,0.290132239066454,0.34871925609055066,0.30470748450036467,0.27583012607286195,-0.2167270224205873,-0.15741676711312186,0.12892034342714814,0.09341810977069297,-0.04927061872132546,0.0,INT
708,1,1,0.002710325682960606,-0.5264319918843201,0,1,0,2,0,0,0,0.6476470361392728,0.12449981508273897,-0.4683879724474866,0.18002342309570693,-0.511389999118045,0.7066100079910379,0.8197473811288661,1.0477598134806505,0.7319034923561871,0.756107121675008,-0.7259293315687808,0.7231348428307651,0.24748001172747672,0.2330266397032231,1.0165001310867443,-0.19601651611962276,0.33293957246975303,0.8521187011821271,0.9842665703032492,0.6051365238238691,0.05563233643099012,-0.31331670164364744,0.5298317159442294,-0.5599977819187206,-0.6870215097227583,-0.5061215775997085,0.02014204404757334,0.7737135790543649,0.14645772749921668,1.270025745283271,-1.6394642421857095,0.3736303598876309,0.5381367090372535,-1.4828459348507828,-0.7647058797426797,0.7064505906435616,0.04975226324525362,0.8859124662206856,0.004115981221171731,1.019266857283359,0.7431022495927135,0.2726400668242661,-0.673932945623248,1.261900138998369,-1.6779512957256495,1.2083244401077506,1.0206038816159275,0.7469765311204387,-0.3877213559592351,-1.8971538302642923,-0.21424591917655827,0.486267427141999,0.5728118713877819,0.8505887097588315,1.2093940708485031,-0.27441646055760976,0.3122765741779883,-0.9686604503621172,0.16307780442644979,0.7603005470610849,0.5595348726145857,-0.8168988161883459,0.23609940448225403,0.12574882257063363,0.29269637800525916,-3024.0,-0.29532508722414236,-1.6539382194216137,-0.5878170717982465,0.1259711836202885,0.9956864084937656,0.1608408857014504,0.006483623177341413,0.11220893342480655,-0.7906197566785848,0.39531100614218245,0.7380976249002345,0.7702851317378006,-0.013750070443435474,0.10400492248515308,0.627434666234342,0.5276329029315574,0.19574330935393022,0.4246090476533291,1.224736406048219,1.049531947484387,0.7019962303855786,0.06140117101075428,1.0968157566314989,-0.30396870824861605,0.11923779794263756,-0.7114466276654434,0.40766269383604625,-0.8390930572024209,0.9474843705118715,-0.7960478979891719,-0.7988916087512737,0.375443480870554,1.195646475061708,-1.3619851772199547,0.08417738742262477,0.2911829813738313,0.26483221635583193,0.7074467608480459,1.076472474348659,-1.2068143727165124,-1.5163405993601546,-1.401191057020866,2.1491723078312686,0.003352123005302355,1.6678222765860722,0.42103639039735535,-1.4103098033412729,0.21646109884642684,-1.315024757597608,0.5132741566007264,0.5683368568468478,0.3953223196297139,0.2136526930349122,-0.5505957684159021,0.4372009255988403,0.5448429046614606,0.8014738201860349,0.37691017232062424,0.6392650454683491,0.1258122717849855,-0.6829631741978331,0.25994485223091995,1.0,INT
711,0,1,-0.24151967910251468,-0.4997274349765109,1,0,0,0,0,0,0,0.35689673871613387,0.3094893635785473,0.5433970477228204,0.28233171902116466,0.2111250111157321,0.6248547012672223,0.0216937630576037,0.5059624623085773,0.7419846617511383,-0.1846579659971303,-0.0682130438666146,-0.3489934534079445,-0.05507141473396639,-0.27135567529144344,0.6326585748432781,-0.004647112639324518,-0.15285994166402278,-0.0942239556643526,0.4885588564111617,0.7864067654184025,0.05298970931256615,1.0861926842239298,0.8130789428919979,1.811326687999669,0.3099854353624763,0.30216155628738156,-0.20633346920001294,0.7485632693598506,0.3667424245432612,0.4810461825136842,0.6731182769810388,0.4251062362032599,0.015450622141655483,-0.5393126594787553,0.514437773646672,-0.4807324078824774,0.9110874630398177,0.3920668510273137,-0.761313209568906,0.20513867330343022,0.12772615982575838,-0.3336281558844442,0.3480452907753677,0.285468719770499,-0.11713489030806241,0.14198139242564362,-0.4147356197679262,1.0712613856703244,-0.38155336296550596,1.1061090592344445,-0.5859079000381934,-0.7160091653348631,0.10547969090992657,-0.7944928145136014,0.2873596151582083,-0.566082960851595,-0.43211095570852576,-0.4113885321439763,-0.5361719641915023,0.48385658289738387,0.5485061078993371,-0.9962113341145995,-0.1795996072406446,-0.6806775764857277,0.1632716090960903,-1024.0,0.096158439122378,0.09811100182729965,0.5559900281110852,-0.626756805941023,-0.05174986101390248,0.15418899167637354,0.006483623177341413,-0.874954998319414,0.6057922387697354,0.5918718071844222,-0.11043489013434353,-0.22572909092922014,0.003912408023782096,-1.0416573562845335,-0.8613504127949778,-0.17584551878205573,0.03139002706575292,-0.4694155279219365,0.08193953164669986,-0.6371000676467679,0.4737851715088643,0.06140117101075428,-0.570233520371794,-0.371902000891316,0.16216035268764875,0.11566614218193948,-0.05689075925377704,0.08841889792779481,-0.38948849580092376,1.9283985488098325,-0.2826146356195306,-0.049268503425280136,0.38533751914599607,-0.21233010734874178,-0.43902471900799445,-0.7360984812259979,0.3875859022872417,0.9218147542094943,0.13865536622033095,0.1952591956172326,0.4251489026556202,0.10309526890676121,0.042881506061555254,0.13791372393128773,0.37546972512693144,-0.28637219972389544,-0.37320563653031347,-0.22044401297288901,-0.9563690013799929,-0.3769197931421001,0.3150779146492206,0.061901811305907134,-0.13444681400663774,-0.16172913541049483,-0.5219127859641856,-0.25523999417185544,0.46992083655215144,-0.7092338556709992,-0.2782891252458684,-0.44324069745432937,-0.5954940917418756,0.2447833001909167,1.0,INT
714,1,1,-0.021041904489573077,0.3277222041590533,0,1,0,2,0,0,0,0.23304637461922975,0.43393215432828736,-0.8181901618025936,0.5089106606640696,0.7660328538921184,0.6312916015782555,-0.07554634007418495,0.8916311188936786,0.5658492733555407,-0.1493139157232775,0.7607661409873073,-0.12563933095622853,0.14728633267602917,0.03960036083396682,0.7874316651112531,0.6306658702741131,0.47100166838791285,0.29981014855126426,0.647394024630092,0.9168624095565436,0.05594228112596892,0.5168312858848184,1.3521415125594138,-0.6203995163946598,-0.688077643628618,1.0645626310238128,-0.4252593064170713,0.9123755952406304,0.8128243568624953,1.0274294899784173,-0.5236586229783742,-0.3036285974386681,-0.28874848599176817,-0.186410147264817,-0.6506904927950952,-0.2463883564993809,0.5615558936262411,0.724391846775254,-1.9344929971256022,-0.376778174863738,0.5508426970130669,-1.9901511990162517,-0.9099301975374492,-0.03250215140094181,-0.8633168772196157,0.7845359691262581,-1.6069434166234535,0.9243004715587296,-0.7119726379526865,-0.6410953756643615,-1.3235289830600339,-1.1594837221422614,-0.7222858430065656,-0.3490111752342454,-0.2200177891435293,-0.6210569312188806,-1.1158138883538382,-0.12029665054303837,-1.9450581230674016,0.050523946288708224,0.8725742520891396,0.10994916942256329,0.0978819246367451,-0.7718549281146904,0.3574882723821733,-1024.0,0.5202484121751906,-1.018280309643477,0.19941324333113597,-0.8705351069152462,-0.6828961410846454,-0.47113931168355555,-0.8868388441884562,-0.6966557888466939,0.16506464953475505,0.07670298320690405,-0.12559568563379137,-0.32432538600727157,-0.007184688261595158,-0.9221677419087416,-0.5515358160303618,-0.09974465455794324,0.1101528010828428,-0.8176828984553589,-0.29944882263653916,-1.0706727730259191,-0.027235672378700906,0.11385732388585193,-0.6696571654417348,-0.37470865746712667,-0.09927111762955408,-0.1355245944332474,-0.7984195879132192,-1.7479939968150342,-0.9678956601239609,-0.5831961710439955,0.2696759010618723,0.616438518697067,1.2705623464301539,-0.5475182873487351,-0.4318483537967192,-1.5313055832621478,0.21747662033489293,0.9297335699847687,-0.4999684350439628,-1.302564894460806,-1.1111344233714833,0.37575064301504113,0.332316758582556,-0.10722353999714387,0.7863733440071015,0.0636515637811974,-1.0625328999406352,0.10227747833181475,-1.141711223732353,-1.3176266215374806,-0.12137217479141806,0.17858285840441426,-0.8331141804543603,-0.039095502888002884,-0.3489411332397729,-0.26635231336421283,0.5424116332079778,-0.5954716556946277,0.27661906157875754,-0.44432516116026965,-0.14662718718130124,0.10894271234016467,1.0,INT
717,1,1,0.16687702863237922,-0.011862004278822983,1,0,0,1,1,0,0,0.8859654340133956,0.8328371636673142,0.40408752469725256,1.0439520395361461,0.9609954363569512,0.7381974868790274,0.974826606533701,0.7756153185002782,0.8230294090237947,0.6921644322061474,0.8851984754733355,0.263388027601564,0.9866731428394948,0.653866006981904,0.7839210071866196,1.0776881799386844,0.512186102196777,0.6071565117616595,0.5950203178147951,0.8345849441784656,0.05367154563280214,1.1094582973788036,0.889600148067521,1.8646978879585994,0.12415698220568344,0.7343980247573034,0.13279197425078654,0.7873657676639704,0.8211816600216489,0.5800327570619832,1.0212816371261835,0.666364610803835,0.31701534283223565,0.3962349495179452,-0.0356774494066972,-0.24476532820921365,0.8787591877296517,0.8095073232210058,0.27426068217019406,1.3130513982918033,0.6161528130724607,-0.092439032123987,0.595248521327125,0.6950530570249801,0.38373866262986395,0.7286317419841585,1.0984401504027792,0.6891496019025252,-0.10884378047777546,1.1055208076672214,-0.31962962710540194,0.17538640070934766,0.07957092678558474,-0.0163002916510583,0.5812857072176953,-0.4045166242180529,0.0668844665920158,0.5015618371752494,0.71210673997848,1.3938613696752784,0.9459060225011059,0.47650425990432405,-0.20626329520453282,-0.0343474870954209,0.9461896502384396,-1024.0,0.6516318888958031,0.26238583711184,0.663108223083443,-0.23487064658903334,1.1972289356291868,0.15895762111583017,0.006483623177341413,-0.6709948064235984,-1.655574080134077,0.7419899635299864,-0.10597752864885639,0.5035221099000153,0.01935290917047616,0.7291870901416667,-0.12202521281369548,0.16378465490192268,0.05556077149984707,-0.13999927786491473,0.540250355216423,0.6431178090069098,1.0405899716281677,0.06140117101075428,0.23849706262926465,-0.360262826955038,0.2645265649482487,0.5371912192138715,-0.06872647629916694,0.4367851815212875,0.0380886189725183,1.9527650143968671,0.45315882012399405,0.953703791190011,0.6839375415641527,0.2734826998863275,-0.4396417342817247,-0.3716102065519512,0.5554610848760057,0.802542115960341,0.47874189561735303,1.0125965891437063,0.0917445459555327,0.3907751387980832,0.38408111952835894,0.48774582770135877,0.28692763006106725,1.1961844788218516,-0.5964492080843911,-0.13681839452719868,0.46110689496413104,0.3770820319805371,1.2906993703692766,0.2539485519594892,0.7570866108431368,0.6015594993646074,0.9184557118915398,-0.24737379470290888,0.535112016683948,0.7492146731903407,0.43297665081495457,-0.4437525927951791,0.13677650862578858,0.255642403928155,1.0,INT
734,0,2,-0.2465676842060002,-0.13202406964569763,0,1,0,2,0,0,0,-1.8592422407570621,-1.5751731351531937,-0.909663328968112,-1.6560956315596214,-1.2452557637458532,-2.0784832975759286,-1.94334466364969,-2.1563937011281156,-1.8132525025095978,-2.048363111989677,-0.9315313421895461,-1.514482392520027,-1.7424184017763347,-1.8390519793966542,-1.6264702726396445,-1.4307726508920642,-1.3662333429438984,-1.729032038542033,-1.9787725054637049,-1.2975928032246384,0.05738764156273551,-1.8613532442429275,-1.13373431034279,-1.859793136959073,-1.5958940973169282,-1.2071025777552655,-1.0607068510247355,-1.5890196802269978,-1.5979397756331384,-1.6433208030907662,-1.1458640317511466,-2.7383456250539653,-2.3610219124600684,0.9897189885749385,-1.207460514546295,-1.9335001077689578,-1.4644636607099053,-1.9167031930000993,-0.42390277267711063,-2.014214965734361,-1.8886682561338566,0.7390630246179342,-1.7104475577208178,-2.1284092916699646,-0.4683816435575223,-1.915856752454558,-1.2992985386587343,-2.420659987516513,-0.07370391881352274,-1.416584322336845,0.6029916447894985,-1.0709533766288661,-1.8043038025698248,-0.9778330094803389,-2.514568620258415,-0.12394464036264678,-0.3424710197294197,0.45601171950439184,-0.2748441925182732,-2.4936942105797164,-1.5414305850281242,-0.4972439474762504,0.39960948251504347,0.06664476030932344,-1.716026377335798,-1024.0,-1.525192430645776,-0.2530548024695524,-0.5488244982205336,-0.5828590058025813,-1.6731339649114003,-0.34688205320714544,0.006483623177341413,0.5340694495830177,-1.344380971085551,-1.8277915263189168,-1.3610775549338971,-2.3221291331358747,-0.30323039456146594,-0.8405476616883173,-1.3734289772708699,-0.669675948447786,0.006056696966867469,-0.33541111850004435,-1.4233865917533566,-0.9715577193686972,-2.4047208486446108,0.06152966101255928,-1.2822747264691896,-0.12774429203550794,-2.353969012687836,-0.2883112710671088,-1.5746561437830082,0.7214378029712898,-0.5767460683519028,-1.0441695060503062,-1.455455139574556,-1.611104593268369,-1.7259458465411217,0.6541656606452789,-0.43294285948599964,0.46403286053409615,-1.7627976388240258,-1.6034381542500433,-1.9084547517155916,-1.9740923267018695,-0.5891602380621924,0.7360008656128574,-1.4640396752631446,-0.9195354832229833,-0.8608938025928453,-1.8872308013861958,0.0796843453185488,0.31873190597398127,-0.23709149129262277,-1.8565335706505304,-2.0997838752390665,-0.9070313220612328,-1.095218571282055,-0.6620420034421156,-1.794863575484482,-1.082200663217736,-2.087240190392381,-1.3893308579204942,-1.522384588073054,-0.4445160761396819,-0.02481173917618651,-0.6402454009268248,0.0,MH
750,1,1,0.47214851063436236,-0.24500694572049536,0,1,0,1,0,1,0,-0.8221908618233141,-0.33334902143851175,-1.2434302756071842,-0.17330743653931813,0.48590025662471653,0.19186608888349968,-0.7106236149061215,-0.1924905894619942,-0.3997175536592029,-0.3006724116479709,0.5240812252482012,-0.0483016430138746,-0.15547294569871878,0.23746849917361793,-0.34572134613676697,0.0021070393393565205,0.37982916898158164,-0.10784645329750026,-0.7103211701636611,-0.38022037889173743,0.056257341086154294,0.23454098793104836,-0.43270266114658484,0.3531130873029871,-0.7931992509009633,1.2799476723780403,-0.922255906211812,-0.15772540135627,0.6319571581852113,-0.25485693573289037,0.5532111192028587,-0.8503314430508091,-1.2695871944865618,0.3381291787518191,-0.7870143825593849,-1.4331426930419944,-0.20189391091890987,-0.2651462079389975,-0.05727511055440406,0.12447895321679499,-0.2778939272579556,-1.1201068001533399,-1.109411521146248,-0.4494800351456033,0.8762587579531662,-0.22937738036694663,-1.4852728697287552,0.20359868161812145,-0.6561476318250872,0.4692345186299243,-0.7277031431272608,0.09959156869265721,0.14745023618527778,0.5089456622002304,-0.3288368536704639,-0.18689272527579878,-0.7220559632946816,0.38226215849257666,-1.0583030536213114,0.37418678112336257,-0.5178908857195675,0.28243429935274006,-0.06623891851256165,0.25504996579288636,-0.22599455720953573,-1024.0,0.18621026549044795,0.6021925113042833,-0.2689284951749739,0.036834831779349556,-0.06163866840855482,-1.735352607731257,-2.327269724734746,0.5050398132386174,0.3097621613437383,0.07136587235408505,0.39632559874653217,-1.4675761796383755,0.08275024090229322,-1.1885170343615756,-1.388698846663388,0.35434852837080744,0.15627875959747795,-0.65504276416358,-0.8211158073166948,0.14858014728097005,-0.21113140163825925,0.1777991043513648,0.5158956163421249,-0.15026329859986362,-0.17498944069352146,-0.06037286016581587,-0.03568729954395105,-1.9890952113343634,-0.7788089471920793,0.6952741004243597,-0.38238595969794403,0.21934113940724667,0.003679317035168373,0.19771069743292585,0.10552013707672389,-0.5761503486077852,0.15200747125421693,-0.32083585882489374,-0.6811561671071531,-1.2092614996865605,-0.434593698848586,0.1520193094470254,-0.715083061064798,0.09008825335574192,-0.7338805083451263,-0.05028893608726046,1.0262742367638655,-0.049106400941697076,0.30488049067803946,-0.16146959704064606,0.16449714274836275,-0.4662878934170517,-0.8537374484934688,0.0949131263774327,-0.06662632652517919,0.1850706059033407,0.0016571565009229656,-1.4234287255348876,-0.7023481818440849,0.1360578742667967,-0.3156770439100194,-0.5537423314763917,0.0,MH
751,0,0,0.006082701842976435,-0.390623615219805,1,0,0,2,0,0,0,-0.4722174733429295,0.04544084195686725,0.002108072879857814,-0.5393730915747135,0.12119131945119506,-2.0784832975759286,-0.9190709595049436,-0.25505964712466445,0.0634751143305708,-0.4128059575456628,0.4209692572379438,-0.2739497601725583,-0.3773398252758504,0.12740224890095686,-0.5202097206647442,-0.12399286959624807,0.2582014458965019,-0.2416761305209041,-0.2585806877886148,-0.3293534173897716,0.05557203121483799,-0.38812550160335646,-0.22278239259697022,-0.6695133575460546,0.352774222985416,0.22115068801650045,0.45270227686167397,-0.22352203835109,-0.40611643401079733,-0.2756671198885676,-0.4373449208413135,-0.0638979880413132,-0.012976319983873783,0.6785681992794281,0.37834442447793337,0.21343553314772712,-0.4222565812854329,-0.3645879835022227,0.01460788375842448,-0.17448870748138492,-0.47281993624409596,-0.2680063213415997,0.1844411268078627,-0.2067346417330707,-0.14664053547840353,-0.28155883066306103,-1.4585169489769476,-0.22101089570040403,0.5669834708311193,-0.15045326983772978,0.29557276837638313,-0.003209231289453648,-0.2719847388117308,0.32400240862092383,0.386547777410705,-0.24470136264367634,-0.18665446327388754,0.6506702262302975,-1.2313091425079865,0.43770335092301843,-0.3360106991165807,0.4727102876521554,0.12092992984044856,0.3052700235684735,-0.2882573616851964,-1024.0,-0.5954420199624554,-0.005895485484821325,-0.41705331664988027,-0.3810525089319093,-0.2570502326752418,0.1503102573081713,0.006483623177341413,0.29749551936388063,0.7411046580683109,0.139971226919706,-0.3373356516394573,-0.1687179320753584,0.176910261358331,-0.4115895593933675,0.190006674137621,0.2963290860474256,0.02449547145212203,0.5085387005021839,-0.4422016920670145,0.03297080732767663,-0.3984999836972405,0.06140117101075428,0.10991547523894231,-0.23883092992975918,0.0840716794480293,-0.11962510875441683,-0.4404199201076439,-0.15084656943819266,-0.22876671346167374,-0.8052472174714704,-0.6586951091454966,-0.6233427411144795,-0.21339616965307426,0.2721181624775719,-0.12569573693210945,-0.06160420109957638,0.0760907144470911,-0.7580379233949274,0.255509057170312,-0.11215313018037924,0.3766528091333789,-0.34746617385039485,-0.24251099418897976,-0.004483257317607592,-0.7764942837374847,-0.6293024904845674,0.5115394861830577,0.053974609745719604,0.14473540427463893,0.051340757536867766,0.3267841828554045,0.23043828584763615,-0.16122949339685008,0.508748288207935,-0.3573079551171895,-0.4918468493254391,0.1501621204619891,-0.6748545690318158,0.13008100363008046,-0.4343831572692791,0.6128782397006288,0.23598778117583968,0.0,MH
918,1,0,-0.1474113054683433,-0.1907678023938294,0,0,1,1,0,0,1,0.34020256211916355,-0.41343860460274945,0.5654698747581587,0.2648155470060984,-0.6946420561483367,0.4660991059738685,0.5603289019313613,0.43304772801093805,0.1988777272019629,0.2066142352941425,-1.7418732204137595,-0.15028517397521737,-0.3114606899268146,-0.5986708735815409,0.7286241585699249,-1.079014943863171,-1.4521780004612648,-0.7515422284452681,0.4745507372918266,0.8091810845573411,0.05283554367589654,1.0628634343675232,0.7012045933837299,1.43578933794375,0.2221794687249066,-0.5044327048163784,-0.4879903998794734,0.6163007244394807,0.3952462505893673,0.3618421537484568,0.8988576291514253,0.47644786335588835,0.1310320556886009,-2.1072187736908847,0.4036816574125192,-0.42557251753343456,0.22057534568870188,0.3821744113726492,-0.11075330522701979,0.5110076926834435,0.060621333709253246,0.08877044130405888,0.41339880956534303,0.3901900073274778,-0.1154802129938035,0.06016887107291113,1.175744821594519,0.6660949176593601,-0.7424778264397502,1.2954949941643736,-1.618410761449243,-0.6444306637329786,0.21646681363460957,-0.9567914365792166,-0.8630680066952807,-0.4802544890527587,-0.4725997697019603,-2.2367284637626796,0.984918652683363,-0.7704051135321541,1.68274582076247,-1.4854859268078908,-0.2472454244241434,-1.4878827466967293,-0.890710169161196,-1024.0,0.013034721034613865,0.11138448278537749,-0.5875862711894678,-0.46353930397022647,0.27902428728562734,0.07761832242120001,0.006483623177341413,-1.6503179628861653,-0.774915948240619,0.5735015242587064,-1.099105075543062,-0.2661209167144167,-0.009246462903856358,-0.5272762773639802,-0.9764145210220649,-1.7007745799544909,0.029851148905028598,-1.8914977473393988,0.17625689885480122,-0.3102569481647684,0.5863452313316893,0.06140117101075428,-0.38959289921176576,-0.36778416090406957,0.1698053508516132,-1.753412283486557,0.1465683433899717,0.06718710904724273,-0.4194299401061711,1.5121923494021905,-0.8013374728792029,0.07258109263909464,0.39265518821568796,-2.479531043542641,-1.19950805170184,-0.6482498902227114,0.37197837915007187,-0.06831095614585593,-1.2026805874846849,0.3220837976361024,0.24837165371040235,0.32492418369394094,-0.04466968146236457,0.15339562018020284,1.9516880325440977,-0.7879634650018683,-0.983989759353462,-0.2610013129694272,-1.7225627626088935,-0.6989610511938417,-1.0163848501825499,-0.023116375791223484,-0.2535283828432753,-1.6726706459838883,-1.3092283683481758,-1.1276505927910536,0.562570030393985,-0.04805785040919407,-0.7941821782335943,-1.184538983924858,-1.3021767396331934,0.07723085698372398,1.0,SZMC
920,0,1,-0.053692043028764874,-0.8904862055007008,0,0,1,1,0,0,1,-0.1694386514073187,-0.5237414869465764,0.5581442565554656,-0.007241808661672188,-0.4429160922764638,0.27856109484062663,-0.07382105898815175,-0.04437639158884549,-0.12644758549134683,0.08451682697084706,-1.411717690659715,-0.29365523770464524,-0.5089848397668616,-0.27804478460410254,-0.031801389224849465,-1.1764188325590983,-1.1899928545643965,-0.8809039595854548,-0.296877087277589,0.396999248540421,0.05576377065911402,0.2501797295794348,0.03675201798212831,0.9298193053212752,0.7539560119462708,-0.19137626293259755,0.08801636019920148,-0.24086156382677745,0.21167608283871603,-0.2985394280771786,1.4443875877120387,0.05738053395186728,-0.42402597171860573,-1.331087098478546,1.0795468527651915,-0.5201759102874014,-0.11162906644054803,-0.21491777355117148,0.7737109992608979,0.3061628024930254,-0.46634386906478587,0.526958569251009,0.2692612573181347,0.4328882997719267,1.7548180292770152,-0.45610539154157487,-0.022837355321219346,0.04795906197891745,0.027439468469929746,1.9138221289816344,-1.1247624003996246,0.24553271284849704,0.019616930284383726,-1.2077480213171403,-0.5078789749750243,-0.286382158805272,-0.030545320806912142,-1.6208132712875991,0.34458209051863675,-0.3879007898643201,0.43308498393869876,0.01228522642447421,-0.13595190284588501,-1.0059145602022044,-1.0272710592821157,-1024.0,-0.09464330335326923,2.233701267990704,-0.9753361635202848,-0.44503964955122705,0.05972302594176623,0.15990095693039114,0.006483623177341413,-1.0262937327271564,0.9011691427006889,-1.2895386502051596,-1.1845657940069514,-0.4863932607621335,-0.017412601358613656,-0.7444451770961729,-0.3335900537271217,-1.2762882947183531,0.010420262549095418,-1.2432784960370156,0.19528228153592234,0.12108691541993459,-0.5634408538875336,0.06140117101075428,-0.1907282497176963,-0.3661524648928803,0.21019577922650323,-1.2118690671018442,-0.11805191072263867,0.5186800664923963,0.14951240563104767,0.9178522948985434,-1.0109009107026332,-0.08708208739751122,-0.35451994576507856,-1.4727214835692788,-0.7393031039758068,0.00511249485466466,-0.008322865257429172,-0.8970792283609903,-0.8439502032301104,0.3589471671599165,1.3534860679148946,0.06743456303129906,-0.8346761955262894,0.27756225975669524,0.23770515298092096,-1.09419381594543,1.9908508080663292,-0.18807342641390593,-0.4862874836658135,0.2680126822740915,-0.7230304407462584,0.2670751712712309,-0.3017468439058818,-1.3677213093439533,-1.2201692695104773,-1.231799455732708,0.10934106703787655,-0.5554933171062163,-0.1815274214264569,-1.182790589199455,0.4069196264456899,0.2577965362311406,1.0,SZMC
921,1,1,-0.20598837249172106,1.933123518172541,1,0,0,0,0,0,0,0.6896907353632603,-0.270464738684365,0.11582075983219842,0.671357310982646,-0.5544980451534725,0.6737868069363415,1.2394872974959747,0.6126995754553439,0.6844886224828425,0.9403807717546617,-1.3024250105033952,0.8514808753529934,0.18367969040868934,-0.03550705798469228,0.733729970578014,-0.3532964114598135,-0.31213267918883586,0.6083615761918886,0.6617532562644655,0.29211041846251007,0.05463632804453272,-0.1601277309439827,0.10145931269136116,0.2343513504411461,-0.44278687784283305,-0.7038514457194094,-0.30477785087936526,0.31515686833011397,0.4586730376065278,0.9513961996912449,0.06392065758700803,0.7020706919985976,0.7998283741543528,-1.4937186486061165,-0.5387282784107059,0.643894929648007,-0.1968173809800858,0.6469860495469169,0.6402593009748564,0.3597799989967626,0.6130645683502838,0.7095029798719505,-0.11142346081040676,0.595377533724595,-0.746026434421226,0.7505704236053542,2.402403881999326,-0.07721216421589855,-0.653827439437266,0.198479546792772,-0.4134730885766835,0.8957767360089026,0.407912148333901,1.0014197172497201,0.5987007750904281,0.13724242831816819,0.878959914988413,-0.8876071062531925,1.7274738729175725,-0.3948461370982462,0.3261531839006183,-0.4653888795783809,0.11870361934088422,-0.312080182673947,0.15283459792938003,-1024.0,-0.08534001486160286,-0.5787195732747918,-0.5674967380355165,0.4781389833725556,0.4617898108570138,0.1608408857014504,0.006483623177341413,0.20023328298060997,-1.3534781877770208,0.7104720234609332,0.7236908801040216,1.2959615245946339,-0.01537881759768667,1.1936884679084474,1.0370631010489861,-0.3083019070980988,0.1805018815247169,0.02465146725139055,0.5757013384030498,0.8472449220693624,1.2797828619859961,0.06140117101075428,1.2819687330347411,-0.2711264868297282,0.2906352550024745,-0.3745145818153254,0.1904637540910114,0.27485948504637897,0.8297978634730643,0.04977319270940532,-0.7061949752527659,0.5752831838291272,0.6945708092959318,-0.8725075714275446,0.07780799518376362,0.4947021244618091,0.5156171219387337,-0.030967512860186903,0.3680588504622369,0.1625360616555953,-0.6205444092496568,0.15415332441816493,1.9497246971233508,0.5786856566253918,0.9170670398565627,0.696857927457724,-0.9519052439852844,0.11243028396873818,0.42279990496670816,0.7540782306548313,-0.6552046205619356,0.25399539127837756,0.9782414791336337,-0.4389928991071726,0.8106389842992466,0.5010929242403513,0.6929933095239882,1.2003495599698986,0.17696995098262117,0.12870857985645295,-0.08981051831117629,0.25994485223091995,0.0,SZMC
923,0,1,-0.041606699412280686,-0.5218172545744318,0,1,0,2,0,0,1,-0.636439998728307,-1.0655900894017376,-0.2195413829827683,-0.7241245032269558,-1.2515949567147504,0.19704853314217016,-0.4395076310967815,-0.054838289824220315,-0.22073982221848576,-0.4022184019838697,-1.7987957017638256,-0.29694819286939095,-0.9875290778874966,-0.866130021270259,-0.25464697697315786,-1.545442985239668,-1.6731210092258912,-1.3207376959938022,-0.31617986226397415,0.3398897515284342,0.05635035194991451,-0.5368946943469336,-0.2023530121752861,-0.7558550858440981,0.027378554573029387,-0.9778754486850126,-0.5006037099313758,-0.16726381291702191,-0.48970877456306433,-0.4949229108660088,-0.4139366464258041,-0.30044382870733144,-0.3565755344524552,-2.059724135853461,0.3032045130792487,-0.17512274170748346,-0.7547553355068088,-0.3956071545280694,0.1732607100030498,0.13086854286108449,-0.5694718972118455,0.5169807476556495,-0.2091457562884621,0.6447356699311592,-0.4555016517810469,-0.5851825938486832,0.2923713469594034,0.06215237918507079,-0.46708201251262893,-0.3136706206146868,-1.391345425647938,-0.20933266421164914,-0.16478411696793488,-1.6234791455963855,-0.5103126847228566,-0.11540525622043085,0.39929842773754237,-2.573389973335301,0.4656534088277793,-0.9120404103273722,0.9275095029757626,-1.5732671971867414,0.07411000259273182,-1.41280182733501,-1.3691174190270237,-1024.0,-0.8229705584161241,-0.3725300502603954,-2.0263937626383273,-0.17997376674903462,-0.16060431744999326,-0.2121788278599548,-0.1286841115485142,-0.8885677509683201,0.6246062262532558,-0.8995576445988381,-1.2628987908351723,-0.5474490064451539,-0.00859167414873413,-0.5955417765470757,-0.28614920988145287,-1.6917666953805108,0.038406150926619254,-1.6278851021199343,0.4578994773179752,-0.1602403441317641,-0.6756393037279167,0.07010247175358467,-0.18823298420306628,-0.3728502771056218,0.0015432844504790215,-2.628974396277163,-0.30303314612726495,-0.5599670459158456,0.39925425987127333,-0.8163016317887304,-1.1874377587476954,-0.6008279816708015,-0.3869986580220052,-2.439878924449482,-1.193372916223571,0.3181238263510033,0.13610669772558676,-0.8814116248053484,-0.887565898975224,-0.7374647194192715,-0.119542910574675,-0.0566914293724497,-0.17425039894357583,-0.11274308516696044,0.8080028587823629,-1.2657622343511414,-0.14658144505494655,0.059272952262616384,-1.3755117393766871,-0.36503296717814704,-1.312541149059895,-0.4210611520186704,0.6956584801686178,-2.6860978673583733,-1.7954923147086845,-1.3174895317044641,0.3155166148162175,-0.3074859658627701,-1.5437659104145571,-1.1789016092068132,-1.6913751013848852,-0.31146069205078414,0.0,SZMC
928,1,1,-0.0519615028624987,-0.45783452505740657,1,0,0,0,1,0,0,0.21297432085500898,0.526216015572565,0.4873081809592501,0.3138862021826361,0.7064645355866871,0.33645588632980267,0.09083492926131313,0.026313739959740474,-0.09753206746960572,0.4290141986789657,0.5949742770549182,0.26463610270122473,0.47519559726203886,0.793457106513167,-0.08100918240035457,0.3254101021051825,0.6590019445680321,0.3844452994831599,-0.03773192346568561,-0.057537803241808134,0.053457095305315616,0.15081511216140592,-0.11002133264697621,0.5151785531967693,0.5233554690199561,0.6467836037462003,0.3785621722340882,-0.014647198257925464,0.27855242336928887,-0.122154832727976,1.2974295142882322,0.46907870337571167,0.26655273640517996,0.26462239341610383,0.4754377242731593,0.14916923614406297,-0.06820109128595148,0.14993949104372617,0.633844183396759,0.14782120447541847,0.1023790193419516,0.6158585461961577,0.5594786755585557,0.30883414109024115,1.2277561486338082,0.11098329885668202,-0.4021764293807007,-0.028321060613849404,0.35363011914253234,1.4590725302584144,0.692747843470369,0.39039938207785546,0.33028044107675536,0.5424745726282209,0.8382987593576235,0.012313441160453058,0.6479773140166817,0.31909611033637864,-0.07185287999272476,0.6948722688835953,-0.1414909597408885,0.7055345675439817,-0.26355623959285795,0.5068375866468228,0.42779956592882135,-1024.0,0.2609424895760122,1.1974526765880933,-0.20121166358501125,0.12823920799700445,-0.11183334382214298,0.11922737572023683,0.006483623177341413,0.2840134052216961,0.7816185177368532,0.6713090961565364,0.4666728078940509,0.4088005490788596,0.05395058955131406,-0.4608751153413468,0.41311185861571575,0.3671536833086637,0.026876492714472643,0.6246832739193292,0.13756876571786975,0.0032287022367187626,0.47547161819852996,0.06140117101075428,0.500693585733692,-0.15919142411635187,0.25562391669525064,0.06920282543118808,0.10258120735742851,0.385998928597673,0.30392816967996567,0.41653217627789824,0.2654961652074904,0.400757201973762,-0.26839181801862017,0.3093507485044896,0.08514768154324631,0.49479727187433664,0.43536053779641337,-0.14293915123354875,0.7415664972441437,0.9204182540774491,0.7517844294252556,-0.14610849552632815,-0.2421937924266389,0.44898018653092564,-0.5660831206259316,0.6541482026405161,0.7689568118195972,-0.21764620908982166,1.006493277089777,0.6575492667471476,0.4872385041634647,0.21334225492095168,0.974423902538985,0.26901100606660244,0.7318798981153675,0.261106100844624,0.19754993480716845,-0.6660625610068122,0.31888063922271664,0.13457283265375294,0.4400147525006532,0.16669872418090315,0.0,SZMC
930,1,0,0.060994594709875234,-0.49961435992628733,0,1,0,0,0,0,0,0.6689068419405313,-0.023947063832639063,0.35061232740032094,0.4677732448412416,-0.42793249340157613,0.7952307379230819,0.8028899729032554,0.6386184965639253,1.03584690935847,0.8955518471683965,-1.4462505490671789,0.942013125489961,0.018516351988808275,0.20273226934644656,0.9395011748881753,-0.8025937585016565,-0.45153527461098736,0.2180720269582214,0.9116239525324362,0.6995217292978897,0.053751478514896055,0.9235677427939961,-0.025716975489003518,0.48273513106592586,-0.10677456096346599,-0.4069828285328762,-0.40639205075210943,0.47547912225153616,0.43822200609874534,0.9199093838061679,-0.016286467248660036,0.5120417753938588,0.5435073081068986,-2.2715282298054387,0.06435325008201034,0.3866448637951122,0.09152710096207743,0.7331007697708493,0.43391994541580414,-0.02047815683881548,0.7163738980292077,0.9425109876841837,0.06070078171717157,0.6886162663983294,-0.9170462818739273,0.8475679441580829,0.7560819630176987,0.4661244494661914,-0.7205509140612237,0.33986867682207256,-1.1005297932190672,0.3903725246185755,1.142208973375306,0.40629542476981834,0.12715683946804668,0.3347923196423966,0.8366957399892109,-2.0669931334193787,0.39833474965729726,-0.18659649210351,0.8800816318091447,-1.2454040705867842,0.06806971480195094,-0.9808168763590679,-0.3603564352467831,-1024.0,0.029686158692543173,-0.7278331794267376,-0.7778979954128763,0.6751473167848773,-0.16431063862875775,0.1608408857014504,0.006483623177341413,-0.1471266065580137,-1.0720046417271052,0.5686962520747415,-0.0507926437470387,0.6662187711303086,-0.00656095967865672,-0.19743628985676964,0.27679092858155774,-0.794497611667193,0.0771140164063921,-0.8190555552830814,0.6070888364249291,0.023322992282951212,0.7966011188568158,0.06140117101075428,1.2657796374107293,-0.35619324536879987,0.18229293992763473,-1.3376483772134118,0.9105035885196762,-0.09966542869434049,0.6644847606603262,0.4180272380547403,-0.6718159169628902,0.0490029699692385,0.7915077616307251,-2.087739751333423,-0.43654722674167823,0.43357808279743326,0.3741641172835232,-0.08416472360797092,-0.14505398970909247,0.2404136693746728,-0.26501339497272675,0.4339922551031694,1.0887796243852084,0.16064304486274106,2.02336191093063,-0.33438111503155954,-1.153942719769519,0.02975447128217607,-1.0066127012132307,0.6578243947959932,-0.5090014019267248,0.2565610631469611,1.0631075165306656,-1.6284267703365827,-0.26504466351640954,-0.18571425263467004,0.6917282727664332,0.012457520664948731,-0.08448774846799834,-0.44265315605860583,-0.7077762337133815,0.25994485223091995,0.0,SZMC
931,1,0,-0.20043015993897764,-0.4033875309895594,1,0,0,1,0,1,1,-0.050352822736210764,0.10442261802745172,0.27251140115863653,-0.3815260238035351,-0.1976735832328991,0.4145302606762934,-0.18237787038220385,0.2934297209509022,0.1792229580263367,0.12089462918187734,-0.2541023096166523,-0.08722068094365225,-0.013501682347185358,0.3005603913223942,0.5082247445302212,-0.4499766451019556,0.04823728351213217,-0.09740914491588923,0.1937357619122006,0.08626991492790488,0.05404010562865954,0.7928305110070457,0.0030890199083904207,0.9432014884816496,-0.10552944233804491,-0.17294216480470473,-0.1923137990258133,0.22901408229960055,-0.34768753956674237,0.15400226021566973,0.03641245084254107,0.5349731719050251,0.3294927079884517,-0.4203573973736788,-0.14890597069515418,-0.19502941825845235,0.8637753405103942,0.022298199878529684,0.6699239224670782,1.4159602004365577,-0.1317286454843033,0.23616511173380073,0.406384801250363,0.7109313641245141,-0.6666857962452039,-0.24780366211356386,0.40608922992985835,0.9183306719661062,-0.3686204203645143,0.15197791918313167,-0.10641007022674781,0.5155402019670364,0.4092037171578692,0.05976529415712549,1.0838773230876477,-0.1202584416019109,0.10304038655524418,-0.6370353960300542,0.23482965633111613,1.048962165791405,-0.13277315690526365,-0.9199240132642916,0.01619719538076943,0.14094896610684865,-0.19618120616117166,-1024.0,-0.5448151640859424,-0.6221788995608692,0.398257585759864,-0.035244819017863374,1.289318759175791,0.15418899167637354,0.006483623177341413,-0.2407934385601055,-1.5725172669607115,0.5735015242587064,0.5775005892243438,0.08960230825743323,-0.00025443463525951936,-0.5288210074451412,-0.6522631778829713,0.1199158711598005,0.06184618532126873,0.13356607909500015,0.5471099780781297,0.9450783955832882,0.8458438930492936,0.06140117101075428,-0.030092694693702397,-0.3083059000417468,0.17707132280561522,-0.21955661967344153,0.20596013805637942,-0.03691173285046847,0.1551542813351281,0.9513470024677194,-0.4363410853254035,-0.4883979947398152,-0.08127457508251876,-0.4709547300112647,-0.13341783536788124,-0.07652337088579322,0.365371642016464,0.7710097640323486,0.9903785557557311,0.49813675645762884,-0.36102544498255923,-0.1696713183637355,0.6437705005632417,0.16924469639849124,0.4129257520086524,0.049502673753434,-1.245555782904833,0.011978398574473057,-0.6872416260728174,0.8795723758470446,0.8238881246898981,-0.13371996259030064,0.5772869976741314,-0.31473342617151223,0.03719123901836535,0.3535593868876367,0.4219001507271415,-0.16313287452316755,-0.49688071709645687,0.12579926938669012,-0.7886644287353267,0.2447833001909167,0.0,SZMC
933,1,1,-0.2604530077148849,-0.6078144352021407,0,1,0,0,0,0,0,0.40114685876532935,-0.047649323452608756,0.4611691173934244,0.6423307389748386,0.07655053140452854,-2.0784832975759286,0.9442094011978224,0.28169277213971883,0.9273020210877692,0.8656170814258679,-0.5366864340932725,0.06808563092622484,0.4947338801496104,0.44527439956023646,-0.08822324714502272,-0.08171296908170983,-0.6709567024940427,-0.24267437276736467,0.13392864702954307,0.9890417399542445,0.05509840928533581,-0.42196057896431033,0.18331339524304405,-0.11689141054312022,0.6787060072815826,0.2032269737230154,0.25584587587556856,0.04650417751409539,0.7338338972282357,-0.3382652192308855,1.3071436658315518,0.13646719501541982,0.00991215223011607,-0.7946395205481886,0.8937743662400404,0.0988068049914542,-0.2884591696272171,0.3681472658928431,1.107426308421805,0.698653432800922,0.09958904258211074,0.7417511165608327,0.48094003466626456,0.37484681167250855,1.457211675940097,0.09250991745958573,0.93328408609317,-0.6327023566674579,0.2852693794727481,1.6961288950618008,-1.244336050438749,0.4788927705409775,1.8120101142297271,-1.1122817210454046,-0.47283847202075413,-0.33420048570882493,0.501862885776438,-1.138390784982473,1.1885702927178385,-0.3543630556636779,0.9809788934409943,0.2138397512408402,0.023945228633424787,-0.966811199553827,0.0802960957059929,-1024.0,0.7052202174513811,1.785815738294678,-0.9639335003209116,-0.0446943670083723,0.5658799448208421,0.1608408857014504,0.006483623177341413,-1.385291010526157,0.85497983141348,0.2910762350599419,-1.2186919036260124,0.175515092695848,-0.011131837369277094,0.8979134251022927,0.499077342941588,-1.3272613328115375,0.01782430214437127,-1.4854773800139673,0.14330747258006274,0.6897718347027493,-0.2651111807455017,0.06140117101075428,-0.1385993345338694,-0.3616475420104756,0.24828352425735298,-0.9121708197058346,1.4907971510517746,0.3614002631708588,0.13564633431605916,-0.2716034896113174,0.3113376093738507,0.5110028612951469,-0.5779866033434554,-0.8505828473613781,-0.7523162336819733,-0.007279009707519611,0.191255612464998,-1.0012125149096232,-0.806916199186917,0.8370473094881703,1.1454376157357848,0.24908781999872112,-0.5357101599737221,0.42001462062115674,-0.09862631494840628,-0.8959070408281726,1.1873471982130022,-0.014586114654869479,0.3340050527825209,0.3579498368220555,-0.6419848072588322,0.2737060532701986,1.6986373137843558,-1.1014266716428056,-0.47169786458347535,-1.2672458389070946,0.0653907272776439,1.341940627308126,-0.20854201517066967,-1.1839602951944284,0.6828365734861305,0.25994485223091995,0.0,SZMC
939,1,0,0.021194862468554225,0.20908556274744056,1,0,0,0,0,0,1,-0.6890584353320085,-1.0216641914349758,0.23652274018306027,-0.7848018094887497,-1.1897881916291444,0.07989360637788537,-0.673355646918497,-0.5555196693769542,-0.4840724672545125,-0.49194129399612585,-1.9744078243044796,-0.37736279318422067,-1.1308121211529827,-0.8581476145167505,-0.3524819664349994,-1.8460582184163823,-1.7866879360214578,-1.5276336649442397,-0.3682484224924922,0.14836072946072784,0.05624105848029772,-0.48424832912685783,-0.4106670893321348,-0.38340748914919787,0.46777008938585374,-0.9249273804148268,-0.18740526597386184,-0.35999685227801637,-0.552141715574855,-0.43981043196671143,0.22145959902179804,-0.10382646346003765,-0.286257487891458,-1.960963804767863,0.7659679816234348,-0.1543308328419756,-0.9563257123746389,-0.611361528699781,0.5018711111744693,-0.24945650371680606,-0.7496261108576708,-0.16195183657445056,0.16963120122963085,-0.81661322508993,0.2968127310313185,-0.7492338134912848,-0.5034759238631543,-0.25682886169594565,-0.032040398101303186,0.5264903017783368,-1.539510290936179,-0.053521747836297914,-0.26671307301904973,-1.6041871284709346,-1.0959290547768743,-0.03788423708721033,-0.45599040744272307,-2.5375540883129175,0.04168936559914645,-0.9263183537175497,-0.11321688000891506,-1.2588541671110214,0.022459083371755912,-1.4473152479473785,-1.8272424824967763,-1024.0,-0.9141680445744443,0.5425764326571625,-2.1572770219298945,-0.14522972219864916,-0.5219118791658672,-0.10709576205720896,0.006483623177341413,-0.7306942505753952,0.7995395534607113,-1.2089052659960604,-0.1883716017309918,-0.5287496729009978,-0.004514583257715271,-1.1377244657602943,-0.16252582846151747,-1.6916711390967238,0.016774541506663774,-1.857214482001515,-1.0858942417588318,-0.3371819257221391,-0.6825027794182821,0.06140117101075428,-0.2273428931563705,-0.37392514517662906,0.13178188053243808,-2.3654559477492594,-0.4014988047371004,0.11368535288351823,-0.8107719995138989,-0.5142601742401509,-1.5434994302195153,-0.8886357451000361,-0.5806984967839747,-2.3062297574129613,-0.7184516996521513,-0.5270799169983353,0.04293624118185253,-1.0097222999828879,-1.529575822036809,-0.2065272699226249,0.6739705074463909,0.21955232479979345,-0.5554343200225766,0.0681936966328863,0.5497292018361778,-1.132406720399914,0.8108724664578576,-0.014380462153715984,-0.6448770479562309,0.05683075474742941,-1.355269509532479,-0.4621995593646015,-0.17906801025003477,-2.584489974221701,-1.4313591597681197,-0.3649268123781678,0.20523402838927904,-1.0617812887431508,-1.4693915714352985,-0.4449992992411424,-1.3686382769362793,-0.27664851244024946,0.0,SZMC
946,1,0,-0.21342119418003744,0.36734640699248217,0,1,0,2,1,0,1,1.456004142743958,1.3798575800507262,0.3619428526192938,1.4323834657801437,1.2997154293254054,1.1119253259522122,1.1253835935857548,1.196474500654671,1.6590876267654489,1.346379737089742,-0.08429900114590246,1.2755652491136773,1.094881058731331,1.3149638953235505,1.4730661906541627,0.06704349252571534,0.22088849244894013,0.3600265986832133,1.4934014723787576,1.771944938264869,0.053611556630933796,1.7008133348079937,0.8002838070592171,1.8840333760606671,-0.05947154100041552,1.302588348505571,-0.5641586791322558,1.241568071663001,1.4293149396183695,1.7092216839716405,-0.134905172965191,0.4301677751081811,0.3089265415759336,-2.36675335298634,0.2115377191794491,-0.03966870494680159,0.37437303312236947,1.5269283801040947,-0.1293468672663755,0.9017931060592043,1.4415611363559049,0.26912834256019036,0.12660678271647924,0.8510986963869077,-1.0485631630642354,1.264648863327323,-0.9280491769613132,0.7345653200106804,-0.9765776917526896,0.19672601309057863,-1.3952131822550335,0.1628266965104141,1.0485298346682728,-0.5145141929635396,-0.03665790505723067,-0.15662470136043186,0.4122273081255279,-2.1374028547791957,-1.1977461993929854,-0.251964111270039,1.6237081760809435,-1.3986388904412277,0.033703622710338985,-1.533878883988118,0.3852796911076231,-1024.0,1.2762897951979675,-0.886561750321882,-0.3501935547728725,0.24079226262670805,0.7529172230066097,0.1608408857014504,0.006483623177341413,-1.1369499915732642,-0.9538063272508812,0.5208540872926026,0.03967202203012539,0.08425810659497095,-0.0055647546354548275,-1.2162583143417542,-0.612349684543656,-1.2568189411477717,0.06479864357015885,-1.0466462478707783,0.7731970450301406,0.3070182774483695,0.6142551365381457,0.06140117101075428,1.5734276134417138,-0.3728680851873744,0.12935540782183502,-1.4560992362784932,0.9314629742470617,-0.2595660687999811,0.4519267797225983,2.0274283626695335,0.34034228117627574,1.1935841375466594,1.428246968417463,-2.427303802567825,-0.4470134169825923,0.04373841230060243,0.33385588027013635,0.1250899904717439,-0.26179256889627717,-0.08618169373842581,-0.2719238550799522,0.08098674947940993,0.8938745245194083,0.047009140494794134,3.0570125064878346,-0.6763532415781298,-1.209332333772787,-0.0054565094583107964,-1.9044139919724643,0.5515377585620616,-0.5119944390672876,0.28569317485159557,0.6969301950680642,-1.5645739342601075,-1.1039327698624994,-0.08489092253223395,0.7367996164088514,-0.3496806880816446,-0.09807041797919792,-0.4440302040063369,-1.007483349366386,0.25994485223091995,0.0,SZMC
948,0,1,-0.11869642196508126,-0.15201273196093187,0,1,0,2,0,0,1,0.5204386860360056,0.26830631827431206,0.028870962930844374,0.06521472701673729,-0.2815897066675035,0.6467545345676218,0.26395252910840267,0.9841528416230338,0.6172970880242679,0.24627883769049563,-1.1842699993516708,0.28297386990263174,-0.0418642329156337,-0.02776880686443132,1.0540356708537246,-1.0007350557439696,-0.9707864938213248,-0.7230724774728229,0.9320928579321955,1.1624270881438559,0.05474789461560265,1.1346221968493646,0.5755067653473919,0.8319698210413145,-0.6377332243107879,-0.3530248413247221,-0.7381364427881432,0.8986345757003964,-0.023335227265458947,1.0208004136148905,-1.109258455742873,0.5663502403792747,0.5699965898992116,-2.254196860717377,-0.564711473305689,0.10990688835920351,0.22811904696910248,0.6438690712467192,0.12496514614043554,1.3428825721546416,0.415897278641946,0.7795704146065108,-0.15629340650539594,1.4383680118852338,-1.4844667309573283,0.5419337833830341,0.5439432365569733,0.7309625752987583,-1.1967643292229322,-0.9717870380679096,-1.2336340459885382,0.09872605777312507,1.1023547846790613,-1.062053635972788,-0.007601306852791446,-0.23240306765358149,0.327082748818837,-2.631465860823141,-0.430511711208579,-0.24199673359464832,1.0742700762878652,-1.4469897200328994,0.20000553893798448,-1.5457170816201449,-0.9196686351192663,-1024.0,-0.5161165467834558,-1.3923217613878158,-0.509105782421022,0.21735725602943876,1.3029031825340482,0.15895762111583017,0.006483623177341413,-1.3951197017312482,-1.3853934138938102,0.5432225002107497,0.01547348866954702,0.6106047978220602,-0.009237031843118894,-0.7706246436835712,-0.4604885647144985,-1.090168741643292,0.17056222264508283,-0.9077602649633429,1.5014399359648607,0.6552344147714352,1.006523303184379,0.06140117101075428,-0.21579726931811735,-0.37324542482531453,0.16793108835307077,-1.8765262536970093,0.9772600024283076,-0.29870031996515484,0.8573620219509772,0.825446317393755,-0.8030999510874058,-0.2974400858759438,0.8392786640532102,-3.038345894353173,-0.7222242747411273,0.07835361453727564,0.34639855483719467,0.29846793786256703,-0.23158836860280851,0.13243385893054102,-1.2031854788184693,0.27583794452765115,1.9368957382200207,0.1405349228643066,2.632400798632615,-0.39578841876114434,-1.2791135770468007,0.16604162815290677,-1.692649868843001,0.2599906991247817,-0.44910529762726903,0.3353639542484246,0.38172571798546157,-2.09171857520531,-0.3113275706688456,-0.11708317397981428,0.7421026209027141,0.1122427351541803,0.040048582461978594,-0.44460720697593226,-1.4766506008863973,0.255642403928155,1.0,SZMC
955,0,1,-0.04677802010469576,-0.44641653924540486,1,0,0,2,0,0,0,0.10365297586374615,-0.6120690611024192,0.07683409385749862,-0.21351410934514797,-1.128276447380242,-2.0784832975759286,0.7274594464151849,0.18847843585351018,0.7620742028252923,0.8050981706528514,-1.229779632012298,0.40209767729604856,-0.06121012194651714,0.10884138224414898,0.5584384629925107,-0.5697265109588986,-0.6445700725095761,0.01862369280507588,0.24783074073824643,0.3404736477273475,0.05459361462974134,0.014143956669844453,0.11357119233112294,-0.09450776905749579,-0.10234474279829976,-1.0953260449944544,0.004082770345018771,-0.06108643894969861,-0.23328907293368523,-0.16011482452663983,-0.5575526074229877,0.42578057196358127,0.49478381723224063,-0.9120619097073013,-0.1137199188013028,0.48400336001949656,0.36471874816268157,0.2234953952784466,1.3786239060437004,0.718116472048019,0.09037693807220418,0.8080433400607335,0.04595239195616379,0.45141734923033733,-0.8953971427812135,0.21597384643160597,2.1523336045783976,0.16332951555993355,-0.12279767139534885,-0.517259237591914,-0.230268930788329,0.574325157450005,0.4529860485182407,0.02340000373608796,-0.07970430336494658,0.35940911089975663,0.2632640997728199,-0.8552105964918826,1.8988292278975656,0.30251595715292373,0.38507437086052176,-0.3608837241650893,0.1509568012966561,-0.1048418807667445,-0.2643967618321553,-1024.0,-0.5001081631862622,-0.8332835308903316,-0.14871682095032493,0.10374011940645217,0.4938220987995203,0.1608408857014504,0.006483623177341413,-0.1581109167609954,-0.7841103280037671,0.5088949739595959,-0.14376625040699587,0.6597698779614127,-0.02035832463468945,0.7312912237379039,0.45220036067054886,-0.031162399918946603,0.07869820625550106,-0.6319573920408484,0.20947939329779364,0.49143710572415783,0.6729697184823893,0.06140117101075428,0.02671134042245189,-0.3124797650298992,0.1698053508516132,-0.23096120877684892,0.2348834673094698,-0.24389236081491045,0.1548323274083116,-0.24952836296067693,-0.346578980258721,0.19890871668557505,-0.43508969801418873,-0.6995949155083196,-0.4445362428220319,0.14805923574921387,0.323091963579756,-0.40931140533389054,-0.406525198467321,0.1726017462186807,-0.3934595344436864,0.261303672242424,0.978956374267839,0.16677258552988322,0.5025919984117936,-0.4458742237139801,-1.0974838301828356,0.13783291057601296,-0.24735472324239222,0.5281218473050101,0.003750428943738509,0.31866774829523914,0.33308824780749396,-0.44045664354222325,0.05088590980055776,-0.31660305637292435,0.45262532811132666,0.5919741652751116,0.04081235118340536,-0.44756124649006507,-0.1382949938316795,0.25994485223091995,1.0,SZMC
956,1,0,0.10407890435913979,-0.3290572082513243,1,0,0,0,1,0,1,-1.1026679861208013,-1.6248221563374583,0.013746846618728995,-1.0967762706531674,-1.726316247216911,-2.0784832975759286,-0.7882013927836049,-0.94419001537945,-0.8473587678323359,-1.1168204020063488,-1.9175778926305633,-1.2951728744191646,-1.4691719462326216,-1.7229122921649562,-1.3864072442116733,-1.5997748913953234,-2.4321820465863064,-2.022507140053824,-0.8478276155986554,-0.2976890209583303,0.05849686264579164,-1.5209527326418086,0.04989557262616417,-1.3396909229409255,-0.21943303620940918,-1.4520192104319627,0.04778948956486133,-0.5437464192160104,-0.8679581034351718,-0.9801533553418744,-0.5895512807101914,-1.285468124962743,-1.0087258439507472,-0.8801461955309416,0.06850215949878205,-0.701343161068801,-1.9488261155866105,-1.084485992619189,-0.2516507142669545,-0.8505662446986564,-1.487992234421886,0.2640161518016556,-0.32306566745749593,-0.8684667801521382,-0.004603774567745355,-1.2624005437161112,-0.34230296126319376,-2.03034500089355,0.28091411664216387,-0.3614332137353409,-0.9832972520413755,-1.0030971927972459,-0.6397856237781654,-1.7842174995388322,-1.2293260287987873,-0.47219678963929906,-0.3963789238557415,-1.589536296086657,0.2613840685605135,-1.4429992134662588,0.3029003768359739,-0.6133799155401526,0.2984013597886788,-1.5038351387045825,-1.66945557957935,-1024.0,-1.2030469280654636,0.2662464947564636,-2.2890045213922527,-0.9747220490441088,-1.1125868486650632,-0.09067759173026006,0.006483623177341413,-1.3685138023550647,-0.5209484145989467,-1.729577512317735,-1.237014158587257,-1.1038777006238394,0.0007345314909323451,-0.4549942552732467,-0.4418321384015792,-2.3298905193302897,0.011953179093894813,-1.9439160601527574,-0.8746607141512968,-0.8121148642454452,-1.8232330948060325,0.06152966101255928,-1.7662502103177258,-0.3549088828780128,-0.013169085015586333,-1.942793867338459,-0.7663623867331261,0.438619945316983,-0.3863997960254089,-0.9416895851169805,-1.6433118324868285,-1.611104593268369,-1.0890052786269149,-1.3337351655092327,-1.2163910069853647,0.0039631217229953546,-0.6577327668379551,-1.5746453045061208,-1.6072753532611685,-0.6224842729014018,0.24589335882878582,0.24908781999872112,-0.8300466202800657,-0.16021669761248525,-0.7450795516751827,-1.91585625607442,0.8752113798852822,0.25109271844917064,-0.6261353198968732,-1.5644241727207515,-1.8902415955559686,-0.3941123348809622,-0.7978332184593517,-1.9188539465142491,-2.0952328712699084,-1.271474158752614,-0.3228732883144389,-0.6183278104449021,-1.6283542405260711,-1.1961623616510442,-0.08808051503855349,-0.24658872779595403,0.0,SZMC
961,1,0,0.03786551210930891,0.36851092595328194,1,0,0,2,0,0,1,0.721777186767942,0.47946636543994203,0.20728445605402826,0.4486656396646657,0.11591942184925129,0.7788250897335038,0.5646920737230254,0.8235230509647049,0.9623387744604041,0.6849776099457235,-0.7457791109574691,0.5439061704251169,0.2990619185714479,0.45203490315490347,0.9652688321313327,-0.518686800104173,-0.5271964434819767,-0.2747960619935216,0.9146441762702464,1.3664865684872045,0.05433197731463696,1.2645480395413304,0.43318488234027197,1.59820843470562,-0.45892668318991364,-0.07207971082007383,-0.5478829609741307,0.7969593057294555,0.24853706392764616,0.8914992053831241,-0.42779088926683856,0.6396199109737594,0.49203574058633337,-1.8506434375615957,-0.43659788733496085,-0.1778560726318978,0.3551255859430614,0.7497393738615584,0.48065828711593206,1.3305608783244087,0.5769582278673508,0.5758208263400182,0.2621760805607768,0.9272745558851371,-1.1771331688790874,0.6610611036317817,0.6404300483383321,0.6739352122222,-0.8589993375622607,-0.18261155731475617,-1.2655030309516113,0.5014415604400406,1.017729609260402,-1.0581499325555235,-0.05269010146516979,-0.003967165111084398,0.33285021626432904,-2.0148467657715288,-0.024792741633301123,0.4722646091304309,0.8815865020821714,-1.6219759044260997,0.10325076562585614,-1.2498627171913883,-0.3283319465534853,-1024.0,-0.18939823495819103,-1.0676705498687244,-0.39905825101841996,0.3624609536954815,1.2470320203627,0.06033738322615312,0.006483623177341413,-1.1763859256558733,-1.5970922294762622,0.6438617640560297,-0.010751054322689186,0.3979543715794147,-0.011866574112655959,-0.25723390680173264,-0.6396314307068174,-1.0440344252837668,0.13363974163899375,-1.2091066990348878,0.8396469905240032,0.6505632759840422,1.140725052015084,0.06140117101075428,0.49295685382768467,-0.37338250802164885,0.20734941425424266,-1.6328758141231932,0.8601635821937138,0.0527957354281507,0.42982791026852707,1.6677044868833897,-0.45043515513801946,0.07680000949116525,0.6341216731406673,-2.3651794209206964,-0.4463901204879588,-0.07134487366130098,0.4358813814695532,0.24857445807159456,-0.27296998108547216,0.44492564420933245,-0.7890656454785513,-0.20540148592080432,1.6327442725149313,0.26285424429631693,2.2621458155373206,-0.23800151715826146,-1.1807275818600995,0.07237249272915679,-1.4560223359632778,1.3624834375799997,0.24163487842814318,-0.04727402856237429,0.8380194089166088,-1.470383773269837,-0.3773867748081246,-0.15624429532999778,0.6829969896110138,0.3694702588939697,-0.6881331887547271,-0.4440599308961532,-1.5232599336987362,0.04116196690541696,1.0,SZMC
962,0,0,0.185593578602357,0.9819740005466647,0,0,1,0,0,0,0,1.0171241951963255,0.6484225551697925,-0.12912549744788462,1.1798250494569988,0.6967225660053314,0.6468142735556744,1.9559757216866918,0.3393645820333248,0.583077837505598,1.3944979611506747,1.5153936061239264,1.2529301738910759,1.7032082545819363,1.0772915955185136,-0.62202149912003,2.1198978302847906,1.4735525784957069,1.8779699665661345,0.6837039919819482,0.00556891973374216,0.05517956675002178,-1.0437771837906331,-0.0372929029054533,-0.684616283687553,0.026901711672415774,0.4348810072855747,0.44904043661987164,0.12440257252440128,0.9006083803564332,0.5728058471464866,0.1706429938801496,0.433242044054982,0.6495315211895891,1.6121623656316146,-0.239893146215278,0.990655471552862,-0.2137075463170872,0.8950351925637038,0.26216534970133265,-0.5943841193801962,1.1915456279188814,-0.20022799499345464,-0.0010593111299591854,-0.6460625997287585,-0.03983170589082017,0.959934373731856,2.4258110831488606,-0.3198635823466674,0.5036623467663515,-0.37139457717761654,1.0675111565048627,0.8200027084795132,0.9208535569570191,1.9912223826021267,-0.15855171063933743,0.16287478134907177,0.366239950262552,1.6598340975240315,1.993558297054877,-0.012139862333445542,-0.10674665747290137,1.4646087754397406,0.05998508058767374,1.4088010205227675,1.73373103457635,-1024.0,1.3403296101813633,-0.4896907353855351,0.7777386140094333,0.4605697620493366,-0.20187958504351747,0.1608408857014504,0.006483623177341413,1.0735329311876811,-0.2689993885243062,0.5828507209938798,1.5728763773081371,1.1200325899872012,0.6526667650653704,3.147007288671214,1.651289465555714,1.7317975033298905,0.09503914850025079,1.3471960063499735,-0.49836455816941305,0.42857402473336664,0.7283878535084312,0.06140117101075428,1.9772311211354812,0.47150575996745275,0.2472027059298907,1.2628401298959986,0.6589487451340115,-0.029046851038504795,0.07321018739541106,-0.9527512666663143,1.8503303685304497,1.5573730592831405,1.0232848080232269,1.4401674852880082,1.1667219633133774,0.3307106842298651,0.3488772528515625,0.1902613895507531,0.2951422817194873,-0.06333710803524133,-0.13455794768736495,0.2707042063401527,0.5335896072821812,0.3126661284606801,-0.8603127871192889,1.7450590673345852,-0.12369932939308405,0.13523210681014147,1.7287369714130503,0.6331422809706343,0.6613493745258909,0.309834850920573,0.08077832272810043,1.476753844750221,1.631147459216923,1.32201237111754,0.38743119166112183,2.6186804602059652,0.9349932477137418,1.2708226869606998,0.9626372352306392,0.25994485223091995,1.0,SZMC
969,0,1,-0.1276297011834913,0.05982597862382192,1,0,0,2,0,0,0,0.9364300042171197,0.4785167531214729,0.15934663486271983,0.6723119000168416,0.06330342842751004,0.8508164949971164,0.5704620496041996,1.313554156331773,1.0676854325978775,0.48990787093670435,-1.1781876890370115,0.4916267896338982,0.027745943132167737,-0.0033551294840827024,1.3266410831241535,-0.748706027831353,-0.788518370908218,-0.32873085337825086,1.2722371482366972,1.4894189108717986,0.05440598084793715,1.4236250235024186,1.1127517760785357,0.9435076188556397,-0.5921815470978654,0.10577116669495931,-0.9599213226194052,1.219595841532798,0.6799295235159973,1.474649674781638,-0.409914656753154,0.5218982261066368,0.5462147008078956,-2.634110077735388,-0.3785146909590523,0.054731867110216666,0.05048218634219521,1.0694611218552896,-0.579557393797243,1.175782667261226,0.9035642466382591,-0.5324685198134796,-0.219941424707974,1.0910728656285402,-1.3675797249760993,0.9661221271487391,-0.20781439795301382,0.9782395021982011,-1.5287299994896157,-0.12239947534929999,-1.8562710384717904,0.0015970241992908083,0.08967060325963955,-0.9392840282754542,-0.9181681130590431,-0.5062121894110662,-0.11346350854742564,-2.511133542457737,-1.067327403271713,-0.7985104925742115,2.3575096417812893,-1.9453861828263062,0.13569138950276333,-1.620656099274067,-0.7774891287138324,-1024.0,0.14878965198214816,-1.2423848293838737,-0.7041048131018747,-0.20363644312389909,1.1411642782129459,0.1608408857014504,0.006483623177341413,-1.5277567348709957,-1.416887795782293,0.47631033287118163,-1.14514620824064,0.5448657293073205,-0.007458663230936511,-1.1882272528957953,-0.6514947230652833,-1.4276043999360482,0.15105216530989157,-1.586652465432939,1.1242393268372333,0.43487042375249796,0.91068479616032,0.06140117101075428,0.45556088761981833,-0.3755393979902098,0.15409659259854025,-2.200928526590181,0.07172686008974963,-0.4153193716774911,0.4486517034902567,0.9929194474538353,-0.26787126239050135,0.3495345100077728,1.1245966111483072,-3.4528243106245737,-1.189922702421054,-0.5589692849440266,0.30356083044372895,0.8028288480603446,-1.2780149400154324,0.18672110426956387,-0.9933993583441745,-0.1771460625596555,1.866443396829107,0.11430162865003347,3.367129701235055,-0.47700185500299663,-1.3860856672746122,0.09712842242458747,-2.0474888649605174,0.3906762312614724,-1.066294940811876,0.2977233359087538,0.00256288904997041,-1.9109560829961387,-0.4629203017179034,-1.1487280395927386,0.7415974356048738,-0.22661718376680529,-0.028415117540674648,-1.182214200865359,-1.7369787700022115,0.25994485223091995,1.0,SZMC
974,0,1,-0.7773058676924791,0.5378039971190915,0,1,0,1,0,0,0,1.5903869719390809,1.0037917590674506,-0.11340341098953598,1.3436665666891452,0.5572148733264198,1.2913141705770506,1.4131080319262377,1.7501171783865752,2.074064720354083,1.3657109651759771,-0.26778596548960404,1.2824888235163494,0.7856260140338815,0.7825824384484726,1.585137293155112,0.4264000619496739,0.41461202736970143,1.0363809183458392,1.926337373993091,1.7417782618547675,0.05518363840613628,0.4800124817065142,1.1318271974432557,-0.5469252167496765,-0.1908242249311202,0.5138266974580672,-0.18857371415475152,1.529726821717704,1.2589807948897158,2.15806129802665,-1.5400175911230816,0.13765693279995173,0.28247528301934965,-2.2880242359812524,0.11446819869944316,0.3980459491852447,0.24553230984653046,1.8025563126849442,-0.614320768422774,0.8940457820479177,1.6880722733810245,-0.2041424972473834,-0.37735965265665117,1.5439597208753362,-1.7032676016914303,2.0669760385242433,-0.6319197068339683,0.3481631578155718,-0.5704147628584938,-1.2647698755473007,-1.180645847298306,-0.07668092573884576,1.4887766724816034,0.2583199347792753,0.435810228490169,-0.3202086950374177,0.560503239757405,-1.325944171167956,-1.534198115725674,0.3410589628005824,1.8988746713970577,-1.726261796385119,0.22157941424049998,-1.2990082925025512,0.9729846559382913,-1024.0,1.0444431244970174,-1.5750350779645084,-0.3945246895668044,0.44311771860195653,0.7310922378423532,0.1608408857014504,0.006483623177341413,-0.5637935695839528,0.42400128876397064,0.2763822600103267,-0.01796352300899716,0.44580080900887414,-0.004628831176962598,0.4081234976316908,0.2154845755237619,-0.5914640514652072,0.10080419601112749,-0.4423750443006394,1.5932101783955912,0.31582803219554884,0.16800958039068345,0.06140117101075428,1.4306798463554593,-0.37467838868014397,0.08074150780715016,-0.6913303959283729,1.2866910944581724,-0.861899116963509,1.3011900881746497,-0.6926901454793306,1.1267586530792058,0.9224530550525922,1.4692240564531467,-1.6060568239721011,-0.43499333828765646,0.2484333348381871,0.22201702063705045,-0.2928720765941166,0.263326892588637,-1.286426279638314,-0.7177736635342923,0.29020607654365554,1.5012107328502298,-0.05283362896255198,2.669407940940113,-0.654682721345081,-1.2452023241163672,0.1732045872038207,-1.7988390186706527,0.11583139568283035,0.12319570549574511,0.42331626255365756,0.3791671337486285,-0.6910710241544274,-0.6592422703891258,-0.13018835227060302,0.7803355130059776,1.1289976444734637,0.24949014488010168,-0.44415339425850325,-1.3907219677190592,0.25994485223091995,0.0,SZMC
981,1,2,-0.019336801558934108,-0.6026720790218464,0,1,0,0,0,0,0,1.0983922813709308,1.2676512511383833,0.015253301694869985,0.9882120781516694,1.1699965314381198,0.9051289047648184,0.607699875845907,1.315596612286132,1.17602656264937,0.7493705643991935,0.5129724054640307,1.0534404095337035,0.831079114594189,0.9434339316210065,1.7004928658319023,0.43839070029082383,0.814372433665376,0.7154464199956098,1.2819339799542289,0.8261889743410055,0.05474629157487474,1.3217623896122626,0.42442644771352406,0.6523112006892411,-0.5269098512074456,1.2121006066341764,-0.5272855709599439,1.2523516992477612,1.040284707900381,1.6139564679042466,-0.38379130466497546,0.4157037059042737,0.5050881029320679,-1.1150798294675386,-0.42058759696012216,0.3014174319143677,1.7953071787373847,1.2794881184229188,-0.4653801783573069,1.1118827301373535,1.2140157017630062,-0.09456664072071258,-0.4409972601329328,1.0266492137764247,-1.285849080246072,0.9456369874173659,-0.6650789223177812,1.324539301032544,-1.115034980579658,-0.28825303244447226,-0.3150062514969909,0.19491579996830818,1.8977169443668955,1.016848515960056,1.306205290449409,0.05488316119904841,0.34580111035375816,-0.47432674634316,-1.600485277385513,1.1013534481167822,0.3906078446000961,-0.9295391847084962,0.10909399103031894,-0.5329678686472388,0.7800939907026242,-1024.0,0.8152542932531238,-1.2300363899530422,1.8554409103357778,0.7910014410744022,1.0305429273140327,0.1608408857014504,0.006483623177341413,-0.09058698365119075,-1.1140458347365398,0.39531100614218245,1.7676879717339833,0.48796055735747024,-0.013636711834057926,-0.8439407080695971,-0.33761958923090296,0.1315014535924227,0.12534529817600615,0.5341969823478543,1.0095580170815857,0.43320342891351865,0.6861204185103054,0.06140117101075428,1.2238166866705704,-0.20405474514329547,0.10839334013205212,0.8948056030893963,1.6330969206601016,-0.6996219111281093,0.44695108731156596,0.6770258446771135,0.41330585160385863,0.8420133588686354,1.3171846108625131,-0.41537910879026674,0.7676916483894068,-0.30102384419905404,0.2595626555503302,2.3026371496952227,1.256010644142241,-0.15141419467557246,-1.04906001360089,-0.016183348177351908,1.561766057613098,0.013637339207368997,1.6260646865713722,0.16452776294846772,-1.4238827250648858,0.0914505785164301,-1.677704446347124,0.918991944133024,0.9583964156034306,0.5455326271008736,0.913793708734512,0.5072249054327242,0.016867519253684442,1.5148114088527218,0.7169518931664742,0.23103263075470382,0.8129964086670854,0.9473770754732993,-1.0573768888235582,0.25994485223091995,0.0,SZMC
1002,0,1,-0.06932835514423477,-0.7922559026744578,1,0,0,2,0,0,0,0.09110601048926749,-0.10579020914009783,3.487839736509386,-1.338810713786489,-1.6412355421528404,-2.0784832975759286,-0.7984166281401801,-0.807537394792143,-0.7501049754409801,-1.254231699186853,-1.0294381965998365,-1.4707939230223661,-1.1525645515023053,-1.5873126288720552,-1.2845550345588126,-0.9131956789857835,-1.2371224296343357,-1.0630352604894655,0.4967148769755106,-0.28455451392159187,-0.012682054092518125,-0.7045750521059384,0.11508559928756315,-0.003399917252607296,3.289341945222408,-3.1539020435653686,3.25203469107644,-0.4795668165646574,-2.8211291662931144,-1.049992641190341,0.8879819327776459,2.6624617156720753,3.0867836172887144,0.6210666366406128,3.1239202841933222,3.5445005136340275,-1.25915605168292,-1.0065404131536426,-0.4089480768610076,-0.8430213633070115,-1.363469403057476,-0.04650155882083937,3.4810732921921392,-0.6644229288417571,0.8838404687261789,-1.1797516260450847,0.9029745027846942,-0.7098264849423574,2.98820232253795,1.280458919733432,0.07390922406996345,-1.034602616879483,-0.7106711846416219,-1.176516638006804,-0.6359424606127861,-0.5727840490937585,-0.7095670214760438,0.27317226134851325,1.1363604386184938,-0.41688136420279476,-0.2941451687788663,0.5400204281062576,-0.05379607127130619,-0.1438293604887286,-0.976889276213524,-8192.0,-2.08873669564438,1.161320906669509,-1.052615537388083,-0.9441268476900234,-1.2473776158467318,3.642196586550611,4.924623739429524,-0.545316785468228,1.8243761726007919,2.721715885933551,-1.483336916272687,3.0103609105900664,0.21266827796858007,0.1667146470069577,3.591186160557554,-0.4867337463411746,-0.7688227961398615,-0.3815297925253541,-0.9943560989422772,-1.157636109622816,1.6470469897625017,-0.6244791971998886,-1.8834919300977153,-0.37208349086873466,1.304891910324888,-0.673122186430122,-0.8550803652459,4.75782327613173,-0.8249459649355022,-1.0124188953408448,-1.4656323202266621,-3.0207554017404106,-0.8260764657173649,0.0880545567417767,-0.7208117385564168,-0.43181421279451665,0.3772694767363509,-0.5738228257441508,-0.8388295928526559,3.5992179800551023,2.8755940448739867,0.3690031581373095,0.08923116907397072,0.54738293418172,-0.8524992763394325,0.23479083644849896,0.6563559211699954,-0.10639334367140935,1.270143811958164,-1.1528838892689501,-0.6077962402102298,0.20758561693784544,-0.7905499246089519,-0.1377333190521523,0.6039820710293667,-1.4591046936881504,0.24723784185875983,-0.10371261873815212,0.09349771459763094,-1.1780770867197379,0.7322771384580196,1.1071459472996097,0.0,SZMC
1005,1,1,-0.062365184345132565,0.24586718335787386,0,1,0,2,0,0,0,0.7613356873346623,-0.07016803805515684,-0.0019927499564098192,0.942185875075196,-0.11625909023194829,0.42959740887976716,1.5507822126981334,-0.08214978868859933,0.09083140082777821,1.8996515477371327,-1.6867028106666846,2.4068919159377256,0.6903964325348527,1.147642499871764,0.8230727818513381,-0.9115707320232849,-0.057902325303421126,0.7489375259940112,0.504611230003939,-0.1715715128287717,0.05653682944097311,-1.298100769397056,-1.8340842968164,-0.993080549635303,0.39408484308085234,0.010234226300231946,0.5730230033748103,-0.7112160580812075,1.0061550619968294,0.8712037654507035,0.2842932728478024,-0.24415513590960275,0.05175425740492212,-2.831008189362978,0.3948340747651613,0.4847460390670855,-0.46982942711655995,0.5395869003820897,2.009731797294517,0.27522096587374273,1.3889215394211818,2.4993355952005585,0.24362244755690252,0.30696184438589597,-0.04125999068135879,0.7201152944587194,1.702355135328693,-0.4344559536511572,0.7818584868040852,0.2766396910600121,-0.19528772197209196,2.414750491387851,0.898336222509988,1.797495537705623,-0.2798017523140766,2.919590008754877,2.8140627073258524,-2.4711333854534066,1.4994096784733209,-0.21203081464016665,-0.14212475447790665,0.6255674280650799,0.021186927940547547,-0.37931407674970136,-0.07081466598949009,-1024.0,1.1891004986491183,0.1896800082140794,-1.5013083603799708,2.775141109210097,1.410322213862358,0.1608408857014504,0.006483623177341413,1.3904171451890952,0.7315172645384128,-1.0907711868859227,0.8013496696489393,0.3847828710422943,-0.007037840137308272,1.5293045742448346,1.1002766123672991,0.05805137951878991,0.02884471346824648,0.2441677445680686,1.4991483907745582,2.176869004167261,-0.5496708406748355,0.06140117101075428,1.7288871886476047,0.8256736936977493,0.19059941338033984,-1.738499951544394,1.87477827746121,-0.050179735436334666,2.417018916992876,-1.0357488984068586,1.013697388858586,0.956886168839621,0.21555848087982116,-2.2968616348210196,1.0248178616439294,2.625151199268793,0.12074243249263739,-0.42950136619443835,-0.4188290270963092,0.19563967595926232,0.4721102488769721,0.029256986993960763,-0.21928180549703732,0.07558382420520121,2.1292890307603267,0.2961515310117748,-0.4477023520429177,0.07933347967079438,0.688225449538652,1.8022995475611983,-0.4459080815156651,0.4508410935646628,2.062617253143209,-2.304609823813494,0.506620597741442,0.7049758967765949,0.48038221499954836,1.2865317902043891,0.8514168756921245,0.9698175879351729,0.9433407197625041,0.25994485223091995,0.0,SZMC
1013,1,2,-0.1948859291090822,-0.18284819659799378,0,1,0,2,0,1,0,-0.2592420504131789,-0.02880312242235201,0.5009567835898674,-0.3925849147700825,-0.10111112848972595,0.2302832712421898,-0.5682272810516672,-0.26136530145536535,-0.2920118300137861,-0.017647413910461325,-0.2881173721985641,0.4021175130507069,-0.34539198356513817,0.24095516433950745,-0.09589382193680086,-0.5805415483619214,0.2580015528970446,0.03476569189516031,-0.1749870754026081,-0.5660396049351052,0.053312145842293095,-0.5214623354468044,-0.8479256670627215,-0.34268462106066916,0.43408005792324533,-0.021651591587759686,0.13325434909508996,-0.44341989997219683,-0.29974852277446046,-0.09915627580159916,0.9872991519706494,0.4127440633684997,0.4385359469259728,-0.4251338577758633,0.5091244509089855,0.5022502627420341,-0.09122125660191074,-0.3409441736071648,0.35485364589751767,-0.5510175653780608,-0.06080048505182211,0.6402990905913307,0.4199680840232091,-0.038303102946057585,0.41782510875643963,-0.14401353169927303,-0.7186738790243808,0.03364154784008333,-0.0009959855647521812,1.2964266940046707,0.3595356370842253,0.3917296797052342,0.39905104048713697,0.7005398908964684,0.06621516552509653,0.6852552569456284,0.8196580710177901,-0.38503037871673423,-0.6002944825629082,-0.332030921956787,-0.6493297901794602,-0.2707312193085464,-0.248992589747619,0.42910969533367693,-0.31325857818739633,-1024.0,-0.44262137060471235,0.5962639175463726,-0.42134016060093765,0.7453455125792452,-0.3897301682311977,0.1331513215061445,0.006483623177341413,0.8996676310383109,0.7422307700462097,0.5782186213168472,0.18123411297651618,0.6112905725658335,-0.009774239283064612,-0.7590455769446727,0.7846777389759194,0.2905848704765623,0.027656870145003086,0.342201910534052,0.049764321310647126,0.15593356535406724,0.37748219397840976,0.06140117101075428,0.2669295653951538,0.21479290178925914,0.21436190322059556,-0.19670832736702126,0.32782292936158103,0.19354415515318896,0.5510829549179794,-0.5562874049527229,-0.5073964963742436,-0.484909496811887,-0.3910112304190723,-0.14000989166943464,0.38960040610941477,0.8111286004887592,0.38550291819221233,-0.3823449030365399,-0.08134442044674053,0.7145537182919943,0.5614494995881266,-0.0747112865778111,-0.179031041306997,0.2524348914385164,-0.47502082988562394,-0.03153161594669646,0.10617473389616451,-0.23058044689222962,0.16717845544779408,-0.03907171183781603,-0.35806397176264887,0.14005439216961862,0.6655757349745468,-0.3225446878301996,0.04488726836816638,0.00019051733510321784,0.2906683266019736,-0.8232097852092949,-0.048620474461939525,0.1495436682778738,0.19178018350218098,0.19747565344049878,0.0,SZMC
1016,1,0,0.012812013303330141,0.25874577180759617,0,1,0,2,0,0,1,-0.04514919706672426,-0.1346334237332386,-0.01709569565458968,0.3603676627680036,0.26375545718119847,0.25525068283087865,-0.03054915350682106,-0.8001333086013132,-0.24720779095155113,0.6034692477319168,-0.8785001623451737,0.40607678677635384,-0.14190552383728391,0.5665656349971745,-0.6066860074044078,-0.871044591857738,-0.2832085101586181,-0.20506755673841037,-0.42127096104912065,-0.00682324093702335,0.058570478885983435,-1.2377133993113085,-0.5234789880675669,-1.235719060945492,-1.0086818839908265,0.4675980519838472,-0.4772542154193887,-0.9819241947175225,0.5526010341669968,0.08300951823210186,-0.3703115112617411,-1.9470310032299183,-1.8482282367420253,-1.2240712440121828,-0.5106625462629325,-1.7474803381685833,-0.7238583758704153,-0.1398463198953213,1.371897950106868,-0.5947325299973422,-0.005238116771786191,0.9560575658801002,-1.1565282636403615,-0.8010254262826642,-0.18201482693989604,-0.1620650949686401,-1.153956875751932,-1.3639821565698513,-1.070840034016037,-0.2117587014918342,-0.26022252905972565,0.9148197862851689,-0.2258324641049687,-0.08629959276355509,-0.9306266542777764,0.5913821374960901,0.7784359484727376,-1.1082880684734084,-0.6200187301500492,-0.3335444581910418,0.030631949636339098,0.7017298715109155,0.3942848710169861,-0.08487590729368258,-0.33544734467279796,-1024.0,0.5346277676942853,0.03709039797144737,-0.9158994020129958,0.24658699022529068,-0.19294106301659233,0.18586541052434186,0.006483623177341413,-0.038718462754696696,-1.097085728702862,-1.806197268443859,-0.2841357520664993,-1.9452860151249616,-0.01060443423268117,-0.2868221018312665,-1.4250880057521187,-0.44351983739340867,0.007455730323572171,-0.6541106449846597,-0.4473323103973317,0.4597329842308477,-2.262955439903637,0.06140117101075428,0.274220071442751,-0.31934562847087444,-1.8571369814844674,-0.5223596769938128,-0.27536064313756886,0.6656801018311909,0.2695269039161862,-0.6685144308795801,-0.07396089137444281,0.24744613873036808,-1.026665709594654,-0.4201326867576452,-0.4632708518804345,0.8196155870788807,-1.02847927521425,-1.5259474063163185,-1.2608683310690676,-1.519272260387576,-0.44494621564199666,-0.22998635544643434,-1.0115186791427935,-0.4187174668370999,-0.7180102221037816,-1.8617706085015526,0.5937196055520229,0.33624461073399464,-0.6488558601657447,0.488784807267543,-0.609015895560948,0.31541614623580955,0.3452345931412419,-1.0757851982178581,-1.9742257997171957,-0.44058629787161724,-0.5960377726840924,-0.48115096375254834,0.036314723555453114,-0.4401782138360551,1.4980713116785258,0.3178649737921147,0.0,SZMC
1019,0,1,-1.850682622051226,-0.1669963667185943,1,0,0,2,1,0,1,0.1491479092317564,-0.8596096751673724,0.2644275688586641,0.024893953527198483,-1.2526383530987901,0.5320892308542412,0.9363609009836036,-0.13726736064623896,0.5331248901681226,0.9108230879418949,-1.537448409038918,0.9930927424906126,-0.18727878172730222,-0.09163850787096647,0.16360916027476222,-0.5875369824687894,-0.30224554249268343,0.6390206808923521,0.236672946427316,-0.33489109070722023,0.054327631130418504,-1.020622558666875,-0.73332257725209,-0.7154981182453131,0.3171278077166432,-1.1198072077695889,0.2742590759362524,-0.5707797448966834,0.08164991976680358,0.32361563567937784,0.3313811252175776,0.3039576176958398,0.4610274304336234,-1.2865078712459317,0.350982254543032,0.771855700233348,-0.6761972425666776,0.10806604260596922,1.2579821537265328,-0.44394763201284565,0.4891788767233109,1.4271749496271606,0.230247211737169,-0.20327420284430478,-0.20111928379672467,0.11417225134417049,2.1238679963185105,-0.3956782203042123,0.26696729666070923,0.4986611096946439,0.19269885097193024,1.3988757037979458,0.4743277827886491,1.120684927579375,-0.16614533759141994,1.112402693253439,1.3723064524260737,-1.141121222960565,1.933445223427844,-0.47460857693310965,-0.12214593097604785,0.11055089851485207,-0.036850206999210926,0.6122188211757533,-0.02512427374297105,-1024.0,-0.15227599456171428,0.024706393797323176,-1.0508544723650666,1.0100524422897152,0.23068039091022163,0.15895762111583017,0.006483623177341413,0.8783721856125112,0.6628312103013473,0.48984369837917896,0.3157792343558365,0.7757010155988963,-0.01264070829749147,1.4363151738923843,1.2284481197116264,0.590030316844488,0.04055980791125325,0.18139313137937932,0.2359341526762594,0.9327635976499671,0.3065648600939495,0.06140117101075428,0.7331939024347571,0.18536435570523233,0.2170733006228759,-0.7473960648978052,0.5235261741502891,-0.021759882801445862,0.9343703040010374,-0.9441083909933726,-0.62396043786858,-0.059587473635074974,-0.06332207829535381,-0.7551638520580808,0.1379795789986359,1.2166761585037986,0.329985143680902,-0.4681735180618615,-0.21033674150828433,0.32917309383659005,0.3159140013658317,0.44819459548060575,0.19168974297687177,0.21631840685660175,0.2198177194306788,0.1266269515455993,-0.6265889776087539,-0.01624216066734951,0.5544665723263889,1.3711031208682267,-0.25535549644979366,0.28545444398394976,1.2879385850077796,-0.8945855480053845,0.37271092715920434,0.10981473935680758,0.4902615399325726,1.2299281742597648,0.3134165742212227,0.15070117322269833,0.4342398326080629,0.255642403928155,0.0,SZMC
1028,1,1,-0.14380141920949793,-0.479880146240157,1,0,0,0,0,0,1,0.30241351033183905,0.8294630796451471,0.15194775945240915,0.6341742511426516,1.30203353779597,0.4688808819790447,0.19283974363971765,0.35440943706548056,0.20516873173030964,0.4043283290768152,1.316004021849464,0.27891721295012184,0.8482504543789169,0.9906978524852804,0.08619837488375132,0.8907664554351163,1.135376685514186,0.6711619839732769,0.03932045419563828,0.10643619180943892,0.05487974286847316,0.2481181468019328,0.10253959819495367,-0.2071962142571152,0.3893278036715311,1.2386983611494407,0.26859580123844085,0.20319945660951486,0.6111381183730354,-0.0031928545260178844,0.537429450952151,0.10355074277954819,-0.03822251526823412,0.8138774765051924,0.4473352896453853,0.054552205317876856,0.3402169304430597,0.36166186442693504,0.034988298190496044,0.2630687442737163,0.3154432858869985,-0.08042755678139439,0.24286822790172993,0.6014956304624833,0.7063607209370106,0.2517250338751291,-0.6712531440526953,0.416099594116181,0.21718635032725733,0.2946121449984649,0.4168198198179266,0.015842484500980063,0.3311596649943628,0.6892282710475847,0.79786328403238,-0.25576602988208735,0.0608495579658023,0.9536954398889251,-0.32641320753378095,0.6791216585254507,0.06288678217481615,0.6657974153420054,-0.058333304397392045,0.6229403486331833,0.8036574288834383,-1024.0,0.8089583078077419,0.3085435723337759,0.21685232631066115,-0.03413837224775848,-0.0054744057376868325,0.0998321370154211,0.006483623177341413,0.21369173679512943,0.7536307226878983,0.2607972110119853,0.4563105912574886,-0.34881456368989583,0.17657771764557756,-0.335115022045711,-0.17231037525336826,0.8025968648064841,0.019974687985798496,0.5313965346060456,0.4353871987211909,-0.004058404232850823,-0.2659414949945117,0.06140117101075428,0.6902049321610604,-0.22399437681927262,0.10266605027261688,0.34686581311122183,0.13366951374670902,-0.10183091805710244,0.4151736910687731,-0.32500606326397097,0.7411330578307043,0.7574931902922439,0.047904400059956796,0.6428339531037438,0.08811102402719882,0.32068561535576323,0.12988172783500318,0.016130314103758633,0.6499965112277192,0.02926817211519104,0.3938360466615276,-0.17887173960339386,-0.6704909113416864,0.03424198338413541,-0.5435121049164215,0.32522582443001363,0.8686579314372949,-0.015875003100619206,0.5814792814984657,0.05496090236563229,0.48537276852230216,-0.0002794948152683051,-0.0423621998928197,0.7671175527926432,0.329886629271296,0.2618904758019241,0.13344132877964304,-0.5482816357678539,0.196939201448589,0.12965325833763322,0.5392079710946814,0.1245309510042943,0.0,SZMC
1029,1,1,-0.15827657539136963,-0.11035390911564459,1,0,0,2,0,0,0,0.30241351033183905,0.8294630796451471,0.15194775945240915,0.6341742511426516,1.30203353779597,0.4688808819790447,0.19283974363971765,0.35440943706548056,0.20516873173030964,0.4043283290768152,1.316004021849464,0.27891721295012184,0.8482504543789169,0.9906978524852804,0.08619837488375132,0.8907664554351163,1.135376685514186,0.6711619839732769,0.03932045419563828,0.10643619180943892,0.05487974286847316,0.2481181468019328,0.10253959819495367,-0.2071962142571152,0.3893278036715311,1.2386983611494407,0.26859580123844085,0.20319945660951486,0.6111381183730354,-0.0031928545260178844,0.537429450952151,0.10355074277954819,-0.03822251526823412,0.8138774765051924,0.4473352896453853,0.054552205317876856,0.3402169304430597,0.36166186442693504,0.034988298190496044,0.2630687442737163,0.3154432858869985,-0.08042755678139439,0.24286822790172993,0.6014956304624833,0.7063607209370106,0.2517250338751291,-0.6712531440526953,0.416099594116181,0.21718635032725733,0.2946121449984649,0.4168198198179266,0.015842484500980063,0.3311596649943628,0.6892282710475847,0.79786328403238,-0.25576602988208735,0.0608495579658023,0.9536954398889251,-0.32641320753378095,0.6791216585254507,0.06288678217481615,0.6657974153420054,-0.058333304397392045,0.6229403486331833,0.8036574288834383,-1024.0,0.8089583078077419,0.3085435723337759,0.21685232631066115,-0.03413837224775848,-0.0054744057376868325,0.0998321370154211,0.006483623177341413,0.21369173679512943,0.7536307226878983,0.2607972110119853,0.4563105912574886,-0.34881456368989583,0.17657771764557756,-0.335115022045711,-0.17231037525336826,0.8025968648064841,0.019974687985798496,0.5313965346060456,0.4353871987211909,-0.004058404232850823,-0.2659414949945117,0.06140117101075428,0.6902049321610604,-0.22399437681927262,0.10266605027261688,0.34686581311122183,0.13366951374670902,-0.10183091805710244,0.4151736910687731,-0.32500606326397097,0.7411330578307043,0.7574931902922439,0.047904400059956796,0.6428339531037438,0.08811102402719882,0.32068561535576323,0.12988172783500318,0.016130314103758633,0.6499965112277192,0.02926817211519104,0.3938360466615276,-0.17887173960339386,-0.6704909113416864,0.03424198338413541,-0.5435121049164215,0.32522582443001363,0.8686579314372949,-0.015875003100619206,0.5814792814984657,0.05496090236563229,0.48537276852230216,-0.0002794948152683051,-0.0423621998928197,0.7671175527926432,0.329886629271296,0.2618904758019241,0.13344132877964304,-0.5482816357678539,0.196939201448589,0.12965325833763322,0.5392079710946814,0.1245309510042943,0.0,SZMC
1030,0,1,-0.17102079438364046,-0.5532622839940491,0,1,0,2,0,0,0,0.18349835048642602,0.31603738486378424,0.54446288448469,0.1260752790777492,0.28620436499191954,0.3899705573676104,0.08596527834308361,0.389654380578069,0.03950839671454543,0.1816695931789377,0.07144822875633942,0.09863786625428105,0.24934875816443866,0.331009319822215,0.19928915354557297,-0.05557607729897467,0.1619799051121142,0.04880906473503676,0.16026689047838386,0.18216483848939077,0.05305338093693704,0.767313711016523,0.08752431844902324,1.466665028541262,0.38086384542706037,0.2501731950120693,0.08149969477747082,0.25729061967681616,0.10035010524625874,0.04140827890960084,1.0265310245495223,0.5287353895877591,0.14676648839683754,-0.02659369043812901,0.4211335853793476,-0.18986819592157989,0.18245850785978082,0.15841634582772202,0.3310760441648696,1.0123931594152393,-0.0022685393579471905,0.755833820487718,0.47876425258866734,1.041915095593186,0.3909160662521945,-0.044324796714847785,0.3793886563126427,0.5231249532530078,-0.08037153329808361,1.3147024313337292,0.01895658242314132,0.17957078165292253,0.47782573983225124,0.10464787012507522,0.8630215851034464,-0.005781505125967754,0.5582502958352371,-0.22765029024230823,0.2803638578619551,0.328430736663739,-0.1390575999042286,-0.13649575796933114,-0.2579297359928548,0.015210112648801127,0.06824492347902303,-1024.0,-0.12666441379724225,0.5223832367936462,-0.35884821331465133,0.1126023464125246,0.8114308976010046,0.14736289224330135,0.006483623177341413,-0.14158972694371294,0.5904136977174199,0.693134584740213,0.6164945857367218,0.21519042528081692,0.05849310443655075,-0.13304615823185895,-0.10386974405067635,0.02200032589075588,0.034307613223172974,0.13816422630917713,0.9327088335194788,0.5260788112370898,0.6383306975747007,0.06140117101075428,0.03692728782847407,-0.3015686016928383,0.23233810416564504,-0.47026322058318726,0.26315747203270523,0.3193200901370465,0.7273686994015942,1.5097574139355583,-0.4374220169027327,-0.0677534502306188,0.023542555221433364,-0.3998980321845149,0.07744780952273946,0.43893169731313825,0.48949928796554026,0.19384328688442184,0.734772961139704,0.651866692417502,0.4803470841131879,-0.13941467150671527,0.0339881539298478,0.35178964422231535,0.09403519019604656,0.322884300859184,-0.12516285369923272,-0.24256936713266114,0.08267251186606203,0.1256042548525245,0.06814421945857227,0.2355749510518069,0.6736149906125669,-0.124971615650424,0.20739430902006076,0.3992469959801711,0.43328222069904493,-0.024460962037496925,0.16014122757097485,0.12752462064919012,0.16475744083910135,0.2293264857587703,1.0,SZMC
1033,0,1,-0.1893556098362541,-0.038097989997412894,1,0,0,0,0,0,1,-0.3509985837407938,-0.29559890034641667,-0.05945061167270508,-0.04538320974313797,0.044205049989787706,0.1732231420613478,-0.5764514188093174,-1.0143671740426932,-0.3635338368753449,-0.34254189301392846,-0.5314435080785647,-0.0982637410469308,-0.5643468743735947,-0.29699252400314596,-1.405048989638925,-0.6629374417830541,-0.26422552439017094,-0.33443042498201314,-0.640807405248578,-0.39662819027061197,0.058520624272658965,-1.5770383078813917,-0.41518475817647343,-1.4579447900261224,-0.5908271835254958,0.2687908528001307,-0.29886702160480877,-0.5941737122865058,0.17693433739051134,-0.22397460472837513,-0.4234591828879629,-1.7551926418215469,-1.2695825851492122,-0.3893195335065217,-0.25675295329845194,-1.0487109703703277,-1.3091931949623026,-0.4426056595258387,0.06965149329004845,-1.1190902204999116,-0.3903521105373647,0.23787888650880087,-0.5516205269295161,-1.2635489842969927,-0.16302088351817975,-0.34249299685593115,-1.545382127095486,-1.8513530597678203,-0.22964089287765557,-0.10230053218697352,0.08693249992947459,-0.0639990447471942,-0.6120767335067357,0.15149963609333275,-0.9668503336397656,0.11439014879611883,-0.08660691202182538,-0.2961038480119802,-1.055382109997712,-0.8699647854944416,-0.40782884590046553,-0.804150475200881,0.3533857868184926,0.016280043620325976,-0.3132213975685343,-1024.0,0.08766680428422248,0.20977124468099087,-0.9141076699531372,-0.14249017257483174,-1.0504394657560694,-0.07149785692262658,0.006483623177341413,0.39837072835739773,-0.9380296029172644,-1.7911913096462193,-0.5358928068424837,-1.4110417513639122,-0.000581228112140295,-0.5241053424515996,-0.7779350512869152,-0.13908547693213236,0.007637225271180003,-0.37751180996923356,-1.2028311038309654,-0.4957075048187935,-2.102429797610719,0.06140117101075428,0.15316248010764208,-0.1868810730007649,-0.19019820992646203,-0.3660314134537614,-0.6942047856962374,0.6045646666024215,-0.5989612793587528,-0.724925206319396,-0.19289704967420399,-0.10698536857339927,-1.043308266969576,0.05172832456796027,-0.12854466355797367,0.006952056028878462,-0.952768284029537,-1.5253265068328719,-1.0765395810204696,-0.8646180006029531,-0.07598911527014325,0.0922288823477473,-0.9491195289539781,-0.31203334163983554,-0.8609268596562181,-1.8271531400623637,0.6545203458845889,0.30210070250563464,-0.519216169164922,-0.23601598911690247,-0.9454741246498851,-0.37517061942298746,-0.24077294579289626,-0.5037594690096832,-1.8291477459949346,-0.6608522750767644,-0.7699835079751268,-0.8314253593258966,-1.2035127183815337,-0.4304214668115445,-0.25273446811750255,-0.21373148555714014,1.0,SZMC
1034,1,0,0.4597918881327701,-0.2207649497664385,1,0,0,1,0,1,1,-0.44112671050310687,-0.3656438298553672,-0.2606644607306004,-1.1084532897135047,-1.0270375195666468,0.2594855748588415,-0.9077318705291928,-0.03722488532539264,-0.07089861499439826,-0.47884634154496486,-0.7486788592661849,-0.39668815664273643,-0.9098079931957896,-0.4198593963075515,0.17033991568534357,-0.928318064583418,-0.37935989706785683,-0.47353644551813656,0.076977644504692,0.1585081791265633,0.05529937152710892,-0.5324196511212235,-0.1908420355915585,-0.4050555519573129,-0.6271135394076941,-1.2426231801796663,-0.24903850782843706,-0.13345844046168445,-1.3137453146799676,0.03684987850474914,-1.590263010326124,0.5321770210458591,0.6964103134728543,-0.5769608472762957,-0.6964102850391345,0.7847260517884463,0.2105033574953914,-0.2710134124143588,-0.24280984280778817,-0.7949648695072238,-0.4207143781271914,-0.28991220078735713,-0.48558960867836454,0.0035740923987004937,-1.4634790349127806,0.0024156890111583914,-0.5687764844825166,-0.08629062340388932,-0.5364221102314396,-1.7043472346770572,-0.3498686826217527,-0.331302071478359,0.7655453874411627,-0.8064156080018221,0.23120332233400803,-0.039774306504906924,-0.6076199536855085,-0.6350598976195105,-0.9679293107917997,-0.7706783196699242,-0.4151887705597293,-0.6300646837296585,0.2576547760757878,-0.5071091722078171,-0.6404605058581536,-1024.0,-0.8763337503116121,-1.4806016868891934,-0.0034974391746599846,0.23708976114737323,-0.9241914667973682,0.15942854015989497,0.006483623177341413,-0.38792344119962724,-1.1673956318338177,0.5432225002107497,0.43852725480192334,1.0788344963001002,-0.015070079196682677,-0.47473369252979347,0.9724427407806081,-0.5147678350304395,0.18615005865859577,-0.5368001928149507,-0.3227165380633685,-0.623432804186024,0.9814080812722821,0.061658463971476535,-0.5557893111120772,-0.34091824216239497,0.18567277390158188,0.09243832420903363,0.4922067926447337,-0.33098488646090224,-0.5407482478582039,-0.660530396940937,-0.21414583410172752,-0.7800310893847953,-0.6355343716944087,-0.2577880883459918,-0.136309623606734,-0.533969978984832,0.3446596711028282,-0.45995026181558746,-0.022469595258052782,-0.7443770541704875,-1.218073642995967,-0.048757106861065755,1.8698838573154806,0.1966601553783923,-0.27682191818193624,-0.37800939603217093,-1.175870033644177,0.21811018570665786,-0.09179880561753549,-0.31274152941282274,-0.9547051973350476,0.5430375039495625,-0.47507837874717673,-0.36663226228318185,0.4189124747079591,0.21540072299994986,0.23155266691585663,-0.37714225145126007,0.40629263266574156,0.12781290476264867,-0.5766350244239513,0.25994485223091995,0.0,SZMC
1035,1,2,-0.19858053294679368,-0.31559778501133634,0,1,0,0,0,0,0,0.016070552765847988,0.1535021911694477,0.23703190764865592,-0.23856471500061352,-0.07537124595513243,0.35497950669832956,-0.15707779568505695,0.14388980567662055,0.007294897601755431,0.010840228891905659,0.04142209294686871,0.09655937402037869,-0.010119774472743252,0.1581561521674071,0.2212248046599118,-0.10275794102075536,0.10756100071274259,-0.018324701106944462,0.05383023914875585,0.03868559896834773,0.05417064059736205,-0.06285184397143566,-0.12366089987580099,0.12431892178643682,-0.0057299471572612205,-0.19560371238298768,0.019711604715390324,0.11110479307244556,-0.34600931719887396,0.08777614509242676,0.10402430355791173,0.5407490604544657,0.5585849554962204,-0.01640127599237235,-0.10708815648557123,0.4854649760074984,0.21661328163220012,0.06489433771847969,0.18654181853807425,0.4972562633335066,-0.024476397236529585,0.2609478874311815,0.21117607409686948,0.3161868649917594,-0.4635441602346865,0.1999185693093693,0.1112207718662726,0.20664453251707166,-0.1771900028165979,0.054303577831121455,0.011001697010883979,0.25259801225245715,0.3180049448992708,0.15925104686766128,0.2652605619452535,-0.19110275609166572,0.4271204731509593,0.02281932479417203,-0.06977916688437717,1.1343286457064417,-0.2227374685159317,-0.41058387240873756,0.014133079016247743,0.15871210030846192,-0.04004231820938273,-1024.0,-0.26879141566409187,-0.5120430497630025,-0.06695556367953545,-0.017579144655456756,0.28189979692298023,0.13626228140616642,0.006483623177341413,0.0770552938842402,-1.0540520803124194,0.6048362975392341,0.5006519607905247,0.7469185497101819,0.0300717185044219,0.10204998495142795,0.5671444184684316,0.29923423898754464,0.06436858344870745,0.08080652885383904,0.1679231781047195,0.2937307463564845,0.8264931615186766,0.06140117101075428,0.3379121313079016,-0.3069987543365037,0.21840990717982217,0.0258206396538608,0.11307925885761586,0.047141436624850465,0.30311374311977596,-0.03018913927044528,0.15135788851867268,-0.07254541454734119,0.05485487713772003,-0.052363840031887536,0.0823665659862929,0.19975145709836728,0.39746468986011546,-0.16228058497341313,0.04609881213336319,0.43242306483810466,-0.2271453744149549,0.1805756840415168,0.630243619664291,0.2923662948759484,-0.20778802253646267,0.06069103569773135,-0.9452515060932934,0.03783393292282054,-0.09141760054314622,0.4974438153897946,0.9254269295745935,0.1571234233632557,1.0443431644233174,0.1712558835986176,0.14148453697929492,0.29741710900110535,0.3449344275539537,0.0890167004427865,-0.05090187143340648,0.12619997233189528,0.06888145708498947,0.20440996229687514,0.0,SZMC
1037,0,0,0.6751992653988637,0.284911151728163,0,0,1,2,0,0,0,-0.5966563635403433,-0.6751414401937175,-1.7781744906882744,-0.09406643599829438,-0.15964782557238347,0.5255441068955345,0.0021105992686197114,1.0014034168632147,0.42927249871212597,-0.21619512934964707,-0.024480868544983315,-0.17773207408501748,-0.058297446342418464,-0.28931947454868645,0.3127284970224641,0.026675540085312525,-0.28808990989598926,-0.24523289388113173,-0.19751008210040363,0.6290406142244418,0.05640667582130615,0.6198968086833708,0.3256258297641454,0.4831745786913702,-1.4610453097833382,0.6929111752915647,-1.5892558908391483,0.5066077253184788,0.7271674232539036,0.18665095955788458,-0.9501870039898751,-1.0695245943421434,-1.5268091989211356,-0.38592384380866995,-1.4081229425151247,-1.6934850169219724,0.2824144467558239,0.2393105154218222,-0.6334859731805308,0.7916708401478834,0.028560181733499678,-0.09708578158421924,-1.7060454110119119,2.141750325966979,-0.7790471788623116,0.09527877113399355,-0.26069363373460785,0.717212985647145,-1.480790379655851,-1.1120998775114637,-0.8120258210987442,-0.2542028485368313,0.9611180820187415,-0.7032662117560466,-0.3231029620715175,-0.5432107325343836,0.18963177942397189,-0.41027986342692363,-0.18517913423661483,0.43670564318722516,0.4055197290022856,-0.6048802412441857,0.1372576100241665,-0.8020861574941677,0.034741655550154626,-1024.0,0.33599258140499966,-0.8930414028702586,-0.302669369666836,0.02158777565796151,0.6099650235114992,-1.9240070295906644,-2.737138165670895,-0.4800259677378802,-0.008284662317789376,-0.03542950711707013,-0.13455651715767206,-1.7729634323818488,0.009382485883084492,-0.040220442880888344,-1.9727272415679151,-0.49544548709418007,0.18782999197721942,-0.6065191574495048,2.3152916534533343,0.2864875886737838,-0.10579437453140891,0.19423072903031352,-0.3487566280307551,-0.37430355104498647,-0.2721252475530513,-0.5574739677651401,0.7433045129255325,-2.997278244132501,1.9972356712713428,0.965307125757216,-0.4859124201002959,0.5879785638595327,0.5098721362170693,-0.567914731903884,-0.4353409743282538,0.923363737437381,0.2459784377200104,0.040455896457858825,-0.6253769165225863,-2.1968053697674406,-1.5696607833309597,-0.0745160630896502,0.17527853061825036,-0.07242842993949238,0.27351070680244716,-0.6171059434204003,-0.5861972839616895,0.1343851776666307,-0.969555185576029,-0.8179748183399472,0.21170862216575234,-0.0675959392524735,2.110462161493669,-0.5251492889986398,-0.7740258230684758,-0.26359683805364187,0.4235838388935795,0.10474031364891058,-0.5394931477888285,-0.4428267613696389,-0.9969799848565323,-0.41727264186854324,0.0,SZMC
1051,1,1,0.2679051269923917,-0.4051130515256951,1,0,0,0,0,0,1,0.1380773933285832,-0.590360356807864,-0.059083258520171496,-0.6448161988402104,-1.593503873083316,-2.0784832975759286,-0.37943984114483864,0.7351108839211016,0.8860792329043641,-0.09234862257407782,-2.943174989045124,-0.09125336970798069,-1.3337121098634943,-0.8881056381497068,0.7698462515468475,-2.4376996530768804,-1.9277204795164282,-1.2647022989546237,1.015049945942585,-1.553734023807502,0.055026768204336066,1.1714628827492377,0.766971593603299,0.46259403227518475,-1.1583609897267886,-1.6487896246311764,-1.004253701343488,0.7688185481001645,-0.7523699352319283,0.9470837589018509,-1.4458027842922179,0.5610399135912512,0.701011175888956,-4.170607710659233,-0.9146358471323323,0.25942395741943186,-1.1227609210679956,0.33437850546146425,0.03597432882754718,0.9458872379868658,0.07351854776653158,-0.36273044980745256,-0.7607136211308408,0.6395887248813605,-1.8281208984314976,0.37435578091785693,-0.3473932434670205,0.7292300526657453,-1.8425261466902552,-1.1728684613702627,-1.9335268900328142,-0.244421575955625,0.08815003307274352,-1.7842174995388322,-1.613415455866,-0.38261680043740515,-0.5877694700838482,-3.939057060659882,-1.300152549501332,-1.5148481452886033,1.6600534809687384,-2.576906272989161,0.22558152067909332,-1.7678458644060684,-2.132027983755715,-1024.0,-1.4842024829654998,-1.7313585873963897,-2.5248215840590538,-0.2127719805963456,0.8444062481939104,0.16013567108573942,0.006483623177341413,-1.3921152138494186,-1.800670987104652,0.48984369837917896,-1.1687662056586798,0.828113713646795,-0.0055104458055081846,-0.8191586201873996,-0.4767409932280875,-1.8768911816960963,0.4767676349069174,-2.3985884796923367,0.5688627069163988,0.1861549388781233,1.0828748856451083,0.06152966101255928,-0.6380600212776332,-0.37541257669704164,0.11659863467803366,-3.8856834722990663,0.064284866624689,-0.5240607085097908,-0.07811395829161305,0.4239976289330671,-1.189804804637607,-1.2577802683469304,0.532513402218377,-4.428388093818041,-1.1899356182875833,-0.8979463085130707,0.30902471187194536,0.14925024904602321,-2.0661794623092873,-0.3250860962306645,-1.7259937491902617,0.1542539379913229,2.320271380095551,0.024644129383577695,3.7251749584892937,-0.8649075307568649,-1.4996730902298796,0.17875069942414043,-2.463446845326469,0.07246495471113866,-1.8699297120069684,0.21573105964471787,-0.9037684150057673,-4.10793334508543,-0.6075738546226135,-1.189509270555431,0.7286961756997181,0.029453376689370474,-0.46188976592657094,-1.1840939898964111,-2.0626267512745073,0.25994485223091995,0.0,SZMC
1054,0,0,0.08062815514999742,0.28260761026631126,0,1,0,0,0,0,1,0.5295715373977338,0.16908238147000007,0.12074590829226757,0.14247174438737828,-0.3384030284529881,0.7068847409806793,0.1825754492036662,0.7226198022484353,0.8435412985088563,0.054916481253002095,-1.3098109398128073,0.12929331033907032,-0.2678395320093548,-0.3535491581026438,0.9374574554162372,-1.0206706521440163,-1.0999745224173398,-0.7524875363300737,0.9638286347863698,1.3222627397933981,0.054553248289441324,0.8558365081946423,0.875907206982237,1.0129124901103534,-0.5842413145600522,-0.6916016439593933,-0.7404152017446557,0.8293299543102353,-0.22619203335392432,0.9370913327167993,-1.17205096023738,0.6193179692438351,0.5950696961901605,-2.3616112996007677,-0.48932083235604656,0.07251136846931891,0.09434781705393779,0.5895289365781621,-0.5584316984442457,0.4940992797243843,0.36213885374460963,-0.08874380222840822,-0.08160593388126906,0.5624640433754282,-1.421680233027516,0.7718674425779566,0.20612202466233656,0.2958389856910294,-1.1665689665597685,-0.9993870617088421,-1.532793390302986,-0.4533165008126775,0.0939714269809171,-1.7842174995388322,-0.9429950817825064,-0.5566966852236321,-0.3759044149362295,-2.466099935420742,-0.6288685475933479,-0.8208320603398497,1.9001508356998227,-1.8354476990875985,0.20619614100560532,-1.6544107719281862,-0.8894925737444895,-1024.0,-0.7646778019345281,-1.3144085327939663,-0.7697870843145873,-0.42181278439394154,0.2472523006655465,0.21601051295759532,0.006483623177341413,-1.4021899242491098,-1.3545421554974306,0.6131297450418364,-1.1860252845232928,0.5889864400820327,-0.010123127746182108,-0.19200335113586703,-0.43745504695197013,-1.6721652871194996,0.17290042236753703,-1.608668056234739,0.3722869809672971,-0.11552760540164109,1.1407774057275557,0.06498499632864646,-0.12442811452871251,-0.3736082268213682,0.22234604522336876,-1.904172558237961,0.013770450367083645,-0.04148538808752924,-0.08375866706770181,1.0033214457914872,-0.3602272492568873,-0.044223568140564364,0.5661812896111702,-2.9205932401274084,-1.1921628060795713,-0.6095530791631623,0.40550898621323056,-0.39719010899546836,-1.3381541596500435,0.08514073827405778,-0.9830425908230918,0.24541429329378336,1.8959475298282764,0.30832844352527555,2.4304894633301615,-0.7864803340003053,-1.0835501269595038,0.17048168977060132,-1.9460171881028892,-0.29191714496484034,-1.1261018792508557,0.3607376418291335,-0.2436702742200244,-1.9414960590947197,-1.0057983607341063,-1.2150871564488908,0.6692452256137509,0.3347366332797762,-0.2784031178779555,-1.183564275537041,-1.096452592577137,0.4364593872134509,0.0,SZMC
1055,1,1,0.3802007144724886,0.47845808804297496,1,0,0,0,1,0,0,-0.28318189725078086,0.29172093696525103,-0.03453182905807814,-0.6384852139577135,0.07887161098013208,-2.0784832975759286,-0.7764813285339902,0.0337735954948284,0.37994320311451085,-0.42512421706148684,0.4714197739368735,-0.07583037636201591,-0.15667340414756345,0.1653451654314067,0.3171681526651456,-0.12064717665023748,0.501156704785417,-0.040794336051068567,0.06826814041348446,-0.2057392263969472,0.05478805140374217,0.540140241514677,-0.3002997397146227,0.29255077784414923,-0.044692856945948364,-0.05091883031023884,0.10758507590325792,0.14780978061237626,-0.7244775520822822,0.08477716876848126,-1.109793741792356,0.3089055676648153,0.24928247961191966,0.2142471403219274,-0.15957376351601973,0.22683420088273215,0.9668822757447046,-0.12185749123703356,-0.6060336423391388,-0.046714961282748234,-0.20779390815870152,-0.06616005950399535,0.08365119303144411,0.17824215252402886,-0.948076779293874,-0.24628021924853497,-1.2554305582255374,0.7825284984321641,-0.05819226699962939,-1.2826664757858746,0.5096111085585235,-0.4619926206886135,0.7398317179720173,0.3373957131033432,0.9558028798872984,-0.17220265758696834,0.00844520768714516,0.19088992470202354,-1.1241086720516165,0.5018016172393633,-0.6093870072934111,-0.2504608573041445,0.16347794193619014,0.3484383346115741,-0.15792472646419914,-1024.0,-0.8626944710784932,-1.074200515617844,0.7787874118567517,0.16886465972640902,-0.34047092132096424,0.1068672467002081,0.006483623177341413,0.33348454082636453,0.1907188622575041,0.42239651611847034,1.093800805973578,-0.10398329153485825,0.05622074435958065,-1.1774134601575714,-0.3198923618921617,0.45419319199608355,0.05941772856162979,0.5908465597346202,-0.10232653700056832,-0.46301135847834307,0.3860854625197241,0.06498499632864646,0.1990954013777101,-0.10547875955972807,0.07733794409265443,0.5033936723715892,0.49612996456877545,-0.4723644480962309,-0.23499791602998849,0.2618766104284609,-0.6045963269512892,-0.008869884784203223,0.16522543681744148,0.31462657568552355,0.32380923026676284,-0.15699327596513085,0.2724872180324443,0.42340698836170354,0.7822783641750404,-0.23897162038036943,-0.5660715601995802,-0.46701986191861056,0.5063877563225012,-0.0019807772112760197,-0.35374788534563223,-0.25345917766933185,-0.7466954925470607,0.15121960369878654,-0.46855802413238284,-0.26347754180258554,0.2640582824264689,0.21963536051423874,0.1508550430415063,0.3836838352766077,-0.16716403992291473,0.8309006480983678,0.4495793142714414,-0.9485295770220785,0.10825348702359472,0.5834559849311385,-0.49378895729972855,0.18342082480202285,1.0,SZMC
1056,1,0,-0.2208791670812622,-0.44112751818822354,1,0,0,2,1,0,0,-0.46178147048442125,-0.23651014028726008,-0.2935202347798537,-0.34340071253601195,-0.04419407680677687,0.3037415813373631,-0.3472702408926467,-0.1351030564545072,0.019318976253124828,-0.19851032101934027,0.026838793343761134,-0.22036101545769432,-0.08911738338149766,0.04819128102078965,0.0470603244060131,-0.23941349991562103,0.14532686687124918,-0.08347991640529238,-0.4286075475473703,-0.17336577174176443,0.0552150585017513,0.7291754780783968,-0.08550290337489189,1.4520654833895004,-0.1887970195217059,0.2665104750995695,-0.26693674470155276,-0.06956694715840737,-0.026297267122970668,-0.33371010585231226,0.6757222380113964,0.027298996179276048,-0.707567554801479,-0.025548272689226496,-0.34485527386611137,-1.0849621655975985,0.5402271481201246,-0.22007476474447993,0.04117413121690294,0.4454250108804857,-0.3747789384641892,0.026503857571463705,-0.26855578922110745,0.02616878468787576,0.5091242821051178,-0.554147461654968,-0.06773464074891192,0.8485538143936987,-0.25401358855376155,0.6309552913946685,-0.0034420896706107177,-0.1547073401441482,-0.15767638179195145,0.18510678801806674,0.5777370612801448,-0.2307087010467559,-0.2872412395458659,-0.125182261639938,0.23970586394344107,0.22171238823930367,-0.49387459697550745,-0.10193069386628699,-0.14636928297960822,0.334180617576991,-0.1856157114141597,-1024.0,-0.29685313903493027,0.3334705893784036,0.05914984409170911,-0.39091549531378095,0.13891939407327097,-0.755588827265429,-1.0104267627584436,0.05956064213090007,0.4344430453207353,0.4344422257884344,0.5807357354650605,-0.6742439915554121,0.013842859793161256,-0.7976114179616025,-0.9586109964253217,0.03703716144358491,0.09782336971518282,0.016241652067785668,-0.28701378348261325,-0.007620996833838357,0.37186367980729523,0.12025062596135876,0.04020842246085711,-0.26140350177936383,0.03836233766160716,-0.17509798546482191,-0.31532011833834744,-0.6821756962548162,-0.44522692207837955,1.6872909715795679,-0.83114364017491,0.1220186528943036,-0.0089866072096638,-0.022638245778446742,0.08388910568659817,-0.2815583780011835,0.4505774207282618,0.47446988577901356,0.39300368349260456,-0.2526290702817903,-0.14726385967041739,-0.23666414445033276,-0.22306103920652234,0.22859834291468142,-0.351780083511985,0.12801744938165135,0.1720735118594733,-0.08763627994707085,-0.04448594959777178,-0.5508769892399957,-0.06691142330730797,-0.2719937150828503,-0.19896836646858188,-0.2854086595021849,0.03653327663075865,0.3593854733102638,0.35960051172578233,-0.8542990754937314,-0.6438553396526274,0.1260917569992986,-0.47926177027620165,-0.29594289986860584,1.0,SZMC
1058,1,1,-0.027875538134834083,0.728374364060447,1,0,0,2,1,0,0,0.5576643278048024,0.4680414102702154,0.12479497894144344,0.31023703630329214,0.17461169327898726,-2.0784832975759286,0.5553796588013593,0.8465460505748519,1.3523166051750983,0.7944027265385244,-0.45756636689638647,0.6453772629851392,0.48600649326138606,0.7437574217356316,0.7460839709497041,-0.37623455983871007,-0.31430510690968516,-0.20902923056867606,0.6871918886477053,1.2447369896507012,0.0543845713379888,0.7649236537082278,0.1896285351354202,0.3135991639319209,-0.04467547237516091,0.2201866603376408,-0.15314191526211468,0.6583551282106542,0.3470645536792106,0.6960268225936277,-0.8410249639808912,0.320555587641205,0.2878354702907871,-1.7424096919134735,0.12227339145423172,0.17264675991581807,-0.0889734132192815,0.71610780713015,0.6925438743070914,0.794672685097661,0.6044726474017778,0.7020913332370952,0.03417163557542061,1.1317077354402196,-1.1302964490662344,0.5332128933510729,0.25374624929689477,0.5584189490197704,-0.46403537593231836,-0.7218971127883785,-1.265344862306947,0.45608427262494555,1.5824545513101416,-1.0496666011679396,-0.13116034960288106,0.24667208525626058,0.5282130168469366,-2.0937653690658724,-0.029928948342633523,0.01326813242092182,0.8455180365100649,-0.537353791472507,0.1407981779766165,-1.2205167773748886,-0.17112738704466482,-1024.0,0.10786600690063956,-1.0581641972950844,-1.1103169600005371,0.678589373420599,0.6265967539095058,0.1608408857014504,0.006483623177341413,-1.0624863556079012,0.3093406877768516,0.43082594594469814,-0.08225868929596733,0.15678940488911539,-0.013045304058086444,-0.5491654817898818,-0.24034421905269554,-1.0737729097577535,0.07306983722660712,-1.2098290398461953,1.106931567475588,0.40951286713917584,0.41128659742552454,0.06140117101075428,0.4845788824053128,-0.3711659486623233,0.10266605027261688,-1.9513479892031511,1.324857297085932,-0.4490445090853527,0.9404266975206917,0.25921136208226253,0.45886861440056365,0.5041359756599837,-0.07226468602983624,-2.3107471555885852,-0.4490531318679128,0.41744594564614296,0.2869376450966827,-0.2574153335277393,-0.40227077808009976,-0.25288183737502384,-0.4262421641911583,0.15164845326763993,0.9553917802153867,0.0020022719080364727,2.1020247570488833,-0.9217055622516171,-1.1034220035651485,0.11435463597398095,-1.5873879881140232,0.9688218685989731,-0.22804386119352393,0.3896299646655851,0.6433359383819901,-1.851592425132252,-1.0560882419726745,-0.25275850216023144,0.5085936577762427,-0.15715529559363164,0.0019502777684358658,-0.4427263512322328,-0.3576613653055917,0.25994485223091995,0.0,SZMC
1079,1,1,-0.21342119418003744,-0.4690618420193442,0,1,0,0,0,0,0,-0.4174492272424274,-0.2679058286985531,0.14293005824095248,-0.7491898758696397,-0.5628677938428566,0.17957986056149147,-0.4570165796246777,-0.1203462787114052,-0.3801951300570115,-0.23063395016508134,-0.12939294678011423,-0.19164604327925006,-0.3092604923798542,-0.07033476718393425,-0.25111124710464144,-0.3266350670684162,0.09583771672110873,-0.06108831110606172,-0.34279764427798654,-0.41204155118894453,0.054395853560062706,0.5760851644129825,-0.5178950725189675,1.010271534935639,0.08888275774835963,-0.6044117062501015,0.15961908961365504,-0.23098759416241837,-0.7797604762863773,-0.538108297862349,-0.0246435173084664,0.5008245609760518,0.22507087487830474,0.185861975044416,-0.11593464753698278,-0.08902746591894957,0.1138262134252834,-0.38797475435022877,0.5225929019150517,0.31036206596212773,-0.4056460522671828,0.6212659843321295,0.3816809209965874,0.5042225359564044,-0.31050874041332,-0.4246776379582705,0.4837056802650688,0.44370258460971274,0.10555037390849079,-0.005451189151921629,0.8124376167105462,0.22573058904558171,0.6099302465765177,0.14532749777543674,0.8075969214342956,0.0946119668931868,0.3626107481378503,0.017552592488600652,0.5131886964278309,0.8153213865309337,-0.6362969701888315,0.19682756131135698,0.026925085409747338,0.7186534632278334,-0.19884081176674082,-1024.0,-0.47229320198498653,-0.39453556036503096,-0.31976528407887184,0.1517891974513816,0.08737974627092193,-0.030589011977685997,-0.07079859211174123,0.44223031506563,-1.052185691647077,0.6260367020120541,0.32469750002860853,0.2084356226999869,0.054465359966944356,0.03559963610520436,-0.12443883488579262,0.5223452162837876,0.061203920140067286,0.44351815385850496,0.3383525213510369,0.14781714041603808,0.7322022819964924,0.06641211922781509,-0.053073402164570335,-0.04799309033670967,0.1769951166413748,-0.25246050827355204,0.3663427315648248,0.047977738107317626,0.4190753922014561,1.0214023374316923,-0.07384552001964544,-0.2596838921273293,-0.2746268585853753,0.07673656954319143,0.09614439492838688,0.5255957709456486,0.44090699541021416,0.2083319458910901,0.7034307358174167,0.3996429366339534,-0.12531567315168726,-0.04157525446975334,0.4237341619764245,0.24121871184838636,-0.6156176236017565,0.5060674282443878,-0.4091885846536731,0.028512044735719236,0.5969204056065058,0.38085812440415995,0.6661208199437764,-0.0104312892203106,0.5087071599212638,0.017704977831444486,0.7416336971813177,0.12644512640575128,0.12422376623807828,-0.1407802826460275,-0.099284066797415,0.1383709604523622,-0.45799899264715477,-0.044328974790091735,0.0,SZMC
1084,1,0,0.05605875471793361,-0.33734108222128933,1,0,0,1,0,0,0,0.8416008785864479,0.45758092006227574,0.5382845911322194,0.9580685815087809,0.4583350171260301,0.8524536267900228,1.0569572631423676,0.5967222078602369,1.254020592740966,0.8801239965212204,-0.5206860512988365,0.5361245512518698,0.6757540137725756,0.507488822061229,0.7342328162653278,-0.11110330538091025,-0.47191561279432453,-0.08177125178859944,0.768681676057832,1.2998694175821428,0.053409607769234674,0.5983094329687625,0.7071549592239245,1.0470029177978015,0.4901963547000629,0.4708593804462582,-0.028453174535116265,0.647314005159364,0.9431734487179005,0.5987232687586148,0.8932484854665192,0.38366123032018346,0.17578645567548265,-1.4894657779942115,0.7165998603145783,0.0017925417335546109,0.22919773980483865,0.812274282128754,0.25421394898003036,0.8278521559604244,0.5815831443939011,0.6791899226713647,0.43354506679613125,0.6934822599323536,0.31819280593769866,0.6462661601076901,0.46151324555766976,-0.06303577225500177,-0.06510764013696951,1.3788970231371644,-1.1645752208526863,0.11620723984024577,0.16937553712569633,-1.0228015979531444,-0.4496471297007878,-0.3289467444316824,0.5096468062532687,-1.5095056441481618,0.47533214738677493,-0.25347637094019504,2.0875537747613566,-0.6268616838663372,-0.12361931782977979,-1.3290485505754401,0.10642683753694665,-1024.0,0.7289388037468024,0.6822027158340681,-0.5617625827194774,-0.260641542732692,0.6156840232928811,0.1608408857014504,0.006483623177341413,-1.2620745852108346,0.7698171847693221,0.6090164640612222,-1.1043736234986405,0.30355902092714565,-0.005647813568180233,0.062388489191615736,0.16661638931245767,-1.477916646320922,0.03376749223739002,-1.4322647169722156,0.5586057046575515,0.4152366734695987,0.3610619711052563,0.06140117101075428,0.832638134067727,-0.36777193747536163,0.24279408954466972,-1.0259319395004842,0.049374066217778824,0.2641590035185492,0.5413951705131173,1.0366169609950138,-0.029542610655858014,0.574342674593129,0.47180740663044085,-1.460222066151236,-1.1992534345004418,0.3288443068240748,0.3924673212253771,-0.6856746718319336,-0.7217080919380641,0.6062342124690446,0.7820842961923132,-0.0339070336660487,0.12773878709244343,0.3900994435333554,1.410611457561664,-0.690274516522513,0.14502295658625516,-0.17340396086017462,-0.27712133632650005,0.2937406320375051,-0.5208006483927261,0.288638232243344,0.709747679627112,-1.1069138475955558,-0.5511506129990928,-1.139602336480402,0.5217369887202971,0.2209677886142595,-0.20172663331237667,-1.1825103783139401,-0.23117054436997667,0.25994485223091995,1.0,SZMC
1101,0,2,-0.12226538985625937,-0.5312087440185278,1,0,0,1,1,0,1,0.5515399272808437,0.5136274927912213,0.32506728992700745,0.3593855279122017,0.2910037945862562,0.7217008749344109,0.20253043810241708,0.49789868731591885,0.8338030328740546,0.4071433995086071,0.07367926907690542,0.49595675687220325,0.1499297326933556,0.3758959486495726,0.6638542447033915,0.15134003265278662,0.3595644634953555,0.42361401592802256,0.785671850275338,0.5783333996639457,0.053825285506129826,-0.023426684145171243,0.2791726060046218,-0.29231044713639304,0.03331141316318218,0.30887886456775704,-0.21605474990698414,0.5461074463841711,0.3732428037385961,0.9251537717982599,-0.07197598429253037,0.4282716228119072,0.505747133717323,-0.6313443511041757,0.15162002732919738,0.5034023823553495,0.20918209421082906,0.6397191470107567,-0.6362742793059141,-0.43453011084392196,0.5089530196195191,-0.7388116035232871,0.04327550062679968,-0.02634470376135789,-0.8258515620864659,0.8450913006246447,-0.807593668013497,0.3857501380999495,-0.45704082931886836,0.20125943057138723,-0.7178983017037134,-0.31844484909352483,0.495111949529182,0.49442233092699384,0.2622842088483195,-0.4037526826930955,-0.39566239049418017,-0.532985844284492,-1.130617093045283,0.12894133111241507,0.610499958281903,-0.8499450295511929,0.028115487586859313,-0.5617185898639299,0.34170878903425017,-1024.0,0.11754328810158492,-0.6708606232454327,-0.26825321812982417,-0.018561804633653013,-0.636009096930205,0.12250669729647266,0.006483623177341413,-0.06293224791600047,-0.5492664650251184,0.5149440666236893,-0.08603032662758206,0.596589464349358,0.0007791039997936457,-0.7468287006438986,0.4330044288667229,-0.03571130641754224,0.05669415574148997,-0.4539140945538271,-0.3077844741414114,-0.45520588223090325,0.5806375809668041,0.06140117101075428,1.1424322254040729,-0.35346451736301865,0.1698053508516132,-0.31341828887024253,0.31154337328282206,-0.1801622747111632,-0.3783776220715335,-0.4999206502870881,-0.26056677145653934,0.032078809507079135,0.8143342243969542,-0.6218460658461954,-0.13038693542621338,-0.5293138834387467,0.3262046649361164,-0.04555069801350964,-0.014453433460970824,0.09151071504701012,-0.1617567441845439,0.20401976706385938,0.6698202668123039,0.13200119603057972,0.7332851674117253,-0.05024166730262078,-1.1186921363033315,3.625674354239629e-05,-0.7567774504327527,-0.5173995196554878,-0.10985505911716978,0.297422664641537,-0.3673019008976701,-0.38328089448587754,-0.19686119925430134,-0.22732316475557238,0.6495327159635734,-0.6955203165934978,0.22264705307700894,-0.44074023155402314,-0.7181389521896719,0.1739091062358129,1.0,SZMC
1106,1,1,1.2757007309724502,-0.5853972776932951,0,1,0,2,0,0,0,0.05531117749054506,0.08826965658012591,-0.0073046542459861905,-0.15634291820031176,-0.12399912715106846,0.5106001887914022,-0.06831926931950758,0.2177731206733161,0.3587736022965743,0.010381648205013982,-0.2824985523437809,0.7008183315246814,-0.04025684655658017,0.04375228306895359,0.4840546734292704,-0.3433999996751024,0.08013364833351656,0.052851193661691935,0.3103320440488802,-0.23761343068150295,0.054953261163679455,0.16881938000748373,-0.5434357215560741,-0.5843537285283886,0.07449053792117992,-0.0722573528951955,-0.22702940317523432,0.3284358574377947,-0.10463002856310967,0.44654960185738096,-0.4982637823850205,0.16627078792233704,0.23762375906616653,-0.7822208370124696,0.2513016949051686,0.4382967888542278,0.2433078241273916,0.1556033328659132,-0.15704161767578081,0.6400428408870672,0.32297115927444187,0.963745272851222,-0.028809081635422496,0.4370400262083222,-0.8825967614302878,0.37804437648829825,-0.16074348808557065,0.7785618400012416,-0.3446882123731166,-0.7319325692876705,0.7020258296865253,0.3615825228726949,1.1422090762616814,0.9880939521516482,0.730445065029635,0.7143569707903457,0.7178698372617881,-0.7471159378099548,-0.3272738201171276,0.1384254768759059,-0.48208313757710625,-1.3212044491073405,0.09885561160991113,-0.2982700370119896,-0.09637902059237881,-1024.0,-0.3293281413698941,-0.9463611022263696,-0.2995136462204795,0.9514080027479075,0.48968021403746903,-0.04801681685347537,0.006483623177341413,0.8419602227775976,0.5745434885696986,0.33070445584307206,0.961872189069648,0.29753789966663463,-0.01743708370564896,-0.8068366382072245,0.3973924012304584,-0.03612743239233249,0.06339038681138429,0.7408843123565588,0.33797200133008687,0.5396629485864638,0.06427244246237064,0.06140117101075428,0.9061018334350633,0.2296719465141416,0.096715209306594,-0.40131389071668344,0.8873725088209619,-0.523860668721821,0.5477559874866461,-0.7471842958603189,-0.5422875142544842,-0.10564656556467077,0.18231903909886243,-0.6618245656431846,0.7162909446568988,0.6003703873784637,0.26027799605433527,0.4810568398268061,0.5717853182674193,-0.4139673582609865,-0.3548887855134166,-0.3607303502795371,0.5784011848022845,-0.0370847637725793,0.49673559866918343,0.16349926789449398,-0.8654246710175051,0.1148454353464187,-0.7301336709418579,0.5724458715591448,-0.16975710175507658,-0.5312418857856865,0.625544318041645,-0.5006055187911215,-0.011067005941194058,0.7145016170040883,0.5488862827567521,-0.6865472360413282,-0.8392521028846381,0.5923436496304243,-1.4010676933404742,-0.17088857404963712,0.0,SZMC
1107,0,1,-0.06584401990146183,-0.2864979085775952,0,0,1,2,0,1,1,0.4361902935544026,0.26440974527870004,0.3021067179609857,0.18742266325850224,-0.04862581602266666,0.631908562002103,0.2753878164822036,0.4630946838064823,0.6324500459152256,0.2668256620999956,-0.7569003286648572,0.29377149228674426,0.07490710346361748,0.08513093076779657,0.6090193813441721,-0.6225732711861168,-0.7471509334351067,-0.57558602429774,0.6034390864569323,1.0000137876982025,0.05396914841189272,0.9153981921000207,0.2527190609337932,0.8820783508632587,-0.13831922922294676,-0.10640910797162707,-0.26305789629618814,0.6042083776709386,0.11844680824781766,0.5918149277759585,-0.11853865264394452,0.5798275504437296,0.46279286034876316,-1.7686460101581363,-0.1505902267774921,0.030021126496199837,0.06535623570151082,0.48096038832949134,0.05174201643924462,0.9878631547811264,0.27764023578408464,0.37937381025990907,0.3132271118344736,0.45334668261321887,-0.8199326221200672,0.34372343494856095,0.08092776079831832,0.5725973441735401,-0.5664568261031779,0.15343831645457384,-1.3284368319415292,0.2569638314083056,1.0330335471467347,-1.005047377251973,-0.050136907383672616,-0.17920181636291285,0.22184755745230988,-2.0230628256396503,-0.12324131765986143,-0.30710318097049816,0.6254443973567986,-0.7409801226731023,0.057398908507168285,-1.4308859924172412,-0.4210969302687743,-1024.0,-0.16570760518857655,-0.6693238587475452,-0.8666363288457274,0.23238540597854954,0.8213704872718671,0.1608408857014504,0.006483623177341413,-1.0909964436869293,-1.4353264802529255,0.6048362975392341,-0.020368335890831587,0.43483394304407835,-0.012245080954557973,-1.0988824503835808,-0.22354699061023114,-1.2578883677928563,0.07556769861210115,-1.0601410124110024,0.265625116417648,0.42132193925303585,0.9295520642338956,0.06140117101075428,0.37853541891783793,-0.37152504181174895,0.2059047507454144,-1.8011249115080703,0.8611960788047577,0.03657057439613708,0.04969732796133162,0.8580867631161231,-0.6352242001819817,-0.06240940672440696,0.5745064456271741,-2.1968643464270854,-0.44750707246486243,-0.1965691182549403,0.39570901638865574,0.14156039849865681,-0.27473996346518803,0.5627315574492501,-0.39664110684252823,0.006636849903501923,1.0256273258581585,0.26012028280347493,1.739585441859564,-0.0673685464805847,-1.1648857579598004,0.029626717152292283,-0.6947914948250775,0.6659555258144251,-0.600446988698135,0.3075236577110678,0.5213059880334205,-1.7645870868973197,0.02375657665843757,-0.17151374436678463,0.6445784143903542,-0.6502424829953575,0.11585693264638347,-0.44453324319002097,-0.4587918309562267,0.25994485223091995,1.0,SZMC
1109,0,1,1.2124629102415103,-0.16556722265733279,0,0,1,0,1,1,1,0.6956730434128854,0.2643925333765826,0.3391160235692201,0.8645178385942458,0.3108449649677843,0.6637015372224917,0.9132616330770126,0.6744586922053847,0.6409671966498208,0.5227173836785363,-0.15067241888808344,0.30975378097658296,0.4635201401948425,0.0736165923542109,0.7692600817317236,0.33922898337567775,-0.0005873630336462149,0.4318506581056027,0.5978213761175122,0.8001071982323847,0.05404339303331692,0.3516382617352389,0.6500131653899586,-0.36817173381547746,0.3319099345011017,0.456759427630565,-0.12804585608318353,0.6900991626747105,0.975567966277231,0.5833809173725365,0.6593430516767707,0.24566004936718927,0.2587432341131281,-0.5698601887326837,0.5014558510350445,0.303613876205373,0.6247410866865509,0.7649905235759751,-0.37861161228186185,0.3875566247545837,0.5804016304708992,0.011492080386960429,0.23576282447221059,0.5413797503025,0.06804011439448623,0.687411336359492,0.51939653895046,0.4294445274444244,-0.2573072195297089,0.9397111059890996,-0.38995908282284575,-0.23505420633476712,0.6085917624826754,0.03142731379747409,0.7628127891812658,-0.47775559194540307,-0.06697912741810286,-0.34032376567030126,0.4106953428023925,0.016639539033765628,0.9078099001611712,-0.14283880498487658,-0.08594331122694208,-0.6712295466183169,0.5912393891508716,-1024.0,0.980913349924767,0.2608619487908018,0.3302878308756241,-0.22220524856901305,0.16350360084034743,0.1608408857014504,0.006483623177341413,-0.4798586665492966,0.6948060986178921,0.3856089272969385,-0.11687379872400921,0.22482438908926566,-0.026840582264732266,0.19562372885874982,0.23075198450015183,-0.4597018383632442,0.02615318950902152,-0.04429369880570372,0.34488572102160797,0.018607663849144786,0.08602615583889964,0.06140117101075428,0.39510571194284155,-0.3689481294047485,0.1520099677926625,0.30366822609449506,0.4166171326741175,-0.11749637358201297,0.03976629074968087,-0.529499323235968,0.49740806526007975,0.7287022567099828,0.3732903684858045,-0.14884535753767617,-0.4370125714588303,-0.2620257621349043,0.2630438771719003,-0.0921695617663011,0.6014127644040522,0.36746498640119385,0.358837227499505,0.5134313642591597,-0.2202790005479151,0.09047780869573659,0.46654835793700594,-0.10337254133000098,-0.3433645566601168,-0.08855091407071539,-0.19748827927256346,-0.20676065281233152,-0.23066937282853275,0.3281332401629941,0.10381397617036134,-0.0888759999526101,-0.017612149207398963,-0.2629882113814727,0.4709096315516233,0.33843857688983187,0.3826734404414256,-0.4442363142849416,0.010245688870341569,0.25994485223091995,0.0,SZMC
1355,1,1,0.5246563750819453,-0.3659675561322602,0,1,0,0,0,0,0,-2.8795984038323295,-3.357659215987811,-4.8326133730836975,-2.9328476273619404,-3.4651528626303447,-2.0784832975759286,-2.4535395612683706,-2.7459807016827997,-3.022509072294733,-2.0577107103333363,-2.951150030347303,-2.3833804878835503,-3.196313586052354,-2.6119497065175667,-1.8336221597644333,-2.8779372664212,-3.053273869020595,-2.771722624350152,-2.989731473764538,-3.088285218730123,0.05671230104995261,-2.1295297620191893,-1.7756231542708936,-2.4717696997382586,-4.201940896238675,-3.1030283230247386,-3.860406658933558,-2.1695037087492013,-2.615636388901209,-1.4900990504417173,-1.74812367296548,-4.175633824442843,-4.333303255961446,0.5350287659575853,-4.087542562157079,-3.822520612254046,-1.9102465956485615,-2.8495960516600656,1.1063249795372485,-2.6253681593064835,-3.0249315299286064,1.107639858949469,-4.501483613701009,-3.4934697999610997,-0.4779932645254799,-2.795347816973443,-1.120837943714052,-3.1986860468877,-2.4136738220679375,-2.287327642507419,-0.27259096939113386,-0.16860202594139242,-1.38339040722435,-1.7842174995388322,-3.0160824146571157,-0.1722374130190675,-0.4548104804215091,-0.46510960700213916,-0.07288350279901658,-2.9646043369230677,-1.324224539699241,-1.0369593590673827,0.3343397017420404,0.03064339426793273,-2.871473507586852,-1024.0,-2.855771928377314,-0.5101753119954198,-1.7638351900081295,-1.0137579487669874,-1.62825688999271,-4.256708053503762,-0.12313608660445088,-0.184179248217811,-1.5689104282598938,-1.8483998228215224,-2.5572220041525724,-3.4170878358981778,0.22267492032340103,-0.7868765892302508,-2.1815374616529657,-1.3662740643608526,0.014664852455430998,-1.5201206070380509,-2.187297521150513,-0.8826574590841465,-2.5959945038689716,0.06987553651334945,-2.219166445026769,-0.372666583183627,-3.589701204621769,-1.6984416758107823,-1.4044528043243134,0.7912519405168363,-1.2255413279517933,-1.100508958967562,-3.024320573112075,-2.5139346544571795,-2.698454650831257,-0.45707347910547746,-1.2047428011510841,0.4308849891314939,-1.9342352774746416,-1.7547644906786495,-2.724038720076483,-3.45569233770958,-1.9407076238327736,0.3339250103648994,-1.5746628664589595,-1.083849457281418,-0.8390519731620449,-2.3095023405729624,0.21369078817564874,0.29277931910087474,-0.7398705076917189,-1.4150734102278766,-2.381636621093467,-1.15778880697801,-1.5485480148643427,-1.4828163623562405,-2.6627198426756693,-2.0923831686026904,-3.165307886841443,-1.42276365013837,-2.4770555031011225,-1.1775753384009418,-0.5205250719120772,-2.695089438091083,1.0,VHIO
1356,1,1,0.04615378946363593,-0.6386164366112269,0,1,0,0,0,0,0,-0.44645139030787145,-0.5577568299403588,0.2149591054657247,-0.6506516751675009,-0.7871552878765958,-2.0784832975759286,-0.3012768135791156,-0.19953023516984897,0.09295369449331017,0.1449536031912073,-1.045329779043143,0.08049125602811562,-0.4515688828929715,0.06268448162756926,0.058141205177962396,-1.052009630213089,-0.494254949087739,-0.41625659035531304,-0.3294143098143058,-0.15247505820591375,0.05417674018229742,0.11863862640140141,-0.6051707239227568,-0.17564327911402272,0.20802361547478646,-0.6586661534040136,0.004571370629324409,-0.3395879411636142,-0.5347164665769855,-0.32356852090148075,0.24235964259532988,0.33933615770283326,0.26115790861300725,-1.0219279188202202,0.1691921388521762,0.2736130590532374,0.027868962484037967,-0.3292937123679243,1.0766216841397367,0.4530594876200667,-0.3655865203039565,0.9224369001373355,0.25447651973407853,0.15080615714600168,-0.10241405518924447,-0.3790995772808447,0.3921484859475683,0.13524763788658445,-0.07136937358381203,0.20364852028591904,-0.20754330942157814,0.6585029103438634,0.5957480472936418,-0.0019063603893058406,-0.24487556019506498,0.3463646579050035,0.6242894804718006,-1.1978828119279419,0.6541963177256528,-0.1265092663789704,-0.12547271244554453,-0.9308063872661206,-0.048246736695511216,-0.08747496523869,-0.7522429264034799,-1024.0,-0.8381255795846947,-0.12995967838693456,-0.6533632720738745,0.48406597839430227,0.42448745670649873,-0.12493519153610717,-0.12313608660445088,0.18889859351726956,0.6038274370736839,0.5000831552125418,-0.1662461748173007,0.17608632410856384,-0.013861177834595504,-0.7235260240678846,0.2211644194295309,-0.41185751556232575,0.04590573279092488,-0.6671436949296413,0.02663335825156791,0.7135861909184982,0.3497922093051938,0.06975107710289033,0.18057308337143366,-0.3006885042791928,0.14056952091045238,-0.6972399346642002,0.38725432774793894,-0.1490704765997813,0.29776221658055063,-0.32755403223127705,-1.4138913044227532,-0.36948063992666064,-0.20761484106470512,-0.8373231914782099,-0.442091360986994,0.4671971775560037,0.3531896807729228,-0.6016538462571073,-0.5964203347007614,0.307880710198433,0.039326758952153755,0.14547945471062007,-0.043515522556756836,0.12006119625966395,-0.003025906322769811,-0.7101533454423398,-0.3686401691873715,-0.011952343172735205,-0.8229890335788805,0.5373415545046244,-0.45356086572744597,-0.33689649010673656,0.5856512956958868,-1.002102426029371,-0.939656139075626,-0.3239036599487669,0.47045954599564704,-0.8842625643627269,-1.263382029133411,-0.4421632344074612,-0.6122943979643258,-0.16236734515989182,1.0,VHIO
1358,1,2,1.0549930395243932,-0.21141721069047634,0,0,1,0,1,1,0,-1.3646127228300677,-1.6928619335696176,-0.3631302706234556,-1.2115324076443215,-1.5852164763880272,-2.0784832975759286,-1.414427213699894,-1.3257755565402678,-1.1949100563085047,-1.1767850394624455,-2.0783777905389647,-1.0422116978080147,-1.9250528454868532,-1.567212955398801,-1.5338163227880008,-2.000847094796045,-1.5132313618587774,-1.285970689249633,-1.4933814623221318,-0.722830032384766,0.05799535503577123,-1.7380597819792887,-0.6107675141269374,-1.612077917705136,-1.0931314810571164,-1.21815565734319,-0.7432965382026,-1.0837100981677923,-0.8786925895836892,-1.098132014476548,-0.34799931188974903,-2.0973837832613182,-1.7478483754824576,-0.8537268549409133,-0.6438144294574416,-1.5898707927563398,-1.7331707909730822,-1.38153651351833,0.41810405859034955,-1.219357328976969,-1.5231967716409376,0.6094165310070236,-1.0312329383495864,-0.8585688574518058,-0.05404829579245615,-1.4349076400140799,-0.6711779358978868,-2.014998610749505,-0.46157746265833793,-0.17229781074221706,0.1937911458108448,-0.22889883192385427,-1.1397524032846695,-1.2428080038216485,-1.4118265713670535,-0.00453257654326001,0.03519151989763443,-0.9862346494410896,-0.11701185267053654,-1.1845896653691916,-1.1468097247259046,-1.1887834804826456,0.3460741859171598,0.08298952871353464,-1.4507122476987273,-1024.0,-1.192543623229266,0.12222405037575589,-1.6175256393500554,-0.6395772937009881,-1.1808057954352,-0.2663880636535496,-0.12313608660445088,0.2638463412950184,-1.1971147788437113,-1.783252073534027,-0.39893789993677087,-1.9107814741434388,-0.015670791247244995,-0.744675905828059,-1.3071736726040026,-0.5783700480393673,0.015708447609452683,-0.472835640533389,-0.6907846288361428,-0.6110555989618055,-2.2295720897535207,0.06975107710289033,-1.1144619194694825,-0.29781009799785346,-1.6931853208946066,-1.156433820390029,-1.1933084844862065,0.5803984190484043,-0.02468158869074557,-0.6607286089456391,-1.7479526178596656,-1.023732776885664,-1.5865614611792702,-0.43188558960032325,-0.45836671672206575,0.5922926791007618,-1.1902725815536503,-1.5818513604492044,-1.508206469525053,-1.2828979157988227,-0.3689005522302434,0.160920646326281,-1.1710767891492149,-0.3915362030258809,-0.8515143408391113,-1.8815537050739382,0.7406389197041173,0.30294500410285785,-0.6614914666824488,-0.5808307316531791,-1.3374751741253013,-0.6759384437158532,-0.853668396133712,-1.555148474596957,-2.129898930601597,-0.5599675709701315,-0.9087703510178925,-0.9391095514333625,-1.6858032782289694,-0.4474661754036332,-0.8309487202225212,-0.40645686486952437,1.0,VHIO
1359,1,0,-0.022748327564323902,-0.31300893125837936,0,1,0,1,0,1,0,-0.20253892688402877,-0.3932185763546087,0.07487543340656531,0.13038673173801224,-0.09232778125488274,0.16332463465939187,0.11249439898163675,-0.5767813718300185,-0.4821228125256044,0.5263365106476527,-0.4423818989423912,0.3171556642729142,-0.09468620472141845,0.3820821319747376,-0.8788045466775546,-0.29011603267037644,0.1907118372128979,0.36078955841171495,-0.5476105782128688,-0.3903236158564264,0.058337208236107926,-1.4035397619904721,-0.7516679180097611,-1.1421182550929345,0.046650802925400095,0.10954749403430543,0.1907102666849154,-1.2999791006830348,0.31336947349465316,-0.6832542455236614,0.5289199705827076,-0.9342104074192669,-0.6996480068622251,-0.18185450712330475,0.2917318746213916,-0.36156489373265843,-0.9423015200796042,-0.22388362877055176,1.462157738420981,-0.5694946516939694,-0.0638939499951779,1.1259430359114633,-0.11054713263665375,-0.1384509364048151,0.7965989916375616,-0.3285902384507173,-0.23196793540319005,-1.0559266380755712,0.30767978049258454,0.5484722155662201,0.4732527910161112,1.2629615817764364,0.5966495453529721,0.5145862308654929,0.025088489550748338,0.6151541109304778,0.8041106924643866,-0.04004644033011435,0.34178434223958604,0.046806234211319374,-0.18915693459743171,1.249160148265325,0.20560544802474204,1.0068047668545972,0.014442827099897993,-1024.0,0.37249797909781757,0.8651461137189305,-0.7636362806749385,0.5031608209774757,0.10359872529207548,0.06617597982373627,-0.12313608660445088,0.5439467412093684,0.07954579970873744,-1.5828662371695101,-0.5278610392260572,-0.6535540522666089,-0.016322618458458286,0.21186530727925823,0.03776831599705853,1.0202382265462282,0.020283039198791937,0.22986487837897449,-0.11515348863928256,0.8332871495009825,-1.4685639997805646,0.06975107710289033,0.38253770752135247,-0.09305842795640551,0.07195058778304701,-0.29362907184898607,0.4251269994795311,0.21987357891444403,0.40880027936009367,-0.9435810691708343,0.11229316056490292,0.2680451689114092,-1.1645206736230695,0.10016954784386964,-0.1250598186864393,0.8392272878672437,-0.40155066736825723,-1.1112505416546063,-0.12424783516769759,-0.08509001382895476,0.5068090695062503,0.14549646912272585,-0.93964987219372,-0.09139086989094249,-0.8313130399384321,-0.9096063347285719,1.1534045846752357,0.1645636090985481,0.5246291504940195,0.913648608318012,0.4725759389417933,0.5859930677838396,0.5588959734675059,-0.25968583523403377,-0.39154599376172416,-0.6491332626681493,-0.3383838040479274,-0.1165697787579834,0.8385632630007824,-0.4234546255475213,1.1997353051923416,0.23120480828942316,0.0,VHIO
1371,1,1,-1.771099306944557,-0.1827697309499793,0,1,0,2,1,0,0,1.751089522633618,1.30245440202762,-0.6917956785394446,1.3444451975435334,0.7217492852485565,1.2913888719900208,1.0958446520967302,1.9315396820849573,2.055944142206747,1.2901327406235918,-0.6862787540759836,1.5542964264510317,0.5858937994492895,0.8392349798201918,1.975745577017278,-0.17487508131414828,0.22189279961599664,0.720671096243156,2.2835745964935867,2.043261876597546,0.055958593036510074,1.7405162765428026,0.8848305637830675,0.5403513840695718,-1.7520081345717315,0.3301247992805778,-0.8815035101416272,1.6445359157117612,0.93197494643564,2.4991903457466913,-2.503194986227612,0.5758887688879366,0.7249569009317612,-2.986861167412524,-1.546331910953106,0.43594267889749944,0.5236963397265701,1.90313159149586,-0.8131940830579464,1.4730571826538275,1.8447303042799221,-1.1187391240332665,-1.5202521814456065,1.5508426350443523,-2.012056320716414,2.1191778338422367,-0.7983659167058698,0.9257175308212544,-1.9633691297293667,-2.4499618853026353,-1.7267389643673685,0.22119042506871087,1.389908204557619,-0.20158828274715476,0.30585906969592896,-0.4237042833236708,0.31558665114899026,-2.203778956257843,-2.41391925248502,0.11331244580962364,1.9963048483335997,-2.4706910246555918,0.31011484561357583,-1.6273267337199964,0.38993681296315,-1024.0,-0.04701249570471287,-1.9414664691785162,-0.015424885482863528,0.49388364599086093,1.4462315579819784,0.1608408857014504,0.006483623177341413,-0.6852263073647002,-1.39803941917932,0.4692667531764658,0.023680480810119614,1.017128172397294,-0.006143749457454378,-0.9750915097443661,-0.1537351710842304,-0.8970970900403067,0.4653676455873911,-0.49860424723100055,1.6552157791946296,0.9649952915128535,1.166169361730935,0.06140117101075428,2.3929827501997596,-0.3777246525564958,0.17165595005700646,-1.31904925191941,1.2454236670209304,-0.6454156609506827,1.1339116018188127,0.4576318282262811,-0.20823281150627462,0.48108171296997776,2.247574243904463,-2.9063698312549118,-0.4330891128673684,-0.12748514675846495,0.29715959635972083,0.83920848356558,0.13322919613439102,-1.7270223933666977,-2.4654832277896657,-0.21239632614789464,2.316001609114668,0.15510825042777268,3.8334009010694707,-0.29241821615497154,-1.3962979524004393,0.27005752962315616,-2.713842459463726,0.6515470330527634,-0.10929664775441594,0.32578386665586473,0.5475244716740724,-1.433752387167749,-0.12239074990693101,-0.07802873778101937,0.8907431771098879,-0.04181995885194922,0.036452562384178135,-0.44488847810448356,-1.9803175054914182,0.25994485223091995,0.0,VHIO
1382,0,0,-0.4298289164134621,0.17692563188049212,0,1,0,2,0,0,1,0.2408506179567791,-0.277329739982126,0.3277011352169853,0.2727155050811154,-0.38408076610463243,0.5737152112003494,0.7182561403251817,0.23340055069822377,0.6268109544559111,0.614985964360048,-0.5818391724858747,0.24887855572699605,0.16292090325455374,0.10524628704738855,0.10748842667531001,-0.06453883269704679,-0.23567218337122164,0.25443663535647926,0.12232658991873821,0.4184092292076996,0.054108595900586136,-0.28904662613020704,0.025003107691199306,-0.24198716269321568,0.3494473546681667,-0.28883690602936696,-0.02567449322883783,0.0317284081811145,0.3282696575620691,0.11901715755263378,0.7536680781343881,0.3102449887831778,0.27865293855839335,-0.3870014973967579,0.4809215916945642,0.3241007667449644,-0.14381063470885577,0.2906727894874206,0.7426980721035835,-0.15450682920244602,0.14039779015738013,0.5103201368011899,0.2995857649588593,0.4452645432090469,0.3232319590000026,0.1678877829348135,1.2345478690320966,-0.15545379613096283,-0.054299936626661355,1.0397003251109074,0.38634117939050355,0.5161964590725858,0.9279993224124881,-0.0679108972147053,1.3876449961995374,-0.14215924687143847,0.17614019746635717,-0.22595789084536186,1.2690651744716157,0.3125852869569049,0.1391078666308995,0.13549933710984735,-0.02956575871194852,-0.03263559206409794,0.20805434141926687,-1024.0,0.17378180735158505,0.5211497688510619,-0.3416093229119442,0.1016316286767164,-0.2711686177941965,0.06995620938904194,-0.12313608660445088,-0.15968150634576703,0.6998702061225214,0.5055800897598898,-0.14515771485363535,0.49421230614536255,-0.01175218307491295,0.5730598955804898,0.6259146054785851,-0.013729216972561952,0.045365150578750145,0.44464695633355517,0.21295935734117846,-0.0024498094763037324,0.30119827957320633,0.06975107710289033,0.42280714402745684,-0.27766090955595923,0.22634787782817117,-0.0875866064260299,0.6832707538152253,0.021999736419199518,0.1686076335313292,-0.4262501075630288,-0.24880518076164393,0.3999853836208338,-0.10939265587684323,-0.17564921430529595,0.1371934907492535,0.11866385282581395,0.3396870845118377,-0.4705304554889551,1.2912027941609825,0.5681424595631641,0.5106193097883112,0.10606038604631329,0.07257485212740136,0.3847152284190964,-0.2737500043270927,-0.06690226679345394,-0.062467672424012785,-0.03162977531796702,0.47202799287203456,0.7373359031540474,0.10449972893129764,0.5485374997706137,0.20844379849133648,-0.04101970602926894,0.24987393106265687,-0.2926980632739953,0.41286501984206486,0.43639939670699746,0.6214586950313921,-0.4400892262161717,0.18622485412186265,0.23978101246377817,0.0,VHIO
1393,1,0,-0.07618829716966348,1.1890958990174967,1,0,0,1,0,0,0,-0.7507136763742712,-0.9392491559424022,0.3109926086596755,-0.9317159867828354,-1.1570247576402208,-2.0784832975759286,-0.7470555951546836,-0.2907646439443385,-0.28558317392371335,-0.4287253939475255,-1.3637205971702022,-0.29938678079596714,-1.0335933109651712,-0.6315414198120759,-0.35480298097543855,-1.334322432327919,-0.8260650795057595,-0.6935792691631361,-0.4433632518666446,-0.3519022204167757,0.05434928087984859,0.08096659961207558,-0.48429225887355376,0.03821396779856064,0.3928010387813865,-0.8892128224813002,-0.09975445023314254,-0.4523687851763575,-0.6862649703160424,-0.5677893322858968,0.42634444954270506,0.13613373046530738,-0.0036549901900408853,-0.8177692989267559,0.6514129700037314,-0.0776739417441255,-0.2215421820201137,-0.6465367446369609,0.6017541171275689,0.38296574321784743,-0.7474267175067698,1.4153340149882083,0.27264170089840917,0.6456325394074242,0.17344356362636143,-0.8873073560188104,0.14840279164606518,0.3809325294882123,-0.23092983088579508,0.8069658713458098,0.3013085392722019,0.1713593693542353,0.21534632361032152,-0.39283961464056066,-0.41837591508293925,0.2598096433883659,0.7446241227729533,-0.9811284053861286,0.4082191249628133,-0.6354519244665587,-0.4312048391468236,-0.7959712326684494,-0.0863862850564291,-0.08110956051551584,-0.9856109060058678,-1024.0,-1.1118742011129708,0.39487640571784544,-0.9035168543045621,0.012235989513059412,0.20330909837173633,0.00894784431876889,-0.12313608660445088,0.13560800448305732,0.7510749645628364,0.42251326685375695,-0.21371981681016872,-0.33196671602541816,-0.013611826868338854,-0.6639381962749966,-0.3133194400545514,-0.5082301841337906,0.03191549247532377,-0.2831881514696623,0.5004885074174982,0.3794639123798472,-0.051714453955446965,0.06975107710289033,-0.7074286151504958,-0.24281154202587546,0.11493790377878499,-0.8640935648955075,0.024010065472183557,-0.0684192898395259,0.6180286480662457,-0.04915927775918571,-1.6006579602055653,-1.0627541361791397,-0.56855513318373,-0.6683255726209895,-0.4494218133942155,0.7199115811723072,0.3025129997987827,-0.5208444257761192,-0.7436005221603323,0.07641420972204419,0.5867236299689738,0.005859564249705269,-0.33233240296442956,0.061345126773265236,-0.4361069297253935,-0.8929798580252423,0.39995197245151143,-0.1230811816765065,-0.8924114408461332,-0.4791618965924831,-0.9597595928149137,-0.0990294569569663,0.619193239361945,-0.9864497785923678,-1.1337147417711082,-0.38205815638335355,0.22053247531190576,-0.481499885713577,-0.7911031367561808,-0.43204391488829924,-0.09060138533361767,0.10520989615771226,0.0,VHIO
1406,0,1,-0.16438128802859725,-0.7243268351248764,0,1,0,1,1,0,0,-2.2040180513129433,-2.8510613069613497,-0.3637659830997017,-2.3327293085010035,-3.097125622267586,-0.786624732371043,-1.842525963258603,-1.7917694713818921,-2.425667061525585,-1.326394982665523,-3.693692502176965,-1.6387746871485072,-2.7518459631421757,-2.028314099387244,-1.7211429071841284,-3.4750901098071023,-3.1483082010899257,-2.680051315633956,-2.073942070571217,-1.3749489652584643,0.05798038150131461,-1.7980086291568715,-1.2579933711682723,-1.7483678405678749,-1.0230473331102052,-2.73229797544564,-1.1654776932323954,-1.854730108082283,-2.0252760361644673,-1.421754816645408,-0.6167167300134498,-2.0522420312697025,-1.6924551237873608,-2.2333428782585414,-0.5980591907910646,-1.2424282813602445,-2.7349381776482464,-2.1863251741847565,1.2798672339091932,-1.738913504083612,-2.3476663346524513,-0.3136155732791216,-0.9226526151515813,-1.7697528239832574,0.00413577571985788,-2.2851413823309112,-0.8149974520677801,-2.27512849513117,-0.10550835220431176,-0.7774898580418648,-1.6044509153915458,0.2905675719928181,-1.4554984988894433,-1.7842174995388322,-2.0346851163710977,-0.03305989975944222,-0.9217584521997552,-3.2757053900429085,-0.0672898980829469,-2.0826057899583414,-0.5875103289989541,-0.4919208140961195,0.3453888756821037,-0.9984148602715209,-3.413761646317556,-1024.0,-2.512168005629124,-0.006665525902236037,-4.1581508945812615,-0.5895757068610417,-0.9877424905420389,-0.2799126279549013,0.006483623177341413,-0.3472603058977076,-1.0779026066037847,-1.8088339538839948,-1.9412239680835353,-1.9355377170958872,0.00145150111886657,-0.8473595583440684,-1.0226792879854367,-1.9262990325589977,0.0065555424998675355,-2.467522331784519,-1.5930765614815845,-0.33013124752490974,-2.2741237290703977,0.06152966101255928,-1.762345270310579,-0.379065905899845,-2.041970086313719,-4.163718749181305,-1.3971540142652819,0.6781309786127191,-0.9104403340909394,-1.0043641348434826,-2.7272780265696785,-2.3672066943869767,-2.035717765447759,-2.8043010833496713,-1.188861428835547,-0.09262910170125761,-1.145969546919094,-1.562413417834108,-2.750433130962409,-1.3413051834801117,-0.3070018564439337,-0.15057734108254925,-1.12714153736183,-0.37569201336288977,0.028844655318605753,-1.7826735650872165,0.7459607955725434,0.2958423547182338,-0.20074232438251546,-0.6100334167554986,-2.5348876604853046,-0.6470999163139913,-2.259824375222077,-3.6360146155022175,-1.7498572523197702,-1.837865267770912,-0.9985612871615409,-1.2579212402514512,-1.5633389672914662,-1.1981572491131502,-0.5340014207423258,-0.5480968142158938,1.0,VHIO
1407,1,0,-0.05889183114115689,-0.32273110562182944,1,0,0,1,0,0,0,-1.9021194127202092,-2.3871047327864936,-0.0005404383628891202,-1.9167497151696369,-2.480513010667522,-0.578984007734359,-1.4892669535768546,-1.7498371825732795,-1.9657223620443744,-1.7799558471630672,-2.033605430295905,-1.505515054131693,-2.1703044159504623,-2.3666344044908443,-1.7621701359215447,-1.8099870918175023,-2.538470247811536,-2.2007196466935106,-1.7560602045051827,-1.0589611939861303,0.05827895656894411,-1.5146546838501025,-1.0963438688675662,-1.3662773847205587,-0.10713405362096236,-2.1488651928277838,-0.024382064887636366,-1.3246831376586627,-1.6296569645467316,-1.2720582023474134,0.11840761393481165,-1.0667260798638387,-0.9566790204907725,0.42819935296277384,0.20558431662266802,-0.5015492621620619,-2.07232932562581,-1.8330550854170329,-0.02229391682186754,-2.076871996654649,-2.0361888565292214,1.4889288730735464,-0.2560248971327563,-1.7878619097953194,0.6536327621973538,-1.970310950146845,-0.6958516977069995,-2.204186599156308,0.5028704339682929,-0.06992538042300182,1.3373924636310022,-0.99003266089918,-0.41593043487545117,-1.4717597273043646,-0.6672840316053374,-0.08121948389985986,0.18642087926459325,-0.2749095789058694,0.3464160804868857,-1.3282154710798222,-1.5454582743114618,0.17016922831952522,0.3052831626812728,-0.8354341043012109,-1.9125114183477796,-1024.0,-1.8748523311852818,0.7386357644575412,-1.6568384348339165,-0.47118296555810973,-2.099379133084119,-0.2537777980834132,-0.12313608660445088,-0.054067134413579285,-0.3771905105471061,-1.677846564467219,-0.6053349309160352,-1.1390225348428415,0.20784368430568212,-0.06776717578010387,-0.18827829572693391,-1.304987304013721,0.017850206001611683,0.38724498993432543,-1.4621037559688919,-1.5320028797121577,-1.6820800063255135,0.06975107710289033,-1.6765431560986497,-0.3296720737591126,0.020692866643055762,-1.3913006650737803,-0.6015737603220062,0.3400337676423073,-0.7119520536217748,-1.0930904926253127,-2.03609622189028,-2.0543036850867358,-1.7769390444208848,-0.26512109210543944,-0.46966203074051455,0.3465182205937534,-0.7828958476419519,-1.4479943279850238,-0.5827265786852757,-0.4776919921644384,0.503921617014558,0.2586722913495134,-1.1056366887530866,-0.11677117787000038,-0.8439020352785487,-1.5118416486221755,1.1682644604529078,0.2237898750039072,0.3220595406688104,-0.9037377746889473,-1.5857389437462084,-0.4154584663464973,0.4895126468314088,-0.9552396946220565,-1.0954305047458586,-0.7115856035603623,-1.1003491866269182,0.7997194744753282,-1.1033548444792562,-0.4348938393288097,0.2845227830078754,-0.38620904164016506,1.0,VHIO
1421,1,2,-0.10979920473762042,0.26304837377576623,0,1,0,1,1,0,1,1.03143252579931,0.3053566415273328,2.3765399693095874,0.2852929888330145,-0.681156995656895,0.5450790881277056,0.8000829460918082,0.24146844484417754,0.4163331184953561,0.642145834476433,-1.5674745724925134,0.26889151400871886,-0.0472326358215054,-0.12891957823484881,0.3809926011643414,-0.880614155551409,-1.0945652567828563,-0.38443103131391676,1.7739427672597536,0.9803593001923736,0.034409644112142916,-0.09751997871987149,0.4213361237721656,0.004555853185444854,2.1561174155435157,-1.5349522528361297,1.5986649267523894,0.19087607045002722,-0.5949365348499318,0.05507868170456081,0.4961632262256529,1.7369596194567438,1.936397399593109,-1.9246521377665056,2.278437792918489,2.13756578781889,-0.4390391143479842,0.35942291560412654,0.6567159661403978,0.7451904596014536,0.12913079485663148,0.5767107617026739,2.263372272702058,0.49047970706933963,0.016242191380614727,0.18669795020310503,1.1975253457775359,0.013682108376268596,1.3557632744492314,0.8522459163032683,-1.1515640598377064,0.18662099842721738,0.10515969001762898,-1.1316974353497422,-0.5820025227604723,-0.13673572018826952,0.3279530688949799,-2.0767834468251665,1.353857857023257,-0.44669706639816553,1.6664364474411693,-1.1718082374996368,-0.09504926659053875,-1.174949688059125,-0.5334213297035275,-2048.0,-1.1181319244238834,0.24985498518650281,-1.5363000126464874,-0.2608935648761803,0.514190872679438,2.245005465531809,3.1495435027810483,-0.9275027475694102,1.3907292899671329,1.4399797877176364,-1.193714124597359,1.545537696839374,-0.010053141272679953,-0.046325943434167925,1.6394287556588942,-1.2332791076823717,-0.34523004201103596,-1.1907771180281086,0.2975581351139322,0.37710658075281156,0.6478482012294703,-0.25913978577199703,0.21429170451910615,-0.3704731795582683,0.7604672184211299,-1.9275932756973169,-0.02893224380797097,2.848709348468189,0.29060231812414683,-0.6900661573662266,-0.36953155584118047,-2.2174635227090156,-0.09607003118609928,-2.171557213773677,-1.1962209159586596,0.2409291812886079,0.32955680141169585,-0.7426334740051868,-0.9417184898801909,2.1110593481799316,1.790158714318127,-0.646418954562057,-0.08903772372832867,0.19149355187171055,1.473407584386307,-0.8896968758515006,-0.06625996366963077,-0.12162066159635838,-0.8786344180820622,0.08531546644309683,-0.7804283176447788,-0.133413572598903,0.41097748107209436,-1.8757931830928598,-1.174081389475018,-1.2361651252237615,0.6184628110715246,0.049087950610789716,-0.998758939094025,-1.1830386947427616,-1.0212983508516298,0.45479568803623416,0.0,VHIO
