Subject,SEX,ECOG PS,log_LDH,log_NLR,SMOKING CURRENT,SMOKING FORMER,SMOKING NEVER,PDL1 CATEGORY,PARENCHYMAL BRAIN METS AT IO START,LIVER METS AT IO START,BONE METS AT IO START,log_vanilla_logarithm_firstorder_Energy,log_vanilla_logarithm_firstorder_TotalEnergy,log_vanilla_logarithm_glcm_ClusterProminence,log_vanilla_wavelet-LLL_firstorder_Energy,log_vanilla_wavelet-LLL_firstorder_TotalEnergy,log_vanilla_exponential_glszm_ZoneVariance,log_vanilla_gradient_firstorder_Energy,log_vanilla_wavelet-HLL_glszm_LargeAreaHighGrayLevelEmphasis,log_vanilla_exponential_glszm_LargeAreaHighGrayLevelEmphasis,log_vanilla_wavelet-LHL_firstorder_Energy,log_vanilla_wavelet-LLH_firstorder_TotalEnergy,log_vanilla_wavelet-HHL_firstorder_Energy,log_vanilla_gradient_firstorder_TotalEnergy,log_vanilla_wavelet-LHL_firstorder_TotalEnergy,log_vanilla_wavelet-LLH_glszm_LargeAreaHighGrayLevelEmphasis,log_vanilla_wavelet-LLH_firstorder_Energy,log_vanilla_wavelet-LHH_firstorder_TotalEnergy,log_vanilla_wavelet-LHH_firstorder_Energy,log_vanilla_square_glszm_LargeAreaLowGrayLevelEmphasis,log_vanilla_wavelet-HHH_glszm_ZoneVariance,log_vanilla_logarithm_glcm_ClusterShade,log_vanilla_squareroot_glszm_LargeAreaHighGrayLevelEmphasis,log_vanilla_wavelet-HHL_glszm_LargeAreaLowGrayLevelEmphasis,log_vanilla_logarithm_glszm_LargeAreaHighGrayLevelEmphasis,log_vanilla_logarithm_firstorder_Variance,log_vanilla_square_firstorder_TotalEnergy,log_vanilla_logarithm_ngtdm_Complexity,log_vanilla_wavelet-LHL_glszm_LargeAreaEmphasis,log_vanilla_square_firstorder_Energy,log_vanilla_gradient_glszm_LargeAreaHighGrayLevelEmphasis,log_vanilla_wavelet-LLL_glcm_ClusterProminence,log_vanilla_logarithm_glcm_Autocorrelation,log_vanilla_logarithm_glszm_HighGrayLevelZoneEmphasis,log_vanilla_wavelet-LLH_glcm_ClusterProminence,log_vanilla_logarithm_glcm_ClusterTendency,log_vanilla_logarithm_gldm_SmallDependenceHighGrayLevelEmphasis,log_vanilla_wavelet-LLH_gldm_LargeDependenceHighGrayLevelEmphasis,log_vanilla_wavelet-HHH_gldm_GrayLevelNonUniformity,log_vanilla_wavelet-LHL_glcm_ClusterProminence,log_vanilla_wavelet-LHL_gldm_LargeDependenceHighGrayLevelEmphasis,log_vanilla_wavelet-HHL_glrlm_RunLengthNonUniformity,log_vanilla_wavelet-HLL_glcm_ClusterProminence,log_vanilla_logarithm_glszm_GrayLevelVariance,log_vanilla_wavelet-HLL_gldm_LargeDependenceHighGrayLevelEmphasis,vanilla_wavelet-LLL_firstorder_Variance,log_vanilla_gradient_glrlm_GrayLevelNonUniformity,log_vanilla_gradient_glcm_ClusterProminence,log_vanilla_wavelet-LLL_gldm_LargeDependenceHighGrayLevelEmphasis,log_vanilla_logarithm_glcm_Contrast,log_vanilla_original_glcm_ClusterProminence,log_vanilla_wavelet-HLH_glcm_ClusterProminence,log_vanilla_wavelet-LHL_ngtdm_Complexity,log_vanilla_wavelet-HHL_gldm_LargeDependenceHighGrayLevelEmphasis,log_vanilla_wavelet-HHH_glszm_SizeZoneNonUniformity,log_vanilla_wavelet-HLH_gldm_LargeDependenceHighGrayLevelEmphasis,log_vanilla_wavelet-HHL_glcm_ClusterProminence,log_vanilla_wavelet-HLL_ngtdm_Complexity,log_vanilla_wavelet-LLH_ngtdm_Complexity,log_vanilla_gradient_firstorder_Variance,log_vanilla_wavelet-LHH_gldm_LargeDependenceHighGrayLevelEmphasis,log_vanilla_wavelet-HHH_ngtdm_Busyness,log_vanilla_wavelet-LLL_ngtdm_Complexity,log_vanilla_wavelet-LLL_glcm_ClusterShade,log_vanilla_wavelet-LHH_glcm_ClusterProminence,log_vanilla_wavelet-LLH_glszm_SizeZoneNonUniformity,vanilla_diagnostics_Image-original_Minimum,log_vanilla_square_glrlm_RunLengthNonUniformity,log_vanilla_original_firstorder_Variance,log_vanilla_wavelet-LLH_glrlm_LongRunHighGrayLevelEmphasis,log_vanilla_wavelet-HHL_ngtdm_Complexity,log_vanilla_wavelet-LHL_glrlm_LongRunHighGrayLevelEmphasis,log_vanilla_logarithm_firstorder_Range,log_vanilla_diagnostics_Image-original_Maximum,log_vanilla_wavelet-HHH_firstorder_Variance,log_vanilla_logarithm_firstorder_InterquartileRange,vanilla_logarithm_firstorder_Median,log_vanilla_wavelet-HHH_gldm_LargeDependenceHighGrayLevelEmphasis,log_vanilla_squareroot_glszm_HighGrayLevelZoneEmphasis,log_vanilla_wavelet-LLH_glcm_ClusterShade,log_vanilla_gradient_ngtdm_Complexity,log_vanilla_squareroot_gldm_SmallDependenceHighGrayLevelEmphasis,log_vanilla_wavelet-LHH_ngtdm_Complexity,log_vanilla_logarithm_firstorder_10Percentile,log_vanilla_wavelet-HLH_ngtdm_Complexity,log_vanilla_wavelet-HLL_glrlm_LongRunHighGrayLevelEmphasis,log_vanilla_wavelet-LHL_glcm_Autocorrelation,vanilla_logarithm_firstorder_Mean,log_vanilla_logarithm_firstorder_Minimum,log_vanilla_wavelet-HHL_glszm_GrayLevelNonUniformity,log_vanilla_wavelet-HHH_glcm_ClusterProminence,log_vanilla_logarithm_firstorder_90Percentile,log_vanilla_wavelet-LLH_glcm_Autocorrelation,log_vanilla_wavelet-HHL_glrlm_LongRunHighGrayLevelEmphasis,log_vanilla_logarithm_firstorder_RootMeanSquared,log_vanilla_wavelet-HLL_glrlm_HighGrayLevelRunEmphasis,log_vanilla_logarithm_glszm_ZoneVariance,log_vanilla_exponential_glrlm_RunLengthNonUniformity,log_vanilla_square_glszm_GrayLevelNonUniformity,log_vanilla_lbp-2D_glrlm_LongRunEmphasis,log_vanilla_wavelet-LLH_gldm_SmallDependenceHighGrayLevelEmphasis,log_vanilla_wavelet-HHH_ngtdm_Complexity,log_vanilla_wavelet-HLL_gldm_SmallDependenceHighGrayLevelEmphasis,log_vanilla_wavelet-LLL_firstorder_Median,log_vanilla_wavelet-LLL_glrlm_LongRunHighGrayLevelEmphasis,log_vanilla_wavelet-HLH_glrlm_LongRunHighGrayLevelEmphasis,log_vanilla_squareroot_glszm_GrayLevelVariance,log_vanilla_squareroot_glcm_SumSquares,log_vanilla_diagnostics_Image-original_Mean,vanilla_wavelet-LLL_firstorder_10Percentile,log_vanilla_wavelet-LLL_firstorder_90Percentile,log_vanilla_wavelet-LLH_glszm_LargeAreaLowGrayLevelEmphasis,vanilla_wavelet-LLL_glcm_Autocorrelation,vanilla_wavelet-LLL_firstorder_InterquartileRange,log_vanilla_original_glcm_ClusterShade,log_vanilla_wavelet-LLL_gldm_SmallDependenceHighGrayLevelEmphasis,log_vanilla_wavelet-LHL_firstorder_Maximum,log_vanilla_wavelet-LHH_glrlm_LongRunHighGrayLevelEmphasis,vanilla_wavelet-LLL_firstorder_Maximum,log_vanilla_wavelet-HLL_firstorder_Maximum,log_vanilla_wavelet-LLH_firstorder_Range,log_vanilla_wavelet-LLL_glszm_SmallAreaHighGrayLevelEmphasis,log_vanilla_wavelet-HHH_glrlm_LongRunHighGrayLevelEmphasis,log_vanilla_square_gldm_LargeDependenceLowGrayLevelEmphasis,log_vanilla_gradient_firstorder_Range,vanilla_wavelet-LLL_firstorder_Range,log_vanilla_wavelet-HHH_glrlm_HighGrayLevelRunEmphasis,log_vanilla_original_ngtdm_Complexity,log_vanilla_squareroot_firstorder_Maximum,OS_6,FOLD
11,0,0,-0.40909081846963,0.9682056731740786,1,0,0,0,0,0,0,0.9858174474507946,1.1511272450072814,-1.1728637225817153,0.7028605620734913,0.8587688430468396,0.9723893591723318,0.5133899454840263,1.420188199101359,1.3997403369748176,0.12858343416655058,1.550682871585046,0.14817951017278227,0.740479544718068,0.2719915178324921,2.00375047680971,1.6946679163854887,0.8363216777684375,0.7755006442939445,1.3388296295213935,1.1623903847288977,0.07280247536747317,1.4197582362983558,1.8087633788676833,0.1256611319332411,-1.6983834020413948,0.5114704979080243,-0.6079110923353951,1.582106885023498,0.374022645636851,1.5409491217002877,-1.9228542371957962,0.4682715272326934,0.6889298542359562,1.3831648229161484,-2.056405220970051,0.3010423286331515,3.4488466269069016,1.2095710675629334,-1.2064384063892806,0.4986639195338213,1.1376592920626325,-1.8892463079135569,-1.3710291382376316,0.26730401616092436,-1.5593240970739608,1.1222378155147552,-0.5520043651028527,1.5069276660013198,-1.1927519717729935,-2.7484418289933537,-0.5819315683455852,-0.49483286691931905,-0.8343888232930361,0.3310346026305779,2.083298965741535,-0.6760349534616095,-0.9595294996732012,1.7647379459540888,-1.6023995093515024,2.818264642956956,0.2844534484464746,1.7022111678440155,0.24385273904781046,0.02206597891509987,1.0904918535466717,-1024,0.22446174267041658,-2.706031633033176,4.327584000523015,-0.6782720952678555,0.40156641656872283,0.10035529040659893,0.0017051012066094174,-0.7493671136425434,-1.5007390435385575,0.3087589533523372,1.4360364203483615,0.8384954772210061,0.36504632121334224,-0.18890478115862808,-0.559170910322864,0.9778058556849419,0.3609789378788046,0.497417718617551,0.14488084852158084,-0.5205770643381962,1.0743569588193846,0.07664184688843181,-0.44037114978636227,-0.34303398131932167,0.026363248496552073,3.589994822754886,-0.8679188394019597,-0.8325946706048999,-0.7399787387922323,0.09606895364034634,0.8460483350963177,0.7183345420272037,2.016121127144827,1.7789762216273697,0.9286850034419154,-1.6316609901354984,0.22120877000271041,2.013356001344757,2.1466835240987154,-0.8139903687821709,-2.4268772743922495,0.32045593285594703,1.8617859174803884,0.0006774729498815423,0.08579415529722283,0.9198705688204011,-1.4164739553789065,0.2327723953546269,-0.9692663723610585,0.2701385257396511,2.868494618606607,4.717771913365885,-0.7008105304956695,2.8828760228596955,1.097408371664522,1.227943192861499,0.730937918138871,0.8593113204265455,4.218376627035777,0.7211735736988677,-0.9889247364157829,0.5676374401921671,0.0,GHD
13,0,1,0.5620967935523987,-0.2522498384553671,0,1,0,1,0,0,0,-0.7967880418113041,-0.5691560812580905,0.07616507514884358,-0.5567652898055122,-0.23605500737482782,-0.18541255783889815,-0.7527104062697834,-0.7947901313454759,-1.250160696468389,-0.6380501596432828,0.2737255636703852,-0.7945289089621052,-0.5173001450819199,-0.40540041758528866,-1.5712094162784562,0.03329576854393511,-0.06830680464443178,-0.34143154400472103,-1.005501180174847,-0.6689098483729101,0.07308583298359723,-0.8927953185126599,-0.5328547673836842,-0.8068834404735906,0.6008393522568558,-0.15623287814057957,0.9626114235878463,-0.924074005284142,-0.45804483790851125,-1.277888996416294,0.6283835464389863,-0.3937568020256182,-0.3238024588815909,1.3044451694368957,0.5781950017480237,-0.07732057695514746,-1.3215339514211353,-0.7851438303683227,0.2640746007993148,-0.7038200702464613,-0.8278146632225755,-0.2310088438017664,0.36457479069013293,-0.6450699269911108,1.266549779719051,-0.8556205649383013,-0.1173548507259294,-1.22244183464185,1.1385271188278177,0.46756164627226143,0.3496837575174105,-0.005277931347285894,-0.6672093884402701,0.10169482659554516,-0.6707929519405532,-0.3963043275685016,-0.4553717065100356,0.8878475306330411,0.2753456519297315,-0.8919834595048898,-0.8882315772384142,1.5819277672687173,0.1912468969107853,0.7617726477935087,-0.3495388776252233,-1024,-0.17046474280357277,1.1377311128048668,-0.306674356311065,-0.46311478319216764,-0.5725518553702715,0.10035529040659893,0.0017051012066094174,0.3434985965216335,0.8209647103180814,-1.5917899128441977,0.1571303946229496,-0.4663731589450129,1.4545142971032339,0.5770762588146916,0.06966671675197056,0.3378817263147608,0.03544615501596793,0.1321312315917399,-0.8075594961815532,-0.023181745461036303,-1.0211038187199317,0.07664184688843181,-0.33375142085160675,-0.2737894653265173,0.06740592674608119,0.1490371889642575,-0.775613333307154,0.3327019583579251,-0.400119254364477,-0.8501974489521175,0.006919223626780492,-0.4803030441062135,-0.858748914167563,0.8650318274146622,-0.05512658131434222,0.09393438591969899,-0.48853538999236146,-0.9757660425152003,-0.6632393783657384,0.41346288794547714,1.0413042054404478,0.18657230886446347,-1.0580989762520983,0.11460947087210524,-0.9133585585424553,-0.5267902515470192,1.5004222923175183,0.12495520570187474,1.0277324131234846,-0.3155803106780481,-0.7005057381538796,0.36641589589311124,-0.8581321887702232,0.45032499374742435,-0.007611129463150814,0.06541401186775242,-1.0431412310792971,-0.02063362639814443,0.44489253873339657,0.23866227924282984,2.1857671870226603,0.5676374401921671,1.0,GHD
23,1,1,0.1165960119140673,-0.5915196555752213,1,0,0,1,0,1,0,0.35051521753782156,0.7164713457056026,-0.24430192317407992,0.3715299856159614,0.808367870880083,0.5759048005004732,0.21164820068895082,0.5793380199820687,0.5028544519637227,0.06666449217044258,1.2709348247591272,0.2166777422301897,0.694205524638682,0.45983867879976853,0.5649497774836931,1.11490462650071,0.8106224635100001,0.5147057191492078,0.3446355544576747,0.1808264079763881,0.07195139397816547,0.8362125122071612,0.4432665978523898,-0.16249991962747087,-0.267260817968519,0.6656390622712183,0.2770070095012507,0.5627163112751176,0.26428465604604195,0.445318633545211,-0.3245103407184555,0.3995450926106611,0.5030016813817346,0.8133669639833859,-0.6336930884829798,0.3453789990976104,1.0497067460936598,0.4639213720311201,-0.6648624425608194,0.19558384954678104,0.3751123355804473,-0.8341072560692484,-0.07832107501682473,0.29280593868111293,-0.3711795007547178,0.4593208807982279,-0.06426827915943556,0.8905980291714184,-0.017203477956177434,-0.6956959871425669,-0.07721191858172508,-0.30243826535452384,-0.21128989086230382,0.8585580522030395,1.0533520020246132,-0.5270184741236953,-0.4525956844871627,1.0278520371381636,-0.306792918194378,1.3261929189204609,0.0698745128527805,0.8861879683458577,0.08745644841265486,0.06920289256767392,0.7036443548908865,-1024,0.2937392188970602,-0.587179601712199,1.0773460679402964,-0.21895752994635526,-0.07765705310402328,0.10035529040659893,0.0017051012066094174,0.1720949359504816,-1.3292403582129073,0.4033799580664711,0.6800066762366882,0.40173483874776017,0.23953925513155916,0.24671804759708074,-0.09440241849961467,0.39616683145634024,0.06905207847769779,0.34385940806323334,0.05174233837133921,-0.3404202329759555,0.6884628744543069,0.07664184688843181,0.6640476944217368,-0.29017417219873665,0.04325498878748996,1.0465173783773387,-0.31616095755790996,-0.3110698451342869,-0.371477526794266,-0.25486788425521,0.3451396189788938,0.571328381766542,0.8827795163185168,0.7701223265857003,0.1795085020353233,-0.6875125103082032,0.27563021414392436,0.9857979780841823,0.907534701832219,0.1945364146905411,-0.6481249713491086,0.2836142488405585,0.11310251631381395,0.06312735122808374,-0.30517294616151674,0.9778928985392634,-0.6154121965515574,0.12108123267240273,0.1568856331847909,-0.01574938052650744,1.150975058534391,-0.004721731766902935,0.13529997852598544,0.9788373066618208,0.7035055079315279,0.5108766628165842,0.46977912134012256,0.2971172446680935,0.4323043981419299,0.2322522592216151,0.7517548744137166,0.5676374401921671,1.0,GHD
24,0,0,-0.008011890289776207,-0.15212150062774002,1,0,0,0,0,1,0,-0.3718253962980772,-0.0897775640316684,0.32483544118622326,-0.5200923589252843,-0.15665532194836404,0.05652365173604006,-0.9677618455738239,-0.1496286243184933,-0.7008582626076054,-0.865865057460834,0.1737493516840016,-0.5626741378814126,-0.7191138565404802,-0.6173478079926973,-0.5242999126811801,-0.1213512359227033,-0.0995183170278641,-0.40933799763008843,-0.24131162116568708,-0.2990896098420776,0.07146953052049643,-0.008820950945722003,-0.06004225557635843,-0.1384049951649189,0.478809871094772,0.01552422121881106,0.24740466764007857,0.040510481027688,-0.3260932504696054,-0.16737453933241986,0.2747840247293783,0.09012694905668579,0.16524782636373014,0.3713535368445524,0.6575776842810734,0.07533817073037709,-0.30298593410204744,-0.3137659733552252,-1.0556718194471202,-0.15651164559607667,-0.42917081598600504,-1.2252958095700355,0.312108670000149,-0.33781865686917634,-0.037273164325721794,-0.1581650058742787,-1.558051833111599,0.1846785456145583,0.2664809042753373,0.7874794378416251,-0.27875423057932947,-0.7116706864796105,-0.38572113917531126,0.1569513688688533,-0.1362607587593874,-0.5695880152048641,-0.7843738282074616,0.3772133749613453,-1.1739411983855228,0.4207695410728936,-0.3313962478520752,-0.2552900668095764,0.013265056610099264,-0.23359612631606752,-0.2362305754574635,-1024,-0.31712270414071597,0.47450378828798795,-0.2679838093842276,-0.44707124917672947,-0.4438111871672488,0.0615861949224839,0.0017051012066094174,0.17293635119012912,0.7625989412416608,0.4033799580664711,-0.375918529526615,0.0768800144173501,0.19965918287654325,-0.5461986750000175,-0.000648045845755881,-0.036853442247715126,0.04525645320264812,-0.22782997901280402,-0.613085725926692,-0.5172490221334268,-0.13019481861183527,0.07664184688843181,-0.2542745081299719,-0.29948240590277236,0.07297286619097412,0.05424668487225071,-0.5466576436704896,0.07507121687358484,-0.5297287227093991,-0.1983555865566153,0.018528651506849934,-0.6955574427019695,-0.031335263303376944,0.3145156631392755,-0.04988018326589897,-0.4774425571722308,0.19311599425642567,0.0029654570235754046,-0.328586208666315,0.2424537933728325,0.6521885039094584,0.555953934243768,-0.1807314570381295,0.09226128511059287,-0.7993449874812321,-0.07060100888968439,0.3866467885735681,-0.050610165261098426,0.19918651025777523,-0.823532389704141,0.26552933348998503,-0.3515889843223443,-1.1919913488403202,0.1787650735613122,-0.06584524344390609,-0.48792674483549714,-0.0733060382370877,-0.5875447576584008,-0.2879143440055205,-0.3856579411401705,0.31367023440500796,0.3693878497918604,1.0,GHD
25,1,1,-0.36077620675148575,0.46902910466808506,1,0,0,1,0,0,0,-1.8497061576401255,-1.67227231040821,-0.03905244942082888,-2.07290568923423,-1.7730181893236694,-2.23247291098197,-1.9788022910653777,-1.409328329697201,-1.532274126269181,-2.2026292986459834,-0.40147323266420365,-1.9653488476566463,-1.919988977255279,-2.12076851026236,-1.6498809640692687,-0.7605556518952843,-1.1751143391295704,-1.5259204440778178,-1.532409923601258,-1.0676673329787494,0.07214624238333149,-0.9517564730510933,-0.44193004856661855,-0.7595996667857896,0.4403455345243754,-1.8218263168078614,0.4031335801244351,-0.9703334010671094,-2.1149902904385462,-1.3801711394107399,-0.011920140168064242,0.004487204069463368,0.007222884422939868,1.4636740295061301,0.2953574595169308,0.3474629353153852,-1.4661264492886499,-1.681411423514553,-0.9869590151663467,-1.8803419808702428,-1.9092824910254,-1.2770123834037097,0.30422711353557663,-1.8526707019925779,0.419232750376152,-1.6771317170764668,-0.6853987370225052,-1.88310177880658,0.8542702488789273,-0.2687194429075112,-0.2925267522279312,-1.523314140352479,-1.5032972158114926,-1.12057003624313,-1.3154811616378523,-0.6357823876477072,-1.726441245964465,1.1959146156357685,0.04543759321270364,-1.6885290597943798,-1.3171550339461016,0.8644573308993517,0.15028654259462534,0.35720169195003065,-1.530250084499095,-1024,-1.8981274479452037,0.29629833621557966,-0.35414392701400554,-0.9990967417467302,-2.319625132122768,-0.2697308158428429,0.0017051012066094174,0.1970645997665704,0.7412825974382067,0.263957740984378,-0.8554559249531007,-0.03710624384170837,1.4528516573094388,-0.5942626666037798,0.3907639314176814,-0.3553699601918929,0.04650544624675042,-0.862180810638743,-2.36395606545762,-2.077113376440527,-0.27787309992834464,0.07675480546309033,-2.0955497550134186,-0.2948453971745385,0.07569321574355777,-0.11876439069230897,-1.499982738439523,0.004476115506875176,-2.1837070783724633,-0.8873533505382626,-1.2802853876907356,-1.607365475659981,-1.165060365113381,0.8607849660457072,-0.38320171267094716,-1.1969688400897847,-0.270757850516365,-1.556579646450937,-1.345420901244815,0.1257279231345496,0.4658237814233099,0.4659988406351832,-0.5750620988154527,0.2964261410850612,-0.9089465055144248,-1.262408368743105,0.35632409609497623,0.0860707199229669,0.5862781321518918,-1.5982879438730455,-1.403356437454097,-0.8255400867499011,-1.4712343357558955,0.30568008996967605,-0.7423540862123142,-0.7840059165015015,-0.8729778193233132,-1.4847295986080247,-1.1822740614197886,-0.37405807788246764,-0.21023957268698745,-1.2525073162136737,1.0,GHD
34,0,1,-0.2781099266562929,-0.6373888472153011,1,0,0,2,1,0,0,1.1019807281179363,1.264964348752155,-0.9114471408054343,0.7608083348764291,0.9077906799770138,1.0568581384493128,0.6445027650481264,1.308919874054941,1.6251837170496928,0.3309846295818836,1.459323725159245,0.4109212595369806,0.8802970936353509,0.4851906294290058,1.9039045268048145,1.5957969041973188,0.9136045235664603,0.8661521829447735,1.48676219093721,1.1267990681569866,0.07263248862611539,1.1564417294021263,1.4679948145278683,0.06801660901891714,-1.5633328034659315,0.5068156663523464,-0.6515348226151438,1.5029669572317788,0.37835184865045784,1.648600640569664,-1.6956659124275288,0.4908561647981434,0.7017986028334987,1.134622028741495,-1.64357493538606,0.4295167062662792,2.880212916741599,1.2849082468512507,-1.2707524652281414,0.6200244281107337,1.2314338057678438,-1.4206943494931543,-1.3629692303873606,0.08010569269701559,-1.6477666020050061,1.5480784952899003,-0.22113416852617432,1.2930221786392375,-1.2368702541563088,-2.6074955214028814,-0.24015700971414988,-0.5511257814697593,-0.057825577681365176,0.5155770418622108,3.061113201849322,-0.6585638974860755,-0.8471139844498571,1.533019395494606,-1.5464345865214868,1.1942767807715902,0.41182587247967783,0.6960688187016946,0.23470424794552944,-0.5194547107131141,1.0832803280553331,-1024,0.37856314179222644,-2.8252748021838343,3.499105601908955,-0.46762934531915795,0.5204177566616466,0.10035529040659893,0.0017051012066094174,-0.5579603222495056,-1.3485642076691493,0.3726969463308288,1.4241883079444948,0.9401816145772216,0.3494146127264479,0.46113542160246157,-0.1634786500761282,0.19653000134135373,0.3181966011137695,0.8615094433094191,-0.11338051612813087,-0.31715865235842466,1.1080353343665672,0.07664184688843181,0.18103237831398922,-0.35412764012559755,0.052690767493477605,3.078386635283269,-0.14525149579889007,-0.7095603722091373,-0.9603690210260358,-0.0032947867292660873,1.067631331419456,0.5486962013964918,1.7179497147996186,1.417523911740264,0.7578594518751072,-1.6026551772075766,0.2537924789852478,1.6770694422476076,3.2291444798052718,-1.3270036372186191,-2.256406595704769,0.2506961383429474,2.114077365091276,0.03315095311507028,0.2757876075618234,1.2646184652330628,-1.3457594519727272,0.23092804482513576,-1.0827037088118516,-0.009773446484357984,1.1200953346428197,3.9008507911008277,-0.06716796076119964,2.792276185525454,1.2025242083602745,1.2218509881726112,0.7226501384212035,2.03584386165464,3.647189194159939,0.7209212981583903,-1.2360207836308588,0.5676374401921671,0.0,GHD
42,1,1,-0.16585700452615815,0.420341938973205,1,0,0,1,0,0,0,1.1193736623210155,1.3371800104804992,-0.21053576474781813,0.8441774564805496,1.0590513210061596,0.8619806210943133,0.482744929037958,1.0412497373527159,1.1165652595286686,0.2666425893777242,1.0430681694210246,0.5052667086438166,0.7651316589983923,0.4744391896050194,1.4679076999849028,1.04774174807551,0.8475730368397837,0.7409415463640618,1.3414251344947985,1.0083028771207874,0.07198285579868566,1.3775887875552957,1.4376847184196817,0.5332522697136871,-0.9648593259364042,0.7988766483697733,-0.6168868458091535,1.2868599805317174,0.6073814234830868,1.470736719322305,-1.0631917582258537,0.5851439395886746,0.7348408769795475,0.14977122919453778,-1.029587488496783,0.3249853549160709,1.6331066317286809,1.1842971921396332,-1.7128902345977866,0.1434228189095213,1.1291657269238622,-1.9060751826091908,-0.6147466328318572,-0.06179937411766261,-1.4100336612574467,1.520468588620989,-1.2325002075891511,1.0242109858769923,-1.0863077509240489,-1.0878236154865315,-1.1048343622962074,-0.8896571490012875,-0.8547981308121465,0.6485305996626968,0.4620505298151071,-0.6661078743031443,-1.1406213391843134,0.6312970653566541,-1.859724487808819,0.8782580914024556,1.1436323857651032,-0.25364289026559156,0.17515494148620941,-0.8168578401003059,0.9423438016708058,-1024,0.7290641945521019,-1.749377270283887,1.7984306738751783,-0.6777724975129577,-0.11256669214396944,0.10035529040659893,0.0017051012066094174,-0.3562731138284069,-1.7258907378202273,0.4894422351237181,-0.08574191171907072,0.9076648537651025,-0.14950889456944044,-0.3673050729599041,-0.08033548820763366,-0.08191941916739938,0.18354495969513507,-0.3210752336441673,-0.3099430914261513,-0.7390591378762831,1.182904743509571,0.07664184688843181,0.5094082617753106,-0.3637994090024436,0.08618078910695685,1.6179338986302945,-0.9137974823713445,-0.26817149532882084,-0.9566872030062643,0.5063312630242565,1.2161089731642463,0.47262289156858583,1.6507765384952386,0.49956937783355876,-0.3815525690417848,-1.362329005905706,0.3305337171920127,1.2262624062599106,0.329667055295035,-0.4167773448700412,-1.439834550884297,0.5373699777763661,1.7702790438398972,0.08773494910196626,0.6149195043180428,1.0316017369592585,-1.34658619018945,0.1620596525494385,-0.8697036728179808,-0.5704015450666445,0.7190371070627564,1.5590411237956574,-1.0517001362719132,1.4383193973393076,0.7778709571570925,-0.19412999249210536,0.6655697597552235,0.14070193533977507,1.5525715421495927,-0.3918526046412576,-0.7320988676433736,0.5676374401921671,1.0,GHD
53,0,1,0.5869075016127615,1.7299989658152857,0,1,0,2,1,0,0,1.022204497409553,1.5145232591829598,3.5199514667603933,0.20361664386714,0.7547706660934033,0.00899704936304473,0.683679257319733,-1.4566109319387686,-0.8326703024929012,1.2365114442081009,1.3197510681395437,1.975817947872716,1.356340362126187,1.8469018330243647,-1.371775821738117,1.069821818742319,2.2227267543949596,1.9306162605199975,0.4850558701472182,-2.012238138611838,0.05250885666138617,-1.1860079232924712,-2.5356036691509196,-0.46142819098665866,3.425233374004924,-0.8962638069178546,3.9264713055616123,-2.1056533164124445,-1.396992276822194,-0.17943819675940617,1.5584426165458725,2.597623137798015,3.3970890524194144,1.5224429737565601,2.9236616895217944,4.076455535199529,-0.698654242104072,-0.9798897086855838,2.127995880252204,-0.26651707650183104,0.5368305399424301,2.400407640737984,3.6995665902493844,-0.014231821652357049,1.7703688366415025,-0.1435439414205345,1.798688466211799,-0.6604062346883789,3.4841899776446716,0.5855347674305258,3.6798854171781867,2.6873560359305846,0.8337915264520638,2.19127903232642,0.9311233756307641,3.2449380278252358,3.1580283053239104,1.7353470491809289,1.6977901297354703,0.3561086806389671,-2.2083682570795786,2.6342249037829273,-0.1747357481391376,3.389095243973435,0.8286851309112577,-3567,-0.41438438037437275,1.0229815688380608,0.7481801765525294,3.174046334270536,1.3387105327090099,4.105614295133084,4.0879840114500805,3.3665744316121557,1.6613540300820087,2.0969655742052327,2.4433905558316806,3.4092409197495077,1.3099955601107085,3.1762260015473434,4.360669587696817,3.5649547262172026,-0.41549304776702756,3.969059896259403,1.718537503393711,2.4168861468169447,1.2790332428828768,-0.41275525811793196,0.8975925407235613,4.411466898888321,1.289543983250436,1.3516358396780666,2.1808680939474794,4.000274455845453,2.868674987975792,-1.1966512556292401,0.6045147445844808,-0.6722748354273704,-0.607489959660744,1.6603145491437632,4.068381738095227,3.1425688297338334,0.2944683413461026,0.7564352895200384,2.898729195936488,3.5453911726159384,2.638298007076073,-0.828878653084761,-0.57078323140962,0.43109050526177234,-0.9170340024972938,3.79951944822925,0.6869846878821293,0.06225536830369914,3.081305878782638,2.233552128381379,2.18980448830029,0.5794125328663964,2.6438081483156135,1.6789090604530927,3.0919084609597136,3.774772695363909,0.16033438943237874,2.605999056332087,2.0468082835628736,4.348085182801923,1.994011160428404,2.5522415673667,1.0,GHD
54,0,1,0.5246229018132428,-0.021583632212936802,0,1,0,1,0,1,1,0.39291049983015797,0.2285539825508557,-2.475913760530581,0.9928341200704123,0.7801365160611485,0.846756159427581,0.9035046182590494,1.138206283663841,1.0785121677242284,0.6469027782197023,0.7535528629704648,0.7599081891437194,0.7966433434489996,0.5064992664148417,0.9871645152855758,1.0848566573280736,0.7050063990977897,0.9394451332195465,0.6699577644770128,1.2447216508527703,0.0731026143484201,1.148322875133383,1.3145352501876948,0.6441360566599434,-2.3245544238613425,1.6418545228640598,-2.228646452966612,1.1229708084614383,1.8419270785539412,1.4697156935248736,-0.9109335714290666,-1.130954601558707,-1.4225490683797555,-0.3414914471805294,-2.3538089490675853,-1.761557978136067,0.21817127131925004,1.1924112766473514,-1.4575753310803308,-0.589418237550345,1.0989554188517037,-1.631429974618757,-2.417378659732958,0.37087868137924107,-1.1039260119079048,1.5002957795619707,-0.7323344029291041,0.4937611573691785,-1.9648059633488806,-0.9448526577342629,-1.1751069401993441,-0.48894944870255397,-0.7674409795539255,0.11801841678581473,0.5102220809872684,-0.6397702247939575,-0.7036913130358945,-0.11223552455299854,-1.135187055368776,-0.3820535552744811,1.148290446230496,-0.7863727655284851,0.14126734618446585,-0.8872542781252903,1.0623484052280008,-1024,1.47113905345838,-1.1766528605914026,-0.08272341919178791,-0.6948752134734486,-0.9411258300397206,-2.7087266349035226,-2.6723673345195063,-0.2443942256437157,-1.5358755583503072,-0.037784698345972575,-0.02480718293936903,-1.0731573485928674,-0.19095325147602787,-0.3426406901803391,-1.595753663075923,-0.48042953444920344,0.18693174287607303,-0.5556555123188581,0.15640420988245932,-0.9938322687574113,0.22208253564665534,0.19426391867155704,0.9610863345437419,-0.3673038713542154,-0.38657406385849685,-0.021075118122714967,-0.809202259695382,-2.8498366879593613,-0.3572354025605632,1.0985071282426242,0.4390575386470816,1.4172492974695707,1.6047372372587299,-0.4034398330116382,-0.38449932045887286,-1.004386007668338,0.2820875767806406,0.4677626849679461,0.32594457130906823,-2.150289818569652,-2.1462013973179532,0.538050766729826,0.9296157048352959,0.025014210848255808,0.9743033839174717,0.3350130326665372,-1.2695351499178378,0.14189398284401936,-0.8582045800005658,-0.008232173652638291,-0.6816978455404836,-0.860003261066633,-0.4686514912492498,0.20545929287209785,0.027085731531740587,-0.13071607927395365,0.6668398179365581,-0.38906206340925903,-0.6970087187400931,-0.3926519270712317,-1.163290197008668,-1.8664893307645245,0.0,GHD
55,0,1,-0.24811018393941092,0.9682056731740786,0,0,1,0,0,0,1,-0.9000577033659947,-0.9043794216514542,-2.203961024461822,-0.02586272996008573,0.021485282396130144,0.23686762044320891,-0.060582436598399986,-0.05061641873811976,-0.2732893617405279,-0.4862872158323381,0.16766805648287625,-0.8881804392263544,-0.019357885438004128,-0.49042122102722363,-0.2554120808267629,0.1552149081679722,-0.5474467607542965,-0.624852184392567,-0.767405535854636,0.33388031900255644,0.07308618669286124,0.2892766336791796,0.7112533558910464,0.8158174092547066,-1.5068616922301572,1.1786604688527924,-1.822373016008226,0.2608889145385954,1.1285776790675792,-0.42545185416685233,0.9020425851400795,-1.531600063249239,-2.4791276087532883,0.35977180300837236,-1.3888322840418423,-2.91149347488527,0.12371764878809738,-0.11470953864362822,-0.4902160846280273,-0.13232990035888448,-0.3845875462019188,-0.4689264627975753,-2.2625815461311656,-0.3075101400556927,0.9520520619304345,-0.31868595549776413,0.4463462807338094,0.16417854665798132,-1.27189199026213,0.9838266482908785,-0.5019262974156324,-0.7377364906359551,-0.8307673926847596,-1.1367493621881148,-0.36629651734141505,-0.650502661940995,-0.9697461270318231,0.414956927315802,0.4263196100318209,-0.249998553729578,1.1140930167597913,0.32217474961431725,-0.05127784548332529,-0.729927121497376,-0.043032353124379925,-1024,0.6405689439120698,0.9393689629164934,0.06453121499646046,-1.0342718508680782,-0.4325518575671369,-2.938235581950689,-3.0139743075933385,-0.8632545617832681,0.14641329744963855,-0.04600039832260114,-1.414499937145789,-2.050290109955311,-0.03206281029908711,-0.005085047807357092,-2.1406996094864112,-0.8930104769104144,0.1689897235735604,-0.5076327536845687,-0.6667494892385382,-0.8024052811810288,-0.24177512013304736,0.20430189366070775,-1.2239925120208024,-0.36629510257534675,-0.38238751085461975,0.2036874324858981,-0.9324935154623183,-2.4796166307107432,-1.0239014367669923,1.3165176577299844,-0.2862712186736958,0.3523661486146213,-0.08509114118289057,0.32807548554177246,-1.2055615514097615,-0.9633911994854666,0.21927249379148006,-0.049462146779201355,-0.5680958623080321,-1.930175357758324,-0.5928841804086434,0.5296016920266724,-0.6112836082749163,0.260845654661545,-0.704931707109759,-0.08673489645054612,0.9196157920115302,-0.055003060675972236,0.31309667012620085,-0.1696100279410651,-0.36911834054714576,-0.36221293150004114,-0.7761711915675605,0.18408143634826876,-0.14198310786257112,-1.3930802112103473,-0.12974210099645964,-0.22736417480104038,-0.4149690093478191,-1.1990752416686024,0.2919593838760922,-1.54964888428075,1.0,GHD
57,0,1,-1.3897890766631846,0.5285837492185194,0,1,0,1,0,0,0,1.197311881622048,1.225599882430504,3.240754531533206,0.5093440241752832,0.4807442420829604,0.2400672687002992,1.0909048207203973,-0.3185283339070994,-0.3057228655379083,1.3672723036456793,0.7741571527593025,1.8661532653993353,1.2107584998855727,1.4671590392730445,-0.054872192059474835,0.9414776482957923,1.6830653853902464,1.8302799089809239,1.0751957442142734,-1.1385208097246187,0.060518416279169165,-1.2390127638244761,-1.880151351088396,-0.5874468760517567,3.154241875267393,-0.9422823828103074,3.538341139749909,-1.1131414357437903,-0.9045860220194453,-0.096008711916499,1.0301020528430451,2.112313268273388,2.845431023566956,0.964576542121722,2.8877436875878018,3.526916368861886,0.028896525111922103,-0.38893774696059863,1.9945424802688856,0.04602958861415952,0.8028581530074239,2.278853047976515,3.3714839706282236,0.20857488225183238,0.9058115299200127,0.12420041538690613,2.2410014516448156,-0.4578663398866534,3.1417163372848904,0.441115880317825,2.9950999550937705,2.656604196533618,1.2727290847540507,2.1341382007049092,1.1424990921239002,2.555490848672372,2.7867702756495687,1.2556231402215388,1.9647516995157956,0.32271941629304507,-1.5852760007039397,1.3924225224003894,-0.10037872195814948,2.620377123148007,1.005225924081073,-6160,0.054456808997192754,0.6779878016496651,0.9131367420703668,2.562536722690094,1.2806839850889187,3.806895451892111,3.785421346664541,2.618970084690619,1.586900120363482,1.0632528357664008,1.9866970105659467,2.702523057791603,0.5107953269543617,3.1272003759816793,3.629721706259376,2.7032483816389177,-0.3726192633741381,3.117522935018303,1.3544149620313777,2.2768438684022634,-0.2088542317602745,-0.3499138421721638,1.2168176687791754,3.055751665961602,1.0831519238606493,1.4904197294964694,1.9789343677975075,3.5027798463014945,2.3800839402537486,-1.1908713172048895,1.146845410444209,-1.0490201338591782,-0.587716878507998,1.4945897916188535,2.9150367105810067,2.6444417990444165,0.16684789296721095,0.15813042989708098,2.255204726613677,3.0049447111071426,2.357304642066231,-0.23886729104401203,-0.6973521311772835,0.1143707695051528,-0.8479670268046448,1.414497580920758,0.45440800564704703,0.04975362484398939,1.7285933921474228,2.769746454507706,1.5097785942194086,0.43747449818368317,2.5015231204882764,1.4291421671400666,1.5942257229189438,2.4810941169814944,0.27399259008037946,3.3346153615364758,1.1281359541468032,3.0133826952981813,1.5660556853987238,2.4052798134970113,0.0,GHD
58,1,1,0.03588199090902736,0.614294567498498,0,1,0,1,0,0,0,0.3990119814061743,0.7833256457779372,-0.3846411880561874,0.8633466965051576,1.3267745251039962,0.4230640040909959,0.2835333227131717,0.5753008399310371,0.10770922567851017,0.1929840018239782,1.3929828655490408,0.3162847423707712,0.7972141154662611,0.6161009180418204,0.39394393093931074,1.2409706217694048,1.0015065868689546,0.7027778647278554,0.18904005691634138,0.18464573419013758,0.07209857697564274,0.5204484843214074,0.4579595982126404,0.14516951677239792,-0.1571545609384127,1.3643028790113152,-0.16203965347313143,0.6284699690995355,0.9410412081834053,0.43835291234724155,0.6527685609811157,-0.07698810620128825,-0.14125039634374836,0.7607930964266592,-0.2408414622293132,-0.2326418998151088,0.6570342108212235,0.5990545499591282,-0.35135357220886915,0.9650871796978246,0.5927815808878881,-0.9376555397608681,-0.2880727350503797,0.2852501859534125,0.43939068553131944,0.6082956545838648,-0.661516133309462,0.7088447369791688,-0.2105783634741138,0.07262869374903297,-0.004248670019520012,0.10719641294310159,-0.3043539218895114,1.0652797134417786,0.6631601083788428,-0.5567687892933271,-0.313276856364717,0.9158073252765826,-0.7220009869904209,0.5354554362433854,0.18799323211250984,0.5301370924329232,-0.04365728744460166,0.15325629565472815,1.0006892828869216,-1024,1.1785443636309598,0.12578391903743524,0.7236023241750966,-0.44732179375998077,0.8530991411663638,-0.39770716507088805,-0.5101048750177163,0.15595951555744902,0.5237426717002459,0.2476318035814985,0.5667073079403679,-0.2680200769622273,0.3419302200670544,0.4252209381052486,-0.4727686042424621,0.3934958616613373,0.07721733168578267,0.2778985176827505,0.04465927070485917,0.627179516076059,0.0730331684914437,0.10593300175635464,0.8347681615808485,-0.28492143705202644,-0.05635771719539606,0.8086494994199555,-0.4300661290139413,-0.6517340248709509,-0.1960676139944413,0.1944472808570148,1.3868150338476446,1.112527097155597,0.5272752718431827,0.7254486431942059,0.18026955846995235,-0.4388526223276622,0.24591359844091112,0.7070589562443871,0.4988903359201155,-0.19433162698555742,-0.2282534813147275,0.535190933448403,-0.5386401600673789,0.03007163784135854,-0.37245484364301173,0.772331335297637,0.04745672256140788,0.042931472106461414,0.1990592173875537,0.3154790975944084,0.3228012359427028,-0.025452020510211143,0.21715935474807538,0.8832367526412975,0.39259223496881174,0.39035055562767107,0.16932168496458477,0.5296978876411249,0.4022483598155005,0.23177620919423805,0.4150430880905445,0.3128116293234071,0.0,GHD
63,0,2,3.0216946680078483,-0.12094052622338097,1,0,0,1,0,1,0,0.30967945476519626,0.5761222041695204,-0.304299480173231,0.05454229702002637,0.3664153862526982,0.6103297923431252,-0.21095280715213247,0.6005423326266175,0.6152613695826297,-0.5095729820711639,0.9319686510600039,-0.1850121073739082,0.08444335905570505,-0.2799783518193361,0.6081322856445311,0.8223546632333472,0.4777290759961991,0.25701063404380325,0.643783898458547,0.3733281693278706,0.07208955406709919,0.34194567682420507,0.7665032181267573,-0.07890587693451409,-0.740052991555032,0.2361755156720047,-0.2562358644593131,0.8643624660682945,-0.051791024504883036,0.7846305798856414,-0.620742408355481,0.4791852343018579,0.6574797820923423,0.5903950135509078,-0.9375639087287503,0.40794074580660095,1.023766702019918,0.4557590203628293,-1.478491784720306,0.07118586395977698,0.33064626284670884,-1.0332242705006065,-0.6048223639340502,-0.11045342597127453,-1.0079366984660325,0.6047140229867173,-0.3647733419830739,0.9437495085729851,-0.551378768925605,-0.8943507345009833,-0.0318534514772446,-0.801313091571203,-0.1793491351212557,0.42569226947141653,0.8283148686604157,-0.6512927700822548,-0.7583754852054145,0.6936876799866148,-1.1539924123638567,0.7037265250189092,0.33707280589093097,-0.19678445296910554,0.12979581073164487,-0.263526390653627,0.4962361458348618,-1024,-0.08445804566121394,-1.2252767768251849,1.0211630797144582,-0.4575474882259243,-0.21772622962553959,0.07631952783837412,0.0017051012066094174,-0.158141931374762,-1.200990016777794,0.417498158698788,-0.16856222395676057,0.7655218424992499,0.1072839626337407,-0.3815808642680059,-0.0626127942835616,0.016659715862784284,0.12409392235091939,0.14460889676018013,-0.3758263270549739,-0.7459209286340595,0.973269014099018,0.07664184688843181,-0.22390361649608684,-0.3309428374876149,0.08618078910695685,0.8826378612845828,-0.3115833609126116,-0.3941523154524194,-0.9656801159260157,-0.19023072775089667,0.3487749870204583,-0.10125469127061716,0.8450143051879458,0.5210396459143277,-0.05305520705925136,-1.2470660648354892,0.28161196444479436,1.2254771209019732,0.7096883549183213,-0.25640949282984815,-1.1177890733420839,0.21794539377884678,1.1146428579939625,0.10498986286240068,-0.14549139425881852,1.0813355690194983,-1.1862025950811792,0.1452459833351662,-0.5420965707410773,-0.5085792983253247,0.5097113916649212,-0.5542363257060352,-0.25267156953112735,0.8461210245264075,0.6808225101126599,-0.29379696153947416,0.48992625283429314,0.17809436123019975,-0.08308509253592174,-0.39124740424857213,-0.43621204803890984,0.4445251510283505,0.0,GHD
64,1,3,0.11409883067362665,0.9642550991177312,0,1,0,1,1,0,0,-1.1036182611026397,-0.6901241738555094,-0.031123332187820252,-0.6736096996993141,-0.1066589954976763,-0.726645367437303,-0.8896452597598432,-1.2084441888625184,-2.46916049192241,-1.0421735701838044,0.173414973195823,-0.8999117905410685,-0.4144375767898567,-0.6264516827782315,-1.2205112894727876,-0.3024272088970379,-0.2268761067309611,-0.7136670618563616,-1.9837814011686195,-1.5223552915562533,0.0735952053235145,-1.4555913845513384,-1.4644821717694936,-1.163481454665235,0.3873467963148708,-0.42286844486126457,0.19582654574728717,-1.2641764073568162,-0.9517169942100535,-1.7337743533421512,1.8566078367069228,-0.4545447308584145,-0.27689119626749564,1.1288966612456426,0.4627522815634288,0.27355060828390754,-0.28147306165451563,-1.0285610389424846,0.4162623762008665,-0.5300778638434962,-0.8271023114290639,1.349014086775999,0.2073979460789755,-0.21530827611856782,2.8737548631321648,-1.002706676759717,1.1428837700783772,-1.0368596200927074,0.62533845953755,0.5404923515137985,1.0054328650941833,-0.22064044702121427,-0.8688799494870506,0.13697216096403722,-0.5328623539700447,-0.20041571374657718,0.6574710704727663,0.8989315431910307,1.1828889980962027,-0.21548447393429354,-1.203280438367406,0.8286588532737875,-0.07216602944481694,0.8879685057269534,-0.5486989560507641,-1024,-0.012881932358276815,0.9587609918868757,0.6210350487863455,-0.005796224652972591,-0.4863464515127628,0.0893030301390462,-0.009667164481335304,0.49036390056278745,0.7430875990241715,-1.4365367097534099,-0.6467759053195261,0.15583908233616528,-0.2790209861219938,0.6653613516710325,1.0039718265371864,0.6385242675326915,0.040275504023588704,0.7299073840662005,0.21313568183667664,-0.01310726419924011,-1.0681561501722883,0.07733757803270312,-0.19110373857624796,-0.1851771570375385,0.15599985366266592,1.1145039785833897,-0.6593220012130783,0.09714866576550753,0.9280586860463853,-1.0917789842319245,0.8498740227851493,-0.2635745555720457,-2.1918684434069253,1.3875152212605915,0.19444082173423294,1.333184081786771,-0.34522422281316867,-0.5937332129134957,-0.14668555026332994,0.5151994193991126,0.619029106662555,0.2754914960315063,-1.7648365201161018,0.1319882669792927,-0.9156595339447348,0.2476882572728121,1.9339995781805077,0.13970922259340696,1.4274427320442904,-0.6846671692265206,0.11352883553495503,0.5337820348730791,0.17766842209865255,0.9078141032345715,0.607088688864947,-0.3804322241150276,-2.1024473104043087,0.3366715521056201,0.8603376636615951,0.23979641450288697,1.0751390499280933,0.5621148089086344,0.0,GHD
68,1,0,0.2597002335696988,-0.2092190456244463,1,0,0,0,0,0,0,-2.1297310101450098,-1.9972448678033752,-0.9810982609876043,-2.026632149490749,-1.765169746675663,-2.23247291098197,-2.2470098341982423,-1.8611064796779997,-1.933324852035697,-2.4461781402239837,-0.5659741540384783,-2.265723116585637,-2.2677277598495267,-2.4227804574428924,-1.7000332973740688,-0.9196412228802003,-1.6631465164580501,-2.0162849037738666,-1.6891682843787346,-3.188926440432005,0.07403397347745733,-1.72457357584072,-0.2933118410632919,-1.6678883715300552,-1.0737686408537417,-1.7803538345257863,-0.9078814434466668,-1.471810581878145,-2.0377341465933085,-1.3423764779564467,-1.7160970614996591,-2.356032062036317,-1.8744952739769623,1.5960829053111611,-0.8864948028236808,-1.3524352878002,-1.496400139659497,-1.98847565405256,-0.9050501691797675,-2.5478396141517115,-2.1962555362613765,-1.015866286002055,-1.301892123131115,-2.556309577900352,-0.6986137380562321,-1.9985763870708388,-1.089162754466984,-2.533519142845946,-0.14580519888042154,-0.9222445498379593,-0.5283048991567957,-1.6781528116589988,-2.8558833662977143,-1.8194507867932055,-2.702862706744059,-0.6550430782070035,-1.9965565679676294,1.4543115225717147,-0.4156208541464956,-1.9427824549469812,-0.5260186207245823,-1.943833604785247,0.25145370272436074,0.05335354624316149,-2.000467594121329,-1024,-1.885606594512648,0.10543832459683938,-0.07299303684735708,-1.291128106224732,-2.6009635575799774,-0.5167832753487794,0.0017051012066094174,0.01484860913064356,-0.5885994663106545,-1.8421482898063384,-2.348230740163967,-1.5401977795704225,-12.77759513491198,-1.4473278833816545,-0.6731935522760214,-0.4570708642664117,0.03660519871716369,-1.323089116236794,-2.733816573753028,-2.108539604730673,-2.408727150564014,0.07664184688843181,-2.280873546485378,-0.37085896056290013,-0.5385294089596593,0.09915901674312434,-2.557484052845818,0.2523163572465673,-2.29063296693565,-1.0628336396833067,-1.062581602613803,-2.5430110784721447,-1.2858039485042407,1.0336770023485673,-1.2027690609049941,-1.2317585700077018,-1.2951536456278994,-2.4982613119951815,-2.5566388920619967,-1.7263240670744422,-0.49261514392855243,0.5089398275469613,-1.2215491669242164,-1.2582130360850012,-0.8971109913237069,-2.023941147666829,0.19515473708679232,0.18820443525393493,-0.20876861049001771,-1.9636613029122414,-1.4100543839392612,-1.9721882311459011,-2.821616924890773,0.03892381957279368,-1.8302310761006664,-1.9045589978467599,-1.8617562860321786,-1.7703447013344287,-1.8452873724155225,-1.1927381853179497,-0.9028403430443468,-2.3975049048963557,1.0,GHD
70,1,1,0.021884299046749094,-0.4348878481402481,0,1,0,2,1,0,0,-2.745499512116031,-2.4520202591679108,-0.6310976488176525,-2.6433947533494733,-2.155093248744514,-1.401997544680155,-3.3369522254177078,-2.9099704660917762,-3.6715181593993313,-2.910720199463187,-2.075267254521725,-2.36816687076716,-3.2682627496308876,-2.721303309510455,-1.9896104428163996,-2.9009319927148574,-2.2690282589954367,-2.856980873403507,-3.287848379381213,-2.614685435672514,0.07419028437884644,-1.7573023699610515,-2.25739663539737,-1.4577916056286768,0.1058482928093101,-2.0144809559647645,-2.797871797406388,-2.6105684770689437,-2.4875105489351017,-2.3859117599335082,0.3537647689278453,-2.7533534433908766,-0.9306957480943102,0.03867936256693693,-1.136508429211406,-0.3250171130106357,-2.2516699769907427,-2.6852081274374715,-0.2548040650859403,-3.8670081930591182,-2.550280434552848,-1.0443009505545535,0.05009766627030964,-4.099054987513495,2.4409862047680426,-2.594133022253512,-1.9954635478746814,-2.0713218082695475,-3.244107143687871,-1.087781167316242,0.49914652026887774,-1.3447047632712386,-3.5624965640621062,-1.1489966546411192,-2.383742600597284,-0.11711563880103998,-2.0197070823639995,-0.6239593499364768,-0.2077311722978645,-4.247368515440295,-2.079528683908826,-2.082920683234932,0.44520002094691236,-0.20281760105429697,-2.7414112851462105,-1024,-2.044803484363018,0.9230049813971976,-1.4125974665047374,-1.0453661509736079,-2.7042299124202747,-0.25371316015984696,0.0017051012066094174,0.4857899030025942,0.364247504526658,-1.97005069382159,-2.9721882997111284,-1.2155666407864396,-0.005898336491968055,-1.417644022232178,-0.21937279437141508,-1.09748809293259,0.030600487573497585,-0.6783699212521088,-3.1307048500629504,-2.1160171457072745,-2.1062054658196985,0.0768680381570161,-1.5355142942181916,-0.31327022313312713,-0.09968614210817067,-0.7852021407717124,-2.1735626926055076,0.6048996858970405,-2.2702493571301527,-1.094910224771546,-1.4922384517357157,-2.311896927867448,-2.90927574006821,0.10931500136794871,-0.3958867428007329,-0.47742408034187883,-2.6640207409705217,-1.9071687080210495,-1.2314748710739836,0.021913454900203983,-1.2750234159925875,0.44775836473656333,-1.7619647029534922,-0.11017489132510981,-0.9091899060407499,-2.5768940957307245,2.6534067664684695,0.29929027807189157,0.14903136611622514,-2.247838834052106,-2.915374639220389,-0.751643822151983,-2.9810823045429977,-0.9290242511856299,-1.5581691456311528,-1.5127569789921445,-6.6056565903133295,-1.7264378279858166,-0.696918565933827,-0.38527976515064927,-1.4362913661341117,-1.1717867969895992,0.0,GHD
71,0,1,0.2757096396436287,1.0963819216669277,1,0,0,0,0,1,0,-1.2897326045199962,-1.0347275107737441,0.29120824496576125,-1.2062417514225736,-0.8315607654650188,-0.27560079881104255,-1.2394701570824556,-1.6677483174510936,-1.2564152186512012,-1.3104241534483478,-0.22321587280033178,-1.0615664651733219,-1.008315797895448,-1.0862379397837072,-1.7416304509634235,-0.6062359934174987,-0.3872934365915126,-0.7342000415468661,-1.2024418542947073,-1.0710474975615432,0.0741424997422727,-1.3725802620641159,-0.7898109243080971,-1.0142781330095865,0.6090663973986348,-0.6249956204785827,0.7089290687578207,-1.2707544208584471,-0.9823358868630699,-1.6157325321333977,1.1798663318821274,-0.6923789777129007,-0.31075144824419426,1.1541079531480507,0.7465007007019709,-0.016508470011391333,-1.551472565550879,-1.3088097647385804,-0.08670696910432062,-1.9878587258106326,-1.3014904564984873,0.49308277024699587,0.37306332521359875,-1.5450209217067006,1.3279585627200194,-1.3647908315547321,-0.4290889318905337,-1.94920141806186,0.9937457716104093,1.3312834678455103,0.8953127913410844,-0.9614190875319611,-0.9843317704698192,-0.1800155124726933,-1.5650683199183026,-0.09419545558713226,-0.16697166417179415,0.9781217369215284,0.27998164294615435,-1.581640735252821,-0.9923227342142391,0.9712757597279637,0.28018801136058313,0.9158406975752583,-0.8006205502081917,-1024,-0.9108877287191054,1.3902064759376083,-0.16446453262761598,-0.20552877525094593,-1.7774650841466704,0.08537392111110816,0.0017051012066094174,0.6950953743751404,0.8268749570960218,-1.6966139555383672,-0.9085297075656017,-0.1960276932112791,0.6824443677466583,0.14644068591930756,0.40920802972465126,0.502131659752368,0.03391448827670371,0.39786262212100193,-1.165453315102839,-1.1289947571681143,-1.2163411380148323,0.07664184688843181,-0.8228285826040219,-0.04142074214807646,0.13679312578023492,0.3734973660501035,-0.9530151151509361,0.42975277127344635,-0.39195164573885716,-0.9476113168865937,-0.8038371371090721,-1.5371657943587098,-1.4031845772820961,1.1121892405730573,-0.39815279816538596,0.30283590641983893,-0.7361526920748629,-1.3251094702673651,-1.0524317000485743,0.5961404006783576,1.2409162190109562,0.22446289965548918,-1.0415521331890383,0.17865656528904925,-0.9161520556727649,-0.9504906006585184,1.380668620808434,0.1786404979366325,1.201345993985397,-1.3250704961913315,-0.9508054982212502,0.18564639291175658,-0.772388922191267,0.5460616664268274,0.05064459796500992,-0.8639402517657555,-1.4598569676754682,-0.763720506462068,0.13456348580959437,-0.3637521288724504,1.7885794556342565,0.49082419666476956,0.0,GHD
73,1,1,0.152277296051895,0.33331584638366846,0,1,0,1,1,0,0,-0.7393762422010836,-0.5229474643006873,-0.17081711540983824,-0.9672282538731387,-0.6693882348144211,-0.15556992895106506,-0.059583789062672185,-2.2070650777299603,-1.1850492019242957,0.5723732057517171,0.26528197204503273,1.557773087636687,0.2576144169167776,0.906242028347687,-1.4996819672309594,0.03851119264780581,1.2643273693283448,1.098816584701831,-0.9944114044611946,-2.7631701274320517,0.07320433672051477,-1.5562188151440248,-2.763826882163259,-1.1916628350775234,0.633187253238339,-0.5026445198419831,1.3752078464775763,-2.5899658097989664,-0.7867759143891382,-1.4198328611113509,-0.6388214368199367,-0.48095139589112096,0.1616142194537605,0.9938530901596878,0.19881792520741343,0.8896348215739576,-0.8808761197406558,-1.6823735820505579,2.0453520919196024,-0.9273441560255994,-0.17973610658601957,1.934694992366478,0.5184090223241241,-1.4314194904086381,0.13113100097462468,-0.867380491018547,1.4374837907707567,-1.360200406024421,1.622129469815036,-0.028118340961530354,2.906069872238035,2.323656839221148,-0.028316302588704843,1.5248982025362217,-0.8794489388145388,3.6841764615389696,2.2558445308274635,1.141568651360639,1.3261464056971581,-0.6665534067301456,-2.2612142667795987,1.8893190940142377,0.17397468510654032,3.0595134017490344,-0.16250685738326803,-1024,-0.7362315698775654,1.0070020439411886,0.5521269641015163,3.3055796864736857,0.9656642015615247,0.09913181813882194,0.0017051012066094174,3.418094094735309,0.8092704293001174,-1.1825262143468025,0.643549213775785,0.6980323316567165,0.5806639802300321,2.661836033067917,1.8633506505866897,2.589910979537144,0.04866946388202049,2.739259904804125,0.4723023269108769,2.077432547647824,-0.5713781625924992,0.07664184688843181,0.21673156157868603,4.424466283126912,0.2309722148128243,1.182395016085894,1.8946225301903687,0.2573291932178669,1.6581844845845102,-1.1674509446552581,-0.28120075494677643,0.1611947625441654,-0.6895699011630539,1.4668552593483946,3.653116088325969,2.4580479599006426,0.0029318801266671455,-0.217721869121181,1.1456726153393089,0.8640936532947924,1.0459262233641562,0.5966734605149574,-0.16162945423137254,0.1657093592871089,-0.917074565880408,0.9609704651779294,0.30533873101065956,0.19542498811214604,2.292895507842178,1.2823605181410145,1.2670793709761543,0.6257354765396332,1.4181365267776194,0.9956891136413317,1.780770762247731,2.402159114466813,-0.3015414752575746,1.8979957946183879,1.1165814483893985,3.206319234627042,2.0189713929488735,0.5613546909338574,1.0,GHD
75,0,2,-0.03843899995035122,3.2874047146899597,0,1,0,1,0,0,1,0.5956772778771191,0.6655010584709922,0.19613657105727866,0.7902650775072295,0.8523276844778782,0.5712975082183843,0.6316948075051803,0.36666653354593454,0.4613068020941916,0.017193003792699516,1.2127053824867524,-0.0841332639693148,0.7763006832617263,0.06472319717821672,0.24789563816775098,1.3808159270861957,0.6170256122638291,0.6184840965321227,0.41694980252721114,0.5734098361034862,0.0713418290123869,0.479451561950833,1.0703529277474815,-0.13589965162899503,0.272426908351376,0.8072809667159362,0.38113055279508284,0.7001527889795479,0.7558947741622045,0.2799642816918198,0.39087398748073354,0.2873670181664252,0.2847919335528773,0.9027116697492459,0.19273837004445915,0.12146336824986428,0.2845199221335916,0.62775122923189,-1.2640467521493213,-0.1124622611635135,0.5663558104114309,-1.430733208987465,0.3114131776807552,-0.7244015496180427,0.19434209265743582,0.6593455449946053,-0.20268191344437295,0.45099716284305397,0.2824042383493184,0.34122466954485525,-0.2913818150817871,-0.9040072821420433,-0.9913814331060877,0.21750974306063361,0.09168360893047071,-0.6657481564896613,-1.3005005335953068,0.7974806428621263,-0.018023445873302714,-0.13240079314636527,0.6542610927150474,0.9045975580178846,0.007496308828352593,-0.18237977329379423,1.150455435691811,-1024,1.0825902876379188,0.265999733938148,0.36085681272802284,-1.0035258759869754,-0.4073366120991623,0.09790391104218574,0.0017051012066094174,-0.32600086123163696,0.65210389374621,0.43091014726101906,-0.2837705970442019,0.18222982841940205,0.44924129161492005,0.3473368126129546,-0.07454084562403404,-0.16229621021750984,0.04960365766353784,-0.15666272082112292,-1.1347973978920864,-0.7600549547107602,0.30825513423499273,0.07664184688843181,-0.20132213809149355,-0.3610127448284531,0.08618078910695685,0.5533723204585403,-1.0779029999274596,-0.017568574041109033,-1.4751846632985859,-0.23301689981616802,1.4377677293508813,0.7107023870194636,0.5123520932301204,0.6833017623993362,-0.38560288678488724,-1.3521586102973324,0.276276867000669,0.41476759931150614,-0.06358767245655977,0.4651685689384249,0.24494905087762686,0.36640035715761093,-0.25101329276725326,0.1094164431897265,-0.3981527765288378,0.5116132528399644,0.14178731056609153,0.020450353895833044,0.48090590054825494,-0.9209677141211248,-0.3003202736325891,0.25797126900537415,-1.0449401462125498,0.5695085402145963,0.5088112819363452,-0.36520903617708206,0.1064184327178785,-0.0031139622493540895,0.4574166079781199,-0.3905106057127522,0.8055602226476756,0.5550509048894504,0.0,GHD
82,1,1,-0.4145441821750026,-0.01527577132342892,1,0,0,2,1,0,0,0.4616601365932984,0.7283170063164948,-0.6936993170307896,0.518204862492388,0.8277535046750246,0.5850420073180775,0.2510804612200041,0.8474702526453187,0.4837978165206504,0.17867641876873022,1.0754191826624946,0.22674983973717325,0.603922479986332,0.46681543586822066,0.7935234269752867,0.9986518898537817,0.8748035318250548,0.6890572631783911,0.6657761643817466,0.4635977588181868,0.07252297345786723,-0.6452276140242621,0.7816708218391136,-0.8413822159491368,-0.38253610661295057,0.8209674048494052,0.3385874119949924,0.7586373978101874,0.5379765725837681,0.9109465633654802,-0.8377456368068849,0.017670304154754592,0.2549141619182962,0.3621068926499321,-0.5778101842761615,0.528724034746136,0.8630390144212754,0.7348637281802627,-1.1601632941816038,0.18795973861018267,0.6380412634115008,-1.4665075137312635,-0.6171623271770108,0.3939705227738142,-0.9051255281559272,1.025050880151332,-0.6174885612659482,0.7673293233283843,0.07609471837370076,-1.0404183480964735,-0.3390326772091854,-0.38688494605802576,-0.1461021299937715,0.7922657502016813,0.6582422658612993,-0.6437841287377756,-0.6035929562557708,0.7462196040384487,-1.0865116964700696,0.49555197250023614,0.579252610259434,0.9034643978988575,0.14393811128793618,-0.3395259233335246,0.7758124067807775,-1024,0.5577954868399971,-1.040566794502584,0.8794422115395357,-0.4528396981126909,0.020025006645556866,0.10035529040659893,0.0017051012066094174,-0.08499054946595754,0.29817456738675097,0.14274261741047475,-0.12503738889488675,0.43073670578353346,-0.10430236367487868,0.7495053371047805,0.41781960717292665,0.19429443217335188,0.07937344880744764,0.18761023345680067,0.18507248777377686,-0.13346059664722928,0.0988714973015433,0.07664184688843181,0.41474873634053205,-0.33660174818792993,-0.036053422182886694,0.9293242271525405,-0.2745054289066429,-0.9094116405363128,-0.35447419474206593,-0.9252636857876193,0.5885331409065635,0.5530783478659198,0.9980400878209252,0.46088376169466516,-0.05330720339502835,-0.8710904268278866,0.18017100881783682,0.8546891141443496,0.46651642047593417,-1.0222301659624276,-0.9472214353576227,0.4645669781234331,0.5005974133569595,-0.12428490916233009,0.07217593401270558,0.80949041996529,-1.2386164658405416,0.14798357921620564,-0.3140699758430109,-0.6041233220339789,0.3484017751122685,1.1566984739017994,-0.14001903344790928,0.9371638735753959,0.6463487181572682,-0.24657374462635684,0.5516938534156713,0.9338792545708985,1.3843215332376926,-0.38927201834804714,0.271496258021085,0.5676374401921671,1.0,GHD
87,0,1,0.7165990636426424,-0.2024302893657874,0,1,0,0,0,1,0,0.30039317760242507,0.5837933264347906,-0.35149366393431136,0.23223576654433686,0.5680592605688631,0.514563245398201,-0.0339576050180813,0.540750399454208,0.33892366852786093,-0.21900810882662358,0.9895697222217278,0.15076428399030842,0.3094548257339893,0.05785880534031073,0.4546332054980304,0.8711768892854477,0.5929080790282062,0.36269575802088355,0.4986655464767956,0.27200861339519733,0.0721879270227908,-0.48741599069931185,0.5021479587051343,-0.6699450724728012,-0.10664886437867718,0.6149746548950162,0.36245353230816757,0.6124336200317804,0.3052177221712672,0.5839258895454393,-0.8485141560646223,0.16169041421355573,0.357176311908057,0.522098247677209,-0.3494766561462128,0.49047380662978146,0.49580089624597057,0.4702486164614849,-1.4905502150525098,-0.023049026225950217,0.36372155651532995,-1.0556415224417743,-0.2719005388418128,0.13521758224817101,-0.7589689630528259,0.6663327531803696,-1.047059628485775,0.4324814957438195,0.2463987900289829,-0.6375368307824262,-0.3415501547487501,-0.7932331195584684,-0.18707646120757357,0.7065894093814621,0.5766397805935447,-0.5864812003797055,-0.5073562410474122,0.5613175242255427,-1.131306778687414,-0.0840862818079644,0.07426892920735093,0.5041481473045224,0.13794590607549306,-0.3312874821000309,0.6072283795870973,-1024,0.27847998731577095,-0.523728436817015,0.4481404065497369,-0.22500012259179983,-0.31345077247841213,0.09419326826694391,0.0017051012066094174,0.08591977916380629,0.36366628797886313,0.263957740984378,0.69209878180196,0.4397059302393602,0.11902632263637782,-0.38828410951330306,0.30671867143890963,0.21445062463148243,0.06272827540529136,0.029009668437077127,-0.1416467559222848,-0.5250533855843433,0.2441737545532758,0.07664184688843181,0.5530288384254041,-0.3102509362894007,0.04325498878748996,0.5656611927563483,-0.32192318700654776,-0.49599383012528725,-0.5467703698079172,-0.7965302894524181,0.2899458257804365,0.150558690930199,1.0026920370878565,0.4038115608179412,0.17721634063108896,-0.8140317749594952,0.1912795672770186,0.3913874377033596,0.38438475336798794,-0.3361170719033528,-0.4414590634701344,0.5733461115714642,0.27076138763910024,0.003373498637649125,-0.15729603209424317,0.2876172208116506,-0.8256373409685744,0.11892998945367748,-0.1894615572315607,-0.977596094899586,-0.33340471817826717,0.8332189380876046,0.263396737002848,0.49062584359996714,0.21460662437268868,0.5023544387314322,0.4754801593898766,-0.33590855867200814,0.8330500132991179,0.2311283266425626,0.5145224055839459,0.5360119051841583,1.0,GHD
93,1,0,0.2395199224859326,-5.810079711505102,1,0,0,0,0,0,1,-0.2053382323631174,0.16284595959587922,0.0323519225507319,-0.46930450206362023,-0.008500659648461965,0.32539177654675244,-0.5105530343125213,0.45119494732945203,-0.029039049805115066,-0.3933296054373879,0.6448976039161721,-0.17542604305004628,-0.09482906565429548,-0.012674502550848529,0.12929445736286907,0.3476472864860361,0.6335285420767761,0.29616062614569894,-0.011966292870012862,-0.3022721964843328,0.07153746138280292,0.3165959724003205,-0.22460924775418187,-0.2833002546196832,-0.12353254936809965,0.012355924274626357,0.04948463342491216,0.12931099209085264,-0.4183381310772692,-0.0642582007424734,-0.27955255283468045,0.37230540856338606,0.4787578900625132,0.7252265904997044,-0.21578606110038212,0.36096313515995254,0.8060074352858432,-0.10589966531804071,-0.5050411887125883,-0.29002661917508826,-0.15637743054198017,-0.27448081706541644,0.01727771017951855,1.255796665082914,-0.5933370997904421,-0.03069079419169368,-0.2759700864259981,0.4916306951761604,-0.12326186479655266,-0.2788181372478457,0.7520482824100166,-0.4920962771607307,0.6579194883701569,0.6337284400146432,0.6753753718796455,-0.2738744644846933,-0.005790525295429983,0.810015907530558,-0.40157243176044144,1.0447234424045129,-1.0638765864768989,0.35976255270713325,0.08628356595789277,0.7712158706921886,0.21964540627169446,-1024,-0.29632985046548066,-0.4720467986411895,0.8996914501293424,0.16838732458279224,-0.6350342917142597,0.09913181813882194,0.0017051012066094174,0.5352307528708552,-1.0464963422480427,0.4242879866427286,2.0433134520305583,0.4806965136008588,0.16719199357727765,0.5362375897905577,0.12849654685246745,0.6968950574265245,0.06793897127466889,1.0115284130945252,1.2389459349571386,-0.7677935309330635,0.6250178608002631,0.07664184688843181,0.14160704185239084,0.21468201189809327,0.06455682149819916,1.0596994239065791,0.4465826105674905,-0.2279033582261014,1.1874963284062265,-0.40538549934839146,0.20441415605123156,-0.2528261425324607,0.0022389405147583623,0.9298466804772972,1.0910671254521416,0.6353871862334811,0.2873533803842739,0.4062770195417675,0.5373450178160223,0.2011646566780984,-0.38201112658717157,0.10603707405363877,0.4110043836144316,0.09708717951699157,-0.7010500367660291,0.24950625324554004,-0.8049963071757057,0.08603853196809601,0.20410507160946553,-0.1762604709712553,0.9117778856119986,1.2571568931435104,0.3163527664259418,0.9049890756404061,0.49854401346320343,1.7361481232983402,0.1434219510842847,1.1795469574846418,1.0740755374828304,1.4708307081566425,0.1555052297846545,0.5613546909338574,0.0,GHD
94,0,1,-0.3397327273170021,-0.025355084546062924,0,1,0,0,0,0,0,-0.6839239338857663,-0.47541441685835806,0.02485525208543873,-0.5657552587358026,-0.27545926358092454,-0.13939748232260527,-0.5086104746192814,-1.1179066045991148,-1.00831446936004,-0.5876056891205461,0.07320703826895386,-0.7613522180563346,-0.2697596544849495,-0.37722885603496303,-1.2700669362360968,-0.17584291856159628,-0.14459791834452992,-0.398323764709867,-1.0744075903188068,-0.6042294015114489,0.0735614042243526,-0.9050280419187637,-0.2857363001497675,-0.7856554957779933,0.3927573675158442,-0.15474940610660318,0.39687605067113174,-1.0532138679676148,-0.42865222894770977,-1.4981069402921918,-0.02893176282676586,-0.5574463829594014,-0.5609902728713777,0.864281553637408,0.5684289653586528,-0.17633588274169057,-0.8303013705085823,-0.6304302613643498,0.16324098456101585,-1.3180053026202676,-0.6320019150089107,-0.7529052509565946,0.06046721653755493,-1.4604658781052469,0.2852649473498762,-0.7333351555685684,0.1378854489141865,-1.2962267520102844,0.8463760982785713,0.11914816105553239,0.13034513516763507,-0.4054501793972747,-1.4803040747733143,-0.23804781118986934,-1.1259927076225762,-0.406999410060724,-1.0714463212773129,0.7160752551078635,0.4482874650733659,-0.45206117725849104,-0.44109642068914046,0.2861337231276741,0.16623698379327517,0.4629023769901007,-0.22082341293836788,-1024,0.1257900240508615,0.6653938698536178,-0.02751639585593652,-0.7027881573008649,-1.3655619090159166,-0.1558706373204145,0.0017051012066094174,0.1215437565903454,0.7659275958835594,-1.6246698791134369,-0.7599092659916086,-0.6231835346578543,0.6664101232483128,0.48776656295992527,0.11212332895063733,0.21052804545399656,0.03791086780445167,-0.28259870065356424,-1.6664115132291668,-0.881821832323694,-1.2239636720716303,0.07664184688843181,-0.48609321033203995,-0.3168861968552087,0.03999846375754595,0.5942003536641248,-1.4855139991720647,0.1849550543232404,-1.248509051616658,-0.8053163749934632,0.6094068169145064,-0.35177292701665663,-1.2455770628452987,0.9300655684915482,-0.3881909670489594,-0.5770386322293471,-0.432960979191709,-0.9658175661792774,-1.0314543852805518,-0.24225760383059433,0.7948454238057102,0.5657737947184773,-0.7396449419875972,-0.023061839788264007,-0.9131968366735203,-0.5127899385870371,0.8021044708683681,0.11061613941275567,1.0930562073895798,-0.31819255907633576,-0.24641352632869756,-1.1347628005238803,-1.2759570864346128,0.5112603925519854,0.08455362514680045,-0.7372898538587428,-1.1412961307624687,-0.18461523756478526,-0.8169196882342762,-0.38622334150425636,0.3462467796906623,-0.7114684702848965,1.0,GHD
97,1,1,0.8219883432789918,-0.2840935362991013,1,0,0,2,1,0,1,-0.012717550065601107,0.42612190247380416,-0.08076961583996312,0.08932954134523119,0.6337971234129874,-2.23247291098197,-0.48570619989443564,0.04267797663687077,0.6443109955571085,-0.3252957935333579,0.932062627149301,0.18973710636823896,0.013167683805245465,0.12998942860216406,-0.15098768036798152,0.6185011328408389,0.6205543268081345,0.2201762513499477,0.10971949031055557,-0.24292593901167192,0.07199184499092265,-0.6851515852494439,-0.17782675508128512,-0.7548749319318495,0.2374075891205089,0.6466239166440282,0.3864960267443159,0.15256578525396988,0.14260172543141914,0.189291092430202,0.050496319141907345,0.048014085311956764,0.2347596624297421,0.673593436972168,0.13151568553484244,0.4322060277342405,-0.23025133400446485,0.0726338408552327,-1.1209802187660067,-0.8812404031148171,0.07989197785513386,-1.0760689820350333,0.026502733278176097,-0.4798863398912731,0.027649872272461278,0.2645910459088431,-1.7885692207583503,-0.10267746152985616,0.4756291336461992,0.08012667065311091,-0.17202653350127262,-0.7120578496251669,0.1563198052432194,0.9061862904519669,0.06008036745071504,-0.29620129571616866,-0.9218400741813053,0.6852851673514087,-1.3940209121511302,0.15312391512981513,-0.25469094351912697,0.4697757423145454,0.04391948008392895,-0.013712841327829864,0.2629389917535475,-1024,0.10626515788240438,0.12508300332622085,-0.09092734706253161,-0.17491535942224556,-1.1875487245572696,-0.05643439932110459,0.0017051012066094174,0.5807382197795805,0.6716054643095356,0.263957740984378,0.5202496345490755,0.260017322826059,0.2997055794099899,-0.7469192331699395,0.41394698553312276,0.19689100518254574,0.047031572258011745,-0.11966944887483019,-0.8708357435645686,-0.9936720426183877,-0.09913415270794085,0.07664184688843181,0.8971009017166762,-0.13665582416167518,0.04325498878748996,0.19196580730838395,-0.023750839176687112,-0.2244147733770203,-0.9648620447849922,-0.8454440441381801,0.2137613233149197,-0.10007587965548947,0.5459821701303593,0.3727065941091411,0.19788773807978707,-0.7733554488337345,0.18549571514198765,-0.10286983689601488,-0.20756036888444468,-0.05675546144097554,0.14585809006090567,0.33647459371396254,-0.38646094397132547,0.02811461498785927,-0.6349152493226711,-0.0044796427745417014,0.16998709554865812,0.041859772481515456,0.12635356914413787,-0.9187870429548688,-0.02261761688883674,-0.5929835747977348,-1.0486492276900703,0.4048061447794599,-0.10757052058498699,0.3243059457331025,0.21368813361120423,-1.0244844408476022,-0.37692946338647854,0.24010653889449507,0.13423805495608496,-0.22366556746741192,1.0,GHD
100,0,1,-1.7706998090078236,-0.37752972400364343,1,0,0,0,0,0,0,0.49220500815580953,0.6651205662766804,0.10054963803933267,0.5600287537480969,0.752469064213444,0.577609224253811,0.15132536233864788,0.43491054142748636,0.4815251561475388,0.03041757412358706,0.8928260579186438,-0.024166613861910883,0.3665729625297732,0.19884749768016932,0.24856744745315434,0.8873810683397177,0.3397334286203212,0.21260246040014602,0.5809202414652854,0.8343150183941137,0.07156328915707824,-0.20723836128204215,0.9087633128245389,-0.531787675970518,0.13767274926921413,0.7942424632448343,0.15241222934717907,0.7164098005958971,0.619850004864282,0.6724658882994166,0.06800459089297739,0.16993752829107772,0.2722865057497476,0.3697662539115838,0.21577929871045212,0.33769408887011565,-0.109757356276032,0.5962165607186342,-1.0763618414205505,-0.6601076057963332,0.46882593467267186,-1.5040965875579158,0.0078031056967415935,-0.7145981683006728,-0.35911699631926686,0.7552257575057173,-1.0790333442912143,0.20763078788768108,0.035216321761794823,0.25118896340888835,-0.9250855999340509,-0.9670279856329695,-0.10914371431376368,-0.3553253900541732,-0.35134789782452563,-0.6571416639367399,-1.3095365734005513,0.27869088790237495,-1.1481390351300327,0.4624222595697014,0.6250298385381009,0.388488178358378,0.0319025194678904,-0.6706059858355481,0.6187144221425112,-1024,0.6363668275902222,-0.11140709322013828,-0.3733529028468781,-0.6963408546621485,-1.0620944216682182,0.0966715380277274,0.0017051012066094174,-0.6430004641899636,0.590426657964486,0.3286335167628166,-0.15974680264591132,0.2244299626970576,0.16848973836131517,-0.7609825794886486,0.15649343040031102,-0.40165436835330476,0.0537347980637019,-0.6872885817016311,-1.1235181040784752,-1.279148750475854,0.14727245824854363,0.07664184688843181,-0.3777697929403113,-0.365902182916736,0.04959932771493699,-0.2866234993072726,-0.2413929014755075,-0.2589711148146641,-1.472581264451991,-0.6396439987134867,0.7253357604308205,0.31620038723149074,0.480356522382187,-0.1340709939139911,-0.38861953283821205,-1.4308505423662659,0.23702541057333082,0.036527965513262234,-0.5636498283589282,-0.10621126100377756,0.05100791441826512,0.3884018142584135,-0.03784125446554007,0.03950200040225662,0.06608388954604334,-0.1614223846910325,-0.3684346693836182,0.021544794147357584,-0.3844996377981488,-0.509910166492951,0.30282203391021434,0.4123728303138188,-1.204228730486031,0.12244523136769518,-0.315769882741764,-0.28036606920275114,0.33830667462914293,-0.8653212166790727,0.2319022300549816,-0.39171827498332035,0.27784140442684235,0.5487259406902923,0.0,GHD
101,1,1,1.0239268176810512,-0.27456088430139974,1,0,0,1,1,0,0,-0.37872099961547545,-1.1558388002985762,-0.4052114024185766,-0.7831011324685595,-1.7322052974264641,-2.23247291098197,-0.10579253000275324,0.1931121793313895,0.4354210322481679,-0.20019378682244404,-2.3093904900449385,-0.1712035907478065,-1.1035821124061929,-1.06006251463161,0.38280102771659213,-1.8906798879844497,-1.7194075630084702,-1.0732741699108128,0.2846091601519965,0.6790538318390135,0.07234755589354208,-0.5831118547765755,0.12467022298571807,-0.7754890162985174,-0.2874055817893571,-1.4136225041643127,-0.31317741260329707,0.24461669341232628,-0.5414777129765589,0.3480057769176835,-1.1516132129855756,-0.03855416528829914,0.09420005653459056,-2.275552816882924,-0.1045486745294535,0.36327021592310754,-0.5651396042701218,-0.05544908869124608,0.037105920946384936,0.6321295383648613,-0.31713292665664733,-0.16693330718196214,-0.48231776609915306,0.3017895595188612,-1.2563509501043535,0.1435796649920084,0.8883424414022082,0.11507950852143635,-0.36829606627904604,-0.8272343706094529,-1.3597472214282926,-0.18522842555429794,0.5359586292896112,-1.4835163643052975,-0.6078971311076523,-0.26534092269340553,-0.23347067089343435,-2.4794159231641655,0.529610168955176,-1.0439695944251874,0.050589549605455066,-2.3153151768399067,0.1564329642350345,-1.483672717363701,-1.602993956083383,-1024,-1.1203675587469657,-1.1555287174582227,-1.6058619895699011,-0.2601671046306332,0.4544907544349112,-0.22604716359736673,0.0017051012066094174,-0.6218732613335091,0.4034530151133718,0.10140189019909751,-0.02352192528575746,0.21082115358823736,-0.16896986450034784,-0.6388360157605474,0.21637023930028532,-1.602036523564067,0.08078988725579492,-1.2834958167011306,0.08129484460417,0.3293752012690131,-0.05589325616323309,0.07664184688843181,-0.3837658156618776,-0.36420333222128015,-0.021808822247404047,-2.0562389828190994,0.3990723034219501,-0.8698350406432914,-0.040486630068067644,-0.8723633917588662,-1.4746518766006314,-0.8673456677776136,0.11621845522930226,-2.500775168951852,-0.39558790751751277,-0.29568379973736425,0.16442087530598326,-0.3763691588808168,-0.9090690749061185,-1.0413105490171437,-0.754054676032579,0.4237186785101231,0.8706822738960271,-0.1280184375256804,1.4821700127639834,-0.9952309122940741,-1.253622004122134,0.12961315307022594,-1.9502265164043804,-0.030349551083658294,-1.3813176598286105,-1.1558820764639672,-0.24172523087262865,-2.6023364063232974,-1.6261188416552839,-0.14561540968326359,0.6147301747280055,-0.41980989690148657,-1.5758920727001127,-0.3936090091493589,-1.914517504188561,-1.0494293157351826,1.0,GHD
103,1,1,1.1209732323509736,2.5225671559243157,1,0,0,1,1,0,1,-1.6775873195815796,-1.4344507371944875,-2.6020059478727955,-0.8431543889391765,-0.455299968987917,-0.07672184403299839,-1.3146668062592952,-0.7172986052025718,-0.80669202580153,-1.6539866162129644,0.05632489104717572,-1.6725758069700674,-1.0857707782423485,-1.455578089341943,-1.4981475097722774,-0.28476537524471396,-0.9978080134415429,-1.3942537498388206,-1.4408252469895662,-0.157302438971257,0.07337699293005688,-0.5702558323415196,0.6910772359549308,-0.3907096706850858,-1.607267064287226,0.5349194737288714,-1.3122982016455977,-0.2397525545498652,0.16401299081239923,-0.9963736544938144,-0.44110882330568624,-2.1827348347224946,-2.7771456720201866,0.7996253964385721,-1.649394736179379,-2.676935595807345,-1.366532420148402,-0.8846303544726875,-1.4115950563188187,-1.3178318339063329,-1.1006000077803268,-0.9614708338833107,-2.520396688816772,-1.040996124202641,0.4259844647509908,-0.8752486387227482,-1.4759679403205612,-0.8563428941971075,-0.3610788172482181,-0.6486157508589224,-0.5990881804983974,-1.718204474936832,-2.2675047892422038,-1.6983573261130074,-1.2531250018647497,-0.6764489241121173,-1.5262193080335011,0.4440721862321276,-0.8348908312826899,-1.1416056921810667,0.4118995289993747,0.5449467671063949,0.22334380032130688,-0.8353461443898819,-0.9073388184179851,-1024,-0.3087036979701877,0.4913596479124212,-0.6828551186122851,-1.3039656759489875,-1.8229723377874136,-3.072702977221667,-2.697602087984575,-0.6569391424961735,0.16168197476022883,-1.1458614554656004,-1.760207303004181,-2.6340403777607273,0.497922760055474,-1.0435969413545763,-2.0691392393217987,-1.2618873908937729,0.15853863032988405,-0.9836812384143895,-1.4101334860148478,-2.0077400871310007,-0.9019730271484789,0.19503490608130386,-1.880820904343296,-0.369041166829099,-0.4465879872037835,-0.34361075463141044,-2.248285491432882,-2.3164963681360886,-1.547470491147479,0.019834569383241987,-0.4014282580922387,-0.4955564100143066,-0.4580149117523184,0.31967541228040397,-1.2045603167868255,-1.1425203251148137,-0.5942860771459637,-1.1223168812426378,-1.3717550542507224,-2.716706085734124,-0.7108259196940253,0.4727100574075183,-0.8039834760436793,0.004764808737461898,-0.9011861313849099,-1.0312427488491394,1.0427973556162122,0.14921569717202984,0.12877984871739945,-1.512085501780436,-1.2394984367252777,-1.2935285237474845,-1.5954686050811222,-0.2637111335017643,-1.1158571181615777,-1.6472895403285548,-1.0774361381392294,-1.3442212231163242,-1.2253417811319147,-1.1933034737647699,-0.26176306444443725,-3.478435475354564,1.0,GHD
111,1,1,1.1656848511472346,-0.1681003102372091,0,1,0,1,0,0,0,-0.27758476095165907,0.2127841520639969,-0.6963821856398857,-1.1168379261509942,-0.5096252814486537,0.25611249691189614,-0.35621439218800927,-1.8890864636556934,-0.17800315915010437,0.5746638496637964,0.42447385562049894,1.8671267395212379,0.24435726509256708,1.1877306710936295,0.059541465183266445,-0.047977484455733035,1.625515197794833,1.230858612529483,-0.009406931303507622,-2.457465080267155,0.07274126220260595,-1.3952355569604933,-2.716647711108873,-1.0225142403744711,0.06675209093804207,-0.48924649215964355,1.024721948787817,-1.679781045081992,-1.0604671384580355,0.1669330497901132,-2.049157260563739,0.1393761613974975,0.6330204234955982,0.6114911862356914,-0.3937258762487927,1.2794095272058712,0.05329160118985607,-1.1244968524288574,0.9953997180699673,-1.0690138951306374,0.399170853752851,1.2146882995488917,-0.02919839302730449,-1.643425070912146,-1.656597002222432,0.025150618040548304,-0.1667446247220158,0.16914624322628455,1.171460302520722,-2.518076820486817,2.6884840159955874,1.842315786666814,0.4222472001867975,1.9657092513977035,-0.8825736680450098,3.289643764414972,1.8303774921366953,0.6117936755622994,-0.7171104814945848,-0.14102884260266793,-1.9031129994288833,-0.24376270202228476,0.24133083049793835,2.271243964607853,-0.08647613716687222,-1024,-0.829960660433013,-0.8464155413112863,0.49497976268185206,3.1096756729444506,0.1188770561215483,0.0982136039330497,0.0017051012066094174,3.324421479316651,0.5927821640327576,0.46753750396646926,0.8779212605788252,1.2711990150486407,-0.7733836191947945,1.49564882895986,2.217035695272152,2.370501267554682,0.10393368957666452,2.483009825304842,-0.28045531567784265,1.1067991258153862,0.5494797836718708,0.07675480546309033,0.7942826381434667,4.278325546949402,0.2199707941322281,1.0077346526930027,1.9356901616933766,-0.0920332704174685,0.8198804291072702,-1.1480655773769375,0.029282821525021343,-0.22249539430242876,0.07661003731176431,0.7238330217712754,3.4969665459573487,1.7142898789587557,0.33265264734863204,0.9594150584580666,0.7902955820218749,-0.4472486439965277,0.006002228374464552,0.2951979601641198,2.1418392165449553,0.17364688700853928,-0.7268734423746607,2.850071160614751,-1.2479524635477401,0.24459874369453508,1.4393214712576439,1.3772182946543776,1.2198942816426221,0.020716188054919333,0.9346581334889152,1.139105384229959,2.5600554857454956,2.4286798794636315,0.24990490291287432,1.5054736564342186,1.0230688438500326,3.197666652610364,1.575708112363005,0.5613546909338574,1.0,GHD
118,1,0,0.1406742869483419,1.7299989658152857,1,0,0,1,0,0,0,0.10319574129747312,0.5264038879702423,0.11097102297221693,0.2714893994346173,0.792303980767907,0.49937089598043805,-0.32778694819363924,0.04389889085510778,0.49639465776216846,-0.4322056101936671,1.0442128846173118,-0.36321599746776534,0.16644554344734294,-0.010653501147001265,-0.5334340791462271,0.7733421100567283,0.49492190010677023,0.10709975942572482,0.0922838312126687,0.35503742302924346,0.07194931224922445,-0.6842693588073333,0.5567222898242042,-0.6904942044051829,0.38871780597577854,0.7814749835217804,0.27159876731231664,0.360854197291041,0.30085779823802933,0.10190593907587768,0.34162012704493233,0.004635266217322978,0.12942357577309366,0.72467693536459,0.491081251704508,0.32676635342575305,-0.5702173880259627,0.17609046411055482,-1.273608204576159,-0.8167042617932538,0.09011025798376227,-0.8912691119265272,0.23562556976787907,-0.5501143238386204,0.37273273935528894,0.30389405693648786,-1.7448770140125809,-0.361900810669225,0.32789758775651223,0.379834701111553,-0.02787179038721861,-1.1910400098123928,-0.3196341629052939,-0.2045079186463808,0.035784607459363224,-0.613450309636523,-0.6617145793033342,0.9012047922600923,-1.3262895073151988,-0.3858363703660593,0.2622712027551063,0.9435825931622829,0.05598872092518717,-0.2257858229051462,0.6067108527166318,-1024,0.5741927148386429,0.4343044894490374,-0.2674630260626462,-0.49340768714388805,-1.2125510144092992,0.09790391104218574,0.0017051012066094174,-0.21191589107720266,0.7364464140278709,0.2514818227569255,-0.4365524576618473,0.175862915507015,0.18293213691713137,-0.5335835825475131,0.4343660455394839,-0.10883439339590721,0.04562026020494453,0.05323486788629325,-0.8096573561715075,-1.2654863147294315,-0.23794323046511062,0.07664184688843181,-0.49603151092101727,-0.3488385650788326,0.07297286619097412,0.13464305746257407,-0.476825583266038,-0.05752578879623126,-0.7461136010582824,-0.796647479585084,1.1680904347563654,0.08009480137407263,-0.043829623088139945,0.5040329566880369,-0.38929139714571176,-0.6450854441606815,0.14818758828902334,-0.324073819497437,-0.021853678833174787,0.31281907843673545,0.49299579446740954,0.5448951436382806,-0.40759973529301297,0.12449200863551335,-0.8190172330775536,-0.1490151780504508,0.5672646795880377,0.03887465583539736,0.5753237386000892,-1.1257902183664452,-0.5318613382548,0.5836956858223551,-0.6630941979127501,0.6170680080326543,0.16990961383202255,-0.4906903453360768,-0.2615272368115225,-0.7776470900334578,0.5046670494403549,-0.3917537026945805,0.769520395854802,0.5550509048894504,0.0,GHD
121,0,2,-0.4270078568310417,-0.07695323778150662,1,0,0,2,0,1,0,0.2062825741288859,0.6221451226088828,0.0225117779099731,0.05396316147289181,0.5566341149533878,0.45845340891596115,-0.2208002383501131,0.34264536473383717,0.22815430825388625,-0.1856431536312608,0.9369492946075257,0.006002022792984279,0.2729717343156939,0.2460949172828341,0.25196210768153254,0.6605469695169787,0.6767403268348122,0.314064612556967,0.2862196484438329,0.10344784672870352,0.07159306378850358,0.32315146977794484,0.25607248922642734,-0.21099025030448265,-0.10176522294051676,0.45797071585006777,0.036119769190663814,0.43709536545316613,-0.00699896444710634,0.38608652177338565,-0.17460208907403452,0.44771451736899476,0.5130190715677222,0.5444592213907704,-0.28688719985127814,0.5126026334845354,0.3621028609243818,0.28422611232654893,-0.5808692052848807,0.05382524051462479,0.226541696687776,-1.1560160316577517,0.023781859799813197,-0.008972475296555834,-0.5082021747338726,0.47756671748930957,-0.9647386404807836,0.5218269205915002,-0.08932432951446746,-0.2169268692116992,-0.17381700324034166,-0.105664590646346,0.2673977405835721,0.68457088659976,0.2496294596241992,-0.5887572095487481,-0.4423440390803202,0.660692863998546,-0.9951588163155376,0.9069488802229801,0.19209963146823517,0.411171406917845,0.07883086647998455,0.013139902677521713,0.4813429689822422,-1024,0.3940092371527529,-0.4161647097708866,0.3304060722650894,-0.22469508264799862,-0.20549432027974432,0.09044157316866025,0.0017051012066094174,0.2448592413500487,-0.8167745089932191,0.46753750396646926,-0.31092912058372396,0.6341297830311967,0.1235419234554776,-0.45233313941814207,0.5124865820712923,0.3224443895453825,0.0719527078024933,-0.007509822977628185,-0.2597302287904399,-0.329555709858252,0.7090885267027007,0.07664184688843181,0.29478001826458017,-0.3031579456445391,0.1099850668773189,0.5071870613489355,0.09231492394113508,-0.13253030526462076,-0.36266950882954285,-0.3303175979620501,0.9837747108176627,0.1464111057250687,0.5521292973263218,0.4766337337636101,-0.050648368598516645,-0.5150987437751062,0.3198533236726354,0.5687469253724073,0.07606195739411424,0.14098468952959853,-0.3705199308685175,0.321586084238811,0.39419309642992717,0.15535987303715723,-0.3640016821621072,0.7234544319786116,-0.7156592927455081,0.0890881032051535,0.22314144950096293,0.4880368556378641,0.7474001165233691,0.7371632786208044,0.11480035381961605,0.6898983016285112,0.671707085652064,-0.41202777157631726,0.2527603901848263,-0.5159028626172414,0.7967923728009779,-0.38680462284879946,0.15439791018979884,0.5167783982834359,0.0,GHD
122,1,1,-0.3397327273170021,1.7299989658152857,0,1,0,0,0,0,0,-0.7978958550316106,-0.6151433606975499,-0.20250457646774678,-0.7165450797201575,-0.4534437129924362,-0.011703061495687022,-0.9155745792730887,-0.8003463189690196,-0.8128804525775342,-0.867520588174935,-0.12906479351798772,-0.8495974441373375,-0.7616469455491,-0.7066268141208387,-0.8760142643897804,-0.39158346153327467,-0.309123741846797,-0.5538660193310888,-0.776048529420671,-0.34477978965355155,0.07281661657974524,-0.7353339978573632,-0.2078373356328386,-0.772315481817977,0.26658691326982964,-0.3514716082821699,0.33519906622384743,-0.3916881147744412,-0.6011986075900899,-0.977300033770476,-0.024850843358022293,-0.32870544010179364,-0.4389696461394905,0.4265284500044124,0.35632043347944437,-0.06830615390873382,-0.6105611011326672,-0.6515460661041061,-0.36732030878611893,-0.41266519927789896,-0.8500889970640579,-0.4304851556124105,-0.005856929131434841,-1.1468469488011788,0.36093407317988,-0.7348301470235699,-0.9682628021029196,-0.22640790249968504,0.3977639438846695,-0.20667586778405728,0.08679800313158019,-0.5173887507855169,-0.3316269248853786,-0.42426380403972513,-0.6435419359102791,-0.44180622949401155,-0.806036000023072,0.2560214897048223,-0.34646471364218623,-0.36884398096039006,-0.4598235709444928,0.30040048018554566,0.08275740964707097,0.1532938575219551,-0.39093412364887276,-1024,-0.7136894228018527,0.3676652620408532,-0.5111743446069664,-0.49471629380856486,-0.7196537306645617,0.0083890167893881,0.0017051012066094174,0.0421483026348783,0.712710002322982,-1.154270222601964,-0.38113597026063606,-0.5805592304444122,0.1442398625731607,-1.0032255495611158,0.01633416339594728,-0.0874511533265682,0.04064655984802049,-0.27469610492585417,-1.525886570858032,-0.6039774873151004,-0.8921385827101753,0.07664184688843181,-0.7864083538726269,-0.33049327058557454,-0.031186032876722156,-0.10801159864168085,-0.49683799303874837,-0.12592896684137966,-1.2956528208440334,-0.8120673505570337,-0.5797047574427302,-0.5188961524916833,-0.6061874020993632,0.44092572015306636,-0.39422336354556153,-0.5902030104508199,-0.05816387379601803,-0.5164287980012461,-0.8160544033386338,-0.33317328831175397,0.2560099102143165,0.007413772664221901,-0.6761273510746129,-0.08485623983176907,-0.8727793838295272,-0.4126542849449985,0.7489325404348642,0.08639292571117241,0.5641815006080599,-0.49620281417154155,-0.6035177735347084,-0.8048578266083782,-0.8417188170230898,-0.1084082662519166,-0.13520943781000483,-0.4631995656135032,-0.1743433178020022,-1.3881041686851736,-0.6164530919032171,-0.3880877786650904,0.5959414736733158,0.1001433646482646,0.0,GHD
123,0,1,0.03453897115498383,0.09347465006670923,0,0,1,1,0,0,0,-1.2637131880840997,-1.159521053333476,0.05377753373165811,-1.3908383604941743,-1.2066603637414173,-0.21377261943626627,-1.431182330326237,-0.9844856876176903,-1.115720628117184,-1.7886343658288175,-0.6732751756152474,-1.7035993570319716,-1.4244631006361634,-1.7789182829547714,-1.1372684096263832,-0.970214460963317,-1.3689477526402163,-1.6311461655180424,-1.100358629605774,-0.4645877971462316,0.07260493508605914,-1.1005698226645415,-0.11897582463801261,-0.8919131176486227,0.48444282931406385,-0.9701560658226142,0.3729890280300486,-0.5542671386371324,-1.1524684898187287,-1.205228804764656,0.044066588912407535,-0.24433738358464102,-0.1480309081354042,0.6401033458276686,0.5460061536624773,0.14963477382062096,-1.0886316214966634,-1.1369379016821461,-1.1978763442460465,-1.535492860266994,-1.436510446428766,-0.42905754993520195,0.2785927351558165,-1.281466977168641,0.3901679233462175,-1.1814550564485924,-0.6465843416747816,-1.1560297002346145,0.7615343490271835,0.34334326228311013,-0.6097733866987416,-1.7696982537268167,-1.087828915020397,-1.4950221805538544,-1.3023601618938798,-0.6339133241093349,-1.2761625960447471,0.30600072410385987,0.006155324023181928,-1.1406045982013853,-0.41830694563081133,-0.3801123620847034,0.10142411227215832,-0.7251957275762461,-1.2600571516038455,-1024,-1.251212750960429,0.7406151503491708,-0.8876520146363907,-1.0517875438464503,-2.030523675815405,-0.18507963736005137,0.0017051012066094174,-0.702135507298346,0.7760560998902598,-0.27037990850558624,-1.8108382957203033,-0.2193226408985048,0.4269967155498284,-0.6913266904952368,0.2409300437257731,-1.0745162114115103,0.039573935151393264,-0.9255313932497555,-1.662031185804256,-1.9891908887564087,-0.6897918262533766,0.07664184688843181,-1.6767079947198096,-0.3665855454725414,0.07297286619097412,-0.5123342751474174,-1.1869453717310228,0.08618475396149994,-1.540354462244682,-0.9598942591762981,-0.822495944874399,-1.266886088837188,-0.7508212383999067,0.06550447065729631,-0.6967528940423062,-1.0162068988408088,-0.08885907436044366,-1.2473644124526004,-1.4255902667124274,0.21032434591294613,0.7365598297373429,0.3867791999181588,-0.6597571745064221,0.02910346082718858,-0.8721647666972492,-1.1506971468456495,0.9195310309095738,0.047981797500365984,0.05836467400802124,-1.8195553092658272,-1.2564809688280931,-1.081547481611828,-1.3902408257266365,0.08406212708350472,-1.0861267011653166,-1.6545559046464164,-0.6518002487411512,-1.2110670031164192,-1.3584790499125425,-1.1941664449920433,-0.10483687667409598,-0.8527582402737242,1.0,GHD
126,1,1,-0.025332591509152624,0.16213955908310929,1,0,0,2,0,0,1,-0.0957869339021358,0.2094803481615365,-0.32821766066464725,-0.3388890400593109,0.03947185566878892,0.4567619085683532,-0.4305376770811494,0.4142441167525789,0.4000371435015304,-0.5876979136855323,0.38504955686821773,-0.4297362526443106,-0.091491023900944,-0.3012324023305913,0.6200025512687645,0.11615376220308252,0.03764338964181595,-0.27271150337859884,0.14710804198376853,0.32896670602036576,0.07203916092164181,0.4248244732440597,0.7320852029482675,-0.3045128523464376,-0.35732132637758834,-0.005954025914182317,0.021193747762087847,0.46120337479241735,-0.35892062380361545,0.2614387502388844,-0.918082847965529,0.3552226972162887,0.4411288196025429,0.38012933554407335,-0.6345448632755782,0.3793344462911142,1.3547362241534435,0.09794004953387846,-1.0549578395067318,-0.09300544386769546,-0.05751947496293283,-0.840527763776579,-0.1960164919438359,0.15715313969338585,-0.8193210129573805,0.1692583992150014,-0.3035370005213805,0.6794192776748743,-0.16306950234123072,-1.0446148875529497,-0.5355339911087204,-0.7832775373073533,-1.0168171754387425,-0.14507714883082531,0.3748296162157251,-0.6301195013783646,-0.7460407546199219,0.6132330444107753,-0.67989072582034,0.030372660342178986,0.19401352571107144,0.8486381152258105,0.1431419882600491,-0.5652240575175422,-0.1100838959755953,-1024,-0.36471990257981357,-0.957967713512812,1.5427096371447413,-0.6752771783310046,-0.4110028727104998,-0.006301193199324911,0.0017051012066094174,-0.27307581251840785,-1.0640184422888042,0.36444448355733067,-0.21172679452766624,0.3053690433972105,0.05457884199426188,0.010326402878006206,-0.08465324971902848,-0.39256082695203376,0.07937344880744764,-0.317016829823726,-0.0991784554369504,-0.7637689795220753,0.6223842244306576,0.07664184688843181,-0.40791137038986364,-0.35556081532987877,0.02279107595480475,1.485784658408694,-1.1055600179870944,-0.46144238611115285,-0.5582459917269189,-0.4168211118513325,0.2797117531761574,-0.1126969161501541,0.8626756140406079,0.7343031069585075,-0.384115570255819,-0.9499380272918329,0.2601299078413484,0.6818782413829968,0.1925637121009296,-0.13407474943312297,-0.8345530718467367,0.3509230534428891,0.4541157628048064,-0.021026614581079087,-0.4350014374434934,0.278816285056432,-0.9718508309742534,0.14499851530752517,-0.2765744617413644,-0.3895343091615339,-0.19268457232698502,1.21665497999302,-0.4929041189117374,1.0851637932708402,0.29449752780563293,-0.3263573403111382,0.3499685406211969,0.1551438709391351,1.1154854401439378,-0.3914446292432798,-0.23904957821555126,0.02635342076716287,0.0,GHD
128,0,1,-0.3189445654129473,-0.39864136323227184,1,0,0,1,1,0,0,1.2229492390535215,1.522086412228576,2.6655716842878885,0.8930205792026094,1.2030017116418257,0.614927179169993,-0.02372060687779989,0.5501854616215092,0.6044515577433538,-0.6061738010667382,1.1983670679364602,-0.914409189687337,0.28460378214843346,-0.3978998448264793,0.11559456793942308,1.1473487534897664,0.32252080370448705,0.10186566480264253,1.084375328668809,0.7106254744513641,0.06183016537927149,0.07315954110379318,1.2949231355636233,-0.21777584943792594,2.474420197496191,0.08803616205870116,2.2965341524575327,0.9934065650672419,-0.1868045402133875,0.4868389745175272,0.8382703924802875,1.7539554814596994,2.0333404187497925,0.6961564013086367,2.501126788371554,2.222808249926126,0.26815938326861005,0.5124758918625316,-2.2036523681456095,-0.7646839469992655,0.3835514682404713,-2.026793365411622,2.6002195035261173,-0.4772393618871093,0.8736444818062162,0.5687337524038675,-1.9812827979788845,0.37485823530745366,1.8187381801857738,0.5196113301838754,-0.6462727944204646,-1.993964080765397,-0.8740127121505051,-0.8790464873029395,0.23120214623564941,-0.6745127229195725,-1.7015124923874727,0.6916084125489212,-1.5780128129754378,0.36282901322234,1.6583577801494576,0.8783449296870829,-0.0462759790031664,-0.7860673657198528,0.8194267644621425,-2048,0.46273827124179157,0.562208481361251,0.4543177273891861,-1.0335719468351194,-1.0474197214675287,2.8461117373748985,2.8265646844937784,-1.1228168953963023,1.3862446577269971,1.1333214984814834,-1.5158006984639865,1.3768139859303536,0.2832806173095443,-0.5664484794725008,1.4509290578469363,-0.2795238779620082,-0.22281519313197037,-0.15448311184563307,-0.7199902251250508,-1.9220728800392215,-0.14429942483574715,-0.1901508523752739,-0.6510610519017958,-0.37117105684576146,0.6996140928299358,0.6591841429074782,-0.9807895313233664,2.629806863894749,-1.476533815575932,-0.7860823707386401,1.6002249695474522,-0.4346284374647446,0.8213049993995344,0.6708265572269496,-1.2027115108001378,-1.6438553501373774,0.09583189544606828,0.2365964743597906,0.2881978167429748,2.1438001086809955,1.8420365647560544,-0.21077106501628234,-0.7364008035141628,0.07784057446962812,-0.5709626526873568,0.14995706825913346,0.9567976290962426,-0.004878286459364403,-0.02938149068103289,-1.9947844796778897,0.4687703212611129,0.1368121316343742,-1.6288992460236666,0.5073537316633494,-0.2596733140906691,-1.429036223328775,0.3187726141622082,-0.6152691358032314,0.29681605830297364,-1.1972372192882998,0.7478856918879551,1.8561709078616546,1.0,GHD
133,1,2,-0.5450151568365096,0.6534431098554706,0,1,0,1,0,0,0,-0.15746510334444194,-0.883615082551579,-0.2621753814811229,0.18668226280081499,-0.6991365672446596,0.21516496967789336,0.17223344307817592,-0.4006662934455695,-0.3219892904670241,0.27017516931355684,-1.7960178926095431,0.10124532430246362,-0.7331913648484786,-0.49960119630815475,-0.11924307145126445,-1.330998360364765,-1.1619266776775712,-0.5174980397366766,-0.3027757353982057,0.18741666873226687,0.07461222139927964,-1.3758061380252817,-0.2969917180905907,-1.3582469146891898,-0.48887559358131266,-0.408591440633496,-0.8174407784722361,-0.44997977214897283,0.41228698616842563,-0.26981078140341225,-0.44064750040359213,-1.5787415672023875,-1.312041883657224,-1.6413408648044707,-0.018396651320382026,-1.0455400204547536,-0.9246741912361743,-0.1543351367529868,0.7197095250847294,-0.026516004384894105,-0.26842433479273103,0.40842374274336934,-0.6679910547143559,-0.48575483184836726,0.031410737077718694,-0.3314524870730226,-0.2816986829809487,-0.8887995535814729,-0.5332671788854527,-0.13238266998145923,-0.8287031688567581,0.6183755269339758,0.3123022775149225,-0.6766542970997527,-0.4433083806024096,0.06042498349784691,0.11852253882522107,-1.7116225955770263,0.2658839804928742,-0.8108844226051299,-0.03938571769998346,-1.3732034035085436,0.20064962353031865,-0.6956201263657735,-0.9167722141303551,-1024,0.19431744747146024,0.44664311174964616,-1.673976205966147,-0.05741151243093965,0.15200030333094178,-0.3635200682815631,0.0017051012066094174,-0.2167492636741205,-0.2898639667986528,-1.859885918574624,-0.08996316782310758,-1.4117862634472456,-0.16414026776542584,-0.5082581584554825,-0.8519571641699835,-0.6851550681901648,0.03446598124356747,-0.8353516203075646,-0.47954081519051106,0.7041959327081987,-2.1844329894675285,0.07664184688843181,0.2917959559565667,-0.3522788559589786,-0.24251859951203483,-1.4879797698714452,0.13410340399726833,0.27496715875638444,0.048091395617496896,-0.7917936231877778,-0.7804491159055793,0.06155853054684149,-0.45796997279987667,-1.3686622694904773,-0.4023241268793593,0.2951772815155393,-0.672217168803201,-1.4884595822062847,-0.7835356050488438,-1.0685572415860414,0.0020070395169991114,0.37858499366586523,-0.9246906759233264,-0.3186853581460321,0.3795995696901509,-1.462953014248391,1.0021901149610197,0.16405473809202994,-0.42998013032044824,-0.055560385512508866,-1.1863912343264036,-1.4339333405761787,-0.3704990630156964,-1.890530079850882,-1.649116722905049,-0.24335297988558297,-0.08576964139127419,-0.608519208847109,-1.47168938566333,-0.3933724379078035,-1.5345462562504473,-1.696982155101636,1.0,GHD
136,0,1,-1.7750370337771018,0.6534431098554706,0,1,0,1,1,0,0,0.6333901032654715,-0.4627793141606443,0.42980365216138433,0.48250903138732254,-0.9032728819007139,0.5887944846770027,1.0251439204389208,0.6698656048534702,0.5036204701434965,0.51097425783573,-1.502041947494682,-0.2127787078047095,-0.2852034329430218,-0.687102166032814,0.6798827797919033,-0.5424677706073829,-1.2331797659067476,-0.18186624016823427,0.691679600567783,0.8187804843648908,0.07080893141631045,0.7798010485488286,1.1633928923718153,0.6276455149020259,-0.20574236698164852,-0.8899971687828645,-0.7223651186239075,0.6682950877715673,0.3979040102315535,0.7515152082458576,0.16407293284375982,0.5812444966543021,0.5631131991591457,-1.5293599378905298,-0.07856675975041733,0.14436532565458135,-0.11783341723085212,0.6408897128078008,-0.12647240735071338,0.16897568920956277,0.32866299224934004,-0.7024209163589263,0.19004526022013268,0.34822545564900265,-0.7333293105555917,0.7119882266448495,1.4077804342673128,0.12782563693270016,-0.9775816958438538,0.5112490652117415,-1.4941083044842716,-0.4319938209067195,-0.5670391128373647,-0.6262780898607757,-1.0702023626846073,-0.63957203013872,-0.9121148625998341,-1.2868160186431357,0.9955186457820914,-0.3905763023252058,1.7598395377129532,-1.1899279314160554,0.03909579238649971,-1.2151753119783666,-0.17995483999108694,-1024,0.5140658456743474,-0.3369604772241639,-0.8189051994193537,-1.0804261075550519,-0.11232183357878357,0.10035529040659893,0.0017051012066094174,-1.4088631610697775,-1.3759984311911202,0.554493355790077,-1.2271265292530176,0.6681337544100198,-0.16002991530267804,0.2154542303203576,0.008405943354758425,-1.2065962574002256,0.07972364988024119,-1.7986059613298266,0.12247625553258151,-0.5553577235904132,1.0172117122507183,0.07664184688843181,-0.429672067214439,-0.36045382144561905,0.1566440890942621,-1.0560846049036823,-0.6154845132444712,0.07187562077997754,-0.5619268237980098,0.5801938681733025,0.8053634123112566,0.23102671586657675,0.5262178905999377,-1.3888612543935754,-1.2118775667692085,-0.948587178053957,0.3914905351780388,-0.08174807364878488,-1.3154423854364379,0.5722809261085373,-0.30843105214509403,0.4453949179244735,0.9280134949593224,0.29278525557438756,1.2546076687085144,-0.3653342373569263,-1.0907947579146573,0.011989289116071321,-0.7348718306272702,0.18620997397816405,-0.5039132439322838,0.4248805550807404,-0.7220941344874149,-0.9811109166334169,-0.3241852828635177,-1.2155008059633554,0.5653154547834492,0.5291063741981998,-0.2243420178030579,-1.199849166852949,-0.8631497351154201,0.5676374401921671,0.0,GHD
139,1,1,1.159375761775466,1.7299989658152857,0,1,0,1,0,0,0,-0.7936053020916497,-1.5592903951159494,0.13854380221402077,-0.7418222726663194,-1.6517748784054336,-0.10215723238311986,-0.2622325098078567,-0.9541672496423295,-0.9486843851395365,-0.3738660239329769,-2.2571181443339565,-0.7275637333945545,-1.2421522652642583,-1.2159084783294998,-0.5983007955013301,-1.8631265483117716,-1.7745820847676694,-1.1638522054337808,-0.9171021552603862,-0.26823725950088156,0.07333957524812115,-0.9430556946088381,-0.41343998358670503,-0.8950338119372399,0.4209402248360024,-1.2973538181808009,-0.04330847287901637,-0.9031462019220621,-0.4613730492953282,-1.0617998891742053,0.35488257294987346,-0.41966712604843565,-0.4860870344769667,-1.4961051952682487,0.7577125479106601,-0.18490439177191823,-0.9779462644198222,-0.7244015594539078,0.5802361084863938,-1.1114796799409363,-0.9924129296974763,0.48092984652048637,0.13077114614700888,-0.6377965783986447,0.5931304971319179,-1.0310201070275478,0.7966469190888357,-0.8667860416008488,0.15018768555512443,0.6491949834700244,-0.7106882277835642,-0.34131717208806495,-0.1917665377705534,-1.2035304652754972,-0.4091330306295053,-0.2937164767500852,-0.04250102331176976,-1.7301523954741083,1.2088722069052766,-0.46378612648682316,0.5555324936840823,-0.35694182283819315,0.08321054329223883,-0.6733937774936962,-1.3982763300234085,-1024,-0.7221056981889109,0.8604025581927548,-1.7489627794470428,-0.5347077770436315,-1.18421909606395,-0.08240339210787301,0.0017051012066094174,-0.5239906809362783,0.767213080883105,-1.567392748518025,-1.4522645218974732,-0.7160984975055499,-0.17193790579482054,-0.196339125535413,-0.11202294622560711,-0.9033115164915371,0.03615838201681326,-0.8806896302952906,-0.681048451791299,-0.711623901547096,-1.1724789267910165,0.07664184688843181,-0.682098586108258,-0.36119553367903867,0.029867739350366913,-1.5556029028978045,-0.3695784733294463,0.18918447979134814,-0.1454103842075768,-0.8941833608185783,-0.919566051083811,-0.7582977310804155,-1.1172517223921232,-1.206115254369182,-1.2102914187874476,0.2994724359733607,-0.15907829881881708,-1.352744610402236,-0.746367869963587,-0.08803401667700703,0.7494488164159022,0.45635675592630354,-0.8015832294536097,-0.01579787376898505,-0.25090148462591666,-1.2748430531664914,1.1285115705531341,0.044395677499306285,-0.13167276770259753,-0.5363837873199162,-0.7392394159562692,-0.5124922816751333,-0.7637499894865668,-1.9760468113349057,-1.354376380183897,-1.4631834911919537,-0.23365314202539963,-0.35760533579120757,-0.9396667447283333,-1.1964159007685977,-0.17281280049861408,-0.3520901400206714,0.0,GHD
140,1,1,0.09644722381315105,1.1713457282305717,1,0,0,1,0,0,0,0.3858949600037415,0.5537421621423951,0.06889619487857988,0.5089896395567842,0.700728975173461,0.6072616227225061,0.09259564379650238,0.36290257770167617,0.5877247385498943,-0.03993829714571961,0.7346126107555487,-0.15108173398236213,0.2993842629660004,0.12171097364662944,0.30963022991338807,0.7013647859407346,0.35746865058738275,0.2315824344938421,0.4215675805486628,0.6392665001631986,0.07157206200958215,0.5810583190664916,1.0065246476548995,-0.2557533172911962,0.17872655828474387,0.7135529092110207,-0.21053752248668975,0.6010131233919853,0.5395792789653132,0.41572512735270345,-0.06626906640118585,0.1567666371560429,0.037346256221924154,0.16770816813644243,0.22465126006892086,0.030584374927015694,0.2626936720393457,0.5003465112342582,-1.1180958000845005,-0.15859282265302227,0.3698060711271973,-1.3572453731948813,0.09042423085412704,-0.4025677080149034,-0.2254017875615484,0.4717658851052275,-1.1812794604912928,0.7063541529445637,-0.18936995603317783,-0.05612630370486545,-0.6644256919030709,-0.7815118215163702,-0.8856667522120005,-0.54432021588947,0.036471996010787926,-0.6504821800638371,-1.193497366284389,0.10564839834096208,-0.9270864608197982,-0.28253822890611513,0.5372262764471492,-0.50267864543687,0.04630495577556708,-0.5683564601030362,0.6777862245119919,-1024,0.7785946569285748,-0.10234862180646664,-0.14309710037060633,-1.0104636479524756,-0.4693722797695763,-0.10377032945094289,0.0017051012066094174,-0.597520656678635,0.642245783929398,0.2982405903757845,-0.15549704302727319,-0.3447867629418755,-0.01363949699418447,-1.0368139530385823,-0.397520653221764,-0.5364066307919133,0.05133154397843863,-0.670474785742575,-0.7843579445831855,-0.7682930456597757,-0.009456575267595734,0.07664184688843181,-0.3184612814845619,-0.3655197362374343,0.011642490168744957,-0.21340456071944752,-0.9660268210401435,-0.2717330922910989,-1.2222567909826787,-0.3371711212582481,1.0087963186823694,0.33818701000399054,0.7361443763110942,-0.06694193427378811,-0.39215446534823933,-1.1944874461912474,0.2359159918765991,0.45912099161697495,-0.1906134145977086,-0.2896406716694564,-0.05757666427344073,0.35464937803924373,-0.18163901234677415,-0.03875370508402853,0.09926595476422623,-0.015814574206251215,-0.13326913179258149,0.05064836355137807,-0.43245417835392885,-0.6207225805369696,-0.4797818922011882,-0.5611918892355462,-0.9932388379848467,-0.019705074933271522,-0.3278149489670319,-0.26205456594760196,0.35278178791622367,-0.986411470813275,-0.4504665208391746,-0.3901811090362803,-0.8715282528478057,-0.4572072036164404,0.0,GHD
145,0,2,0.12458964858205482,0.9682056731740786,1,0,0,1,1,0,0,1.1730116140294105,0.9482113354863941,-0.2512170148948354,1.2486847816592093,0.9188048124249525,0.7659193982895239,1.604246383724043,1.057718662106336,0.8831628560052716,1.4888723822318393,1.1066529413406045,1.4184582973148472,1.4719327065243992,1.3214950277521087,0.833202150772289,1.6060643543335256,1.5527614134923982,1.9453320955657751,0.9597982097514424,0.23254576291706272,0.0721226060594604,-0.9381753088181166,0.2359255055321035,-0.7490762029511752,-0.06557099083461197,0.7852271357205461,0.29096683066566437,0.5018687788785366,1.100983036831372,1.2923972123800302,-0.45631827533169295,0.2481109911225135,0.4843238455100408,0.3907674481903558,-0.16008079963343488,0.8210215318046667,0.1760331184937443,1.19180387597237,-0.012692792243527304,-0.22323889836129657,1.4073649019785066,-0.1012616964572086,-0.17381283538354286,0.7599026545619214,-0.7435458583640928,1.4374496347403092,0.9599431420877306,0.003792335120649125,0.28259099550437966,-0.6554651403563878,0.4757332135463336,0.8531217920255068,0.6436236116937468,2.2896541850328376,1.2765005171574682,-0.11114300403986978,0.6659160239640772,0.7970080551574835,0.2944217511854792,-0.14129349377157358,0.6166117793362745,0.3957847946389943,0.12850556506527253,0.7214824150161177,1.7479558885268955,-1024,1.2791766111800258,-0.632043153528359,0.44401117106331484,0.32533364078093957,0.12049867629386483,0.10035529040659893,0.0017051012066094174,0.6818886204222742,0.4554364416283838,0.3884770198482145,0.5879179711371504,0.8732852200495408,-0.021652388817634684,1.9987093963574207,1.2009607031607845,1.1806079600549153,0.09074393754028785,1.113878874750967,0.8019268696074292,0.7595333444960011,0.46511575394416066,0.07664184688843181,2.441382577444055,-0.07742336494812982,0.1386946411261913,0.8470477280759247,0.43719414962873593,-0.2971492885343053,1.0892814851002275,-0.9126533743982592,1.4699072273514286,1.5269821223199336,0.8997527826275286,0.6158704611193626,0.4429528063587415,0.5962074006430582,0.26297814849898865,0.34950161894313664,1.223659384047734,-0.4097261855654224,-0.3285089967912486,0.5591187199346224,0.686697741075118,0.18259706671608056,0.18670963369218588,1.0468366340703297,-0.945189075632211,0.14857403395056878,0.5941258555812937,0.7002643798714405,0.09963343425149412,0.4634335380578334,0.32430605317711786,1.0110891188396192,1.1343254206978821,0.38580888247372247,0.5561214379094827,1.9664629319977855,0.7386080058607618,0.24234805607440052,0.4852731777345033,0.5676374401921671,0.0,GHD
147,1,2,1.1843501881874667,0.03130898961903998,1,0,0,1,0,0,1,0.9799785699112085,0.8396978311827447,-0.1867719975613837,0.8899205932462604,0.6709725501854656,0.8793483375376925,0.8877400549808545,1.2874167250862831,1.1800407288518628,0.23266304357684786,0.8176287333156326,-0.3169365434027085,0.7735432967554701,0.04800355057327721,0.9661654894436486,1.164442925600578,0.3789851631491084,0.5944947563202013,0.9360089535686542,1.108602518193701,0.07189588151708967,0.6906965157438043,1.6487354090909756,0.3995429472527863,-0.4003649419032832,0.5307485553634166,-0.2932276167797286,1.3182454958322305,0.741046288230654,1.076018697344273,-0.861063078126878,0.42769196868988646,0.44666505899721926,0.14284365963931353,-0.4399243231629549,0.2491037061048204,0.7372448762809065,1.0723462420719596,-1.335141863537283,0.06352432366978929,0.9614427223556546,-1.368129486785997,-0.20179100267327624,0.7543606183102508,-1.0099175205218496,1.2448764160759773,-0.032826343345138155,0.721282858768167,-0.48123483702077646,-0.879058287405305,-0.8758083215486729,-1.2131201771886446,-0.7596458687301949,-0.4016508352711403,0.13992399540124897,-0.6730215532990136,-0.7620083460871524,0.35988930666512126,-0.46752362189608204,0.2436733885639013,1.506008223565137,-0.32003316209840343,0.1504274328621059,-0.8099922893612003,1.1555458674614398,-1024,1.302946531993537,-1.031240228714041,0.5919964545595703,-1.0330639927825032,-0.07082997157189982,0.09913181813882194,0.0017051012066094174,-1.3298244244298665,-0.7616354026574975,0.4242879866427286,-1.374865079551899,0.5224190018294543,-0.13288820689549655,0.12288041309613197,-0.06496849094877317,-0.46902885469740946,0.10335209989944759,-0.46153142902055583,0.7267678398510969,-1.0002530779951715,0.7893382501595957,0.07664184688843181,-0.29443407533760046,-0.36854705728877657,0.11654466781527265,0.45636912725203643,-0.8519062167325022,-0.3320716924073,-0.1892558668761702,0.3433423223256238,1.9808056459214187,1.0633051095153996,0.9975274083382871,0.034319707818884604,-0.6916298081544285,-1.1203804252901144,0.2844431257266467,0.7496544141984942,0.09561914644876802,-0.15451423605068867,-0.7775479732292944,0.4533725138134213,0.9944651603245971,0.18156454871895253,0.6307231392152843,0.429694133414092,-1.0205096091084356,0.14769781104348564,-0.5424093627186513,-0.7566163806771803,0.3119723768835214,0.5682260694787422,-0.46287965770192474,0.6795012573691724,0.39951235616477543,-1.3314166077393839,0.47163362082491783,0.4372826317556779,0.49022742541394926,-1.1979640424567877,-0.47454528988706607,0.5613546909338574,0.0,GHD
150,0,2,-0.20875730254759484,-0.208492165120089,1,0,0,0,0,1,0,-0.20263635399562224,0.053321924859866615,0.07046490146529628,0.06400017165169665,0.3932360914842534,0.0712966885549246,-0.33298831743449714,-0.4285446424611001,-0.680072995220271,-0.3456444673567586,0.7704668154315375,-0.30361116326278065,-0.037124484493302586,-0.08481368147135683,-1.1013096486085494,0.6173293168105245,0.4416324649257261,0.204297958705736,-0.4474807908306647,-0.44218030039423556,0.0719702782993923,-0.4946712624072291,-0.18121201768834372,-0.5769566954350398,0.5116713987101207,0.4297937726940939,0.44314594400231266,-0.26473730243804466,0.12493986911741639,-0.5792811330024,0.6986268349466264,0.02296248838992667,-0.006806461299444423,0.9390354817493773,0.4084852997374553,0.09124755849020061,-0.8958763355540725,-0.17343881459535174,-0.4293041181889436,-0.8038209451407237,-0.11413696727118969,-0.7668543793131177,0.3445504240330401,-0.9943917462031502,1.039542320807816,-0.11693504289741305,-0.520290903192018,-0.3890455242829938,0.6298471122654282,0.43420242662057795,0.36629801312609744,-0.37104884535595817,-0.6495504051501119,0.6584472375625502,-0.526287011260762,-0.4860321904511166,-0.8573806132801945,0.9103593513445344,-0.15658054126626608,0.33317576532272003,-0.4800120974886635,0.039466237658465325,-0.01828227256749221,0.47926680654928266,0.39689254517991385,-1024,0.6151755909686605,0.7771759825635856,0.01636935494587777,-0.45234398229733824,-1.0286066654937287,0.02401052295670904,0.0017051012066094174,0.41452020259665967,0.7825323990458523,0.2872927895514396,0.1385184251139335,-0.2131866031210531,0.6342780632966817,-0.03866872677956697,0.00021254594652300946,0.542500113867395,0.03881103083433117,0.4019587365879159,-1.2485889123847276,-0.7725015943797131,-0.39622712052426534,0.07664184688843181,0.2432419522483815,-0.20921836034699984,0.04645465781412823,0.43805416128481545,-0.7498409227419607,0.09086124781452842,-0.9815859948474291,-0.6751712416218127,1.3477815281449288,0.08766273299281241,-0.2477687398121115,0.9588938063173756,0.18511375801397661,-0.43081676254684786,0.026014013366471574,-0.422974596793917,-0.41731460206309146,0.32262022861471074,0.5432204110513048,0.2455500847743802,-0.9059284821439131,0.07286358867189249,-0.9089892059241055,-0.2183007132178926,1.1484863355801136,0.0053813888186527515,0.30930442935063973,-0.13295278369166422,0.483482206213148,-1.0630250812023225,-1.051030691849485,0.46547951666437587,-0.41491544363098254,0.056802540452519326,-0.6597124454206557,-0.4303278405657084,-0.8405992409787179,0.2386631574373404,0.7713010940252364,0.1788764970831924,0.0,GHD
154,1,2,-0.3928341013225148,0.3201701050416848,1,0,0,1,0,0,0,0.5167679902563169,-0.30965389196615845,0.06146386866329258,0.6165687266341491,-0.4270381784444472,0.52787543234855,1.2577100761595223,0.7187262261820833,0.3523491095982386,0.7551669474715516,-0.9985084632632354,0.44740854930175,0.3372257916664995,-0.1145033714438736,0.6587378553713764,-0.24950419715882668,-0.7203188241214457,0.0888721770444835,0.5672692725670114,0.8629088023165412,0.07156767390761269,0.6890451385603485,0.6393800908639947,-0.3123798735735193,0.05956695542191679,-0.2298679496497028,-0.36021327062323677,0.5510329182467966,0.7409460496432282,0.3827721889033518,-0.1699347735676194,0.11306519678717317,0.0499406288560844,-1.3058832400613536,0.23358915124923452,0.10567201430526968,0.12288060326611633,0.6636325287854602,0.17807974329709952,0.7932435545236589,0.470895321663742,0.600519209883415,-0.028849317497973766,1.3807067468852332,-0.5020608311034203,0.6072132033012255,1.6482600379452292,0.44619073402796444,-0.5928843205681419,-0.0366314298797308,-0.8603569342602291,0.08250844203338123,0.04563564382841035,-0.576233982430603,-0.1551221754377705,-0.3195674341704707,0.4697804487010819,-1.3679780982185543,1.5580408476284084,0.00398511171710417,0.671193241803423,-0.8264596661980305,0.04922637029795183,-0.8713559667918894,0.19596986948513742,-1024,0.8266806869661126,-0.20350138415891642,-0.6534086650909751,-0.3003000668813224,0.6156741828214619,-0.007972597154451911,0.0017051012066094174,-0.7801738859211301,0.569252005401849,0.23839708729038658,0.020090062736236876,-0.32708121653045685,-0.19360375126460128,0.6061880734654771,-0.39532537886069546,-0.8036234620043474,0.052000638926178386,-0.9128484592699534,1.333633861762783,0.3077388858994259,-0.021207874669441292,0.07664184688843181,0.45677918388043376,-0.36155180472972565,-0.008558527128646302,-1.1061301495015832,-0.020870452480676663,-0.4244071768078815,1.0227650194269333,-0.3866728741441045,0.14007815275443883,0.537812427322014,0.4642363226134642,-1.2878766134312731,-0.4054340967414207,0.5788958020774009,0.2072831148653155,-0.05492899991130026,-0.40007473787507175,-0.32594838057471653,-0.18661972003258478,0.5208807355907314,-0.0810025299985683,-0.09011682954762137,1.2237718106924833,-0.7779746568203044,-0.7429342618685935,0.0463439049047452,-1.3800766938448406,0.14229171117631367,-0.2138152034215196,-0.3037129665579157,0.17048311688095688,-1.217188969930672,-1.3264581747366746,-0.09311535776561568,0.5688336534137848,0.634257352374345,-0.6970256470868379,-0.3937918630651681,-0.7397594717677873,0.017973104640624637,0.0,GHD
156,1,0,-0.40909081846963,0.16213955908310929,1,0,0,0,0,0,1,0.4599424804205338,-0.3157554313144307,0.35291479503015005,0.47900037492408243,-0.5004421154560013,0.46823232189424024,1.0355110519019861,0.3998168010425923,0.2195487882055363,1.023401741247224,-1.111189430065497,0.5241189085160702,0.15218831461449064,0.23875405573773292,0.6676673327189332,-0.4400289146946433,-0.5982180525826449,0.1655640389041235,0.38067996300533524,0.5919568531463723,0.07096504705349253,0.5256501509268159,0.1922061553844366,-0.2624309690838555,0.2252786927322345,-0.3421250820041541,-0.32600742065005306,0.16825941778058773,0.5683945780338681,0.26498584754602805,0.20147172310828942,0.29400918047218233,0.22680701058134825,-1.29021471743763,0.3678243098188387,0.19570674300248392,0.4276599799178677,0.5246363888876894,0.9979393744899907,0.6689140029762976,0.41338742427751185,0.39282794758808537,0.24267756068538793,0.6463885223381803,-0.2569842424366169,0.44966000856477817,1.2920688000959397,0.12085750678747041,-0.5076864757354156,0.42773890271691434,-0.989939464005068,0.6920363594429649,0.5056916377459135,-0.16003764898274528,-0.6684171647095647,-0.11618283247080738,0.18094855418175088,-1.094262295960829,1.2833785803968059,-0.17359608383335942,0.5504133131352269,-0.6371050401527573,0.011109532324805252,-0.660797735201156,0.027583163835492905,-1024,0.7936122169689278,0.1151176765111539,-0.14199193682381608,0.07633539208181028,0.5780963830449343,0.04761722495057087,0.0017051012066094174,-0.5262137872741005,0.6318576516091008,0.39603199489788987,-0.04373682731747213,0.047419690018290446,-0.18936751629383414,0.2543539732597245,-0.03341219680265332,-0.7550454609203233,0.0517239598460031,-1.0833062631773955,0.43793144702999126,0.7136193081100585,0.2511282168849716,0.07664184688843181,0.7269391834935048,-0.35937553069589523,0.07837307467545747,-0.3918390635316835,0.35557342110174284,-0.10307106044861362,0.2253235996439918,-0.374365022421602,0.7856779766904962,0.4861931636263964,0.18433315925549046,-0.7905496685428443,-0.404290930732585,0.17254620785128563,0.2741568725709702,-0.3621068423529109,-1.011593972357524,0.26704438991752777,0.11889098963716478,0.2664096427136923,-0.05080429378132256,0.07321037233024033,0.7684602157361324,-0.7896615692232649,-0.5068018712431396,0.0019216427128710167,-0.8316962490455684,0.631214794994814,-0.42942384754713564,0.1432778068112921,0.2552593341690999,-0.6741463664190098,-1.011824161942349,-0.15942406006080065,0.4609580739310792,0.2867506079349227,-0.41678929783525176,-0.39212151267896544,-0.40365823449159266,0.298377242588934,0.0,GHD
157,1,1,-10.263861131543374,1.1505274390288074,0,1,0,1,0,1,1,0.24726428813315793,0.8763280377593515,0.358898576451946,0.3451171770652954,1.1129298581299838,-2.23247291098197,-0.5045795950330595,0.26862460351171485,0.8569001534072596,-0.26386456709189643,0.9802109996124848,0.11723123666182478,0.2217636870975607,0.39426718793364474,0.22575739373876172,0.4819412590615486,0.7893183738134862,0.22114008362678877,0.2194100009147324,0.04271766059041063,0.07140040720389589,0.23755681036759446,0.13610192088615547,-0.23288181592433024,0.45011101297508677,1.1608355022461088,-0.17304993214927897,0.37626473881919714,0.45154090173602207,0.4012721190190593,0.3908954369365063,0.07833479912374025,0.18067017903760918,0.43389514353949726,0.7227919376786959,0.16424866404893287,0.20547627123595708,0.271012862594021,-0.7431370859066168,-0.3338597953763669,0.33113411437331175,-0.923714982955387,0.28261886888657156,-0.345834671868922,0.07274357491946706,0.46663050866262096,-1.6583479676716488,0.4232471013152765,0.03195057881739995,0.7654922132728752,0.0069034593884017914,-0.21538756635805517,0.051901895182200286,0.7311234850758794,0.6832053223465154,-0.4601378673047551,-0.5892142642072689,0.48090106497176816,-1.7680081857317165,0.5563211068031082,-0.09327620185192322,-0.6754236210449728,-0.0058430114515608264,-0.02058879135007886,0.4063261532145037,-1024,1.0091337173531987,0.47294350428150933,-0.0426160871057887,-0.2090676377713332,-0.570890820603899,-0.22915869549372173,0.0017051012066094174,0.2956029125888581,0.7647021545687069,0.3726969463308288,0.34505356836017864,0.05862720940044237,0.1812111924829021,-0.9904668143586974,0.048550533829618915,0.16696248783107404,0.044587807479077965,0.2691033506278111,-0.5791717092919613,-0.5363883859066874,-0.13976822099162806,0.07664184688843181,0.5996418710289722,-0.24582183907707383,0.05872062535787721,0.004919219906874382,-0.08692983074935212,0.036667009299913435,-0.5373402010115185,-0.29571017908821334,1.6241777717403805,0.09853782228195959,0.5900982622642182,0.0893358653544593,0.18548302172260484,-0.5355692829732268,0.19140412562410525,0.1790377759586504,0.6067234375585474,0.24604266942849806,0.6784529124740735,0.25171464138585936,-0.32186090057499483,0.02843915232736489,-0.1102656534872872,-0.16617595705321356,0.5154044590574947,-0.05558271781167472,-0.2161149925063214,0.3106306949118042,0.44293603379664814,-0.8593148720907667,-0.602899415997873,0.5226544841884082,-0.32047308980755784,0.2117674675099043,-0.27885685614642214,-0.8186114649873956,-0.6941266035159194,0.23360422924953894,-0.903188125338685,-1.0642960049368768,0.0,GHD
158,1,0,0.1717837919231684,0.9682056731740786,0,1,0,0,0,0,0,-0.7363133535007643,-1.5625287567752513,0.024238474534095097,-0.7248013311299024,-1.7127239978379425,0.03998787267261792,-0.0589340188455895,-0.8821884895909642,-0.6338890691101134,-0.08734443472995901,-2.0400342158803912,-0.6906149564266899,-1.091460005221872,-0.971828091589488,-0.43612298549868506,-1.539175738734536,-1.887360936477246,-1.2206390964232103,-0.5701276585419266,-0.05250229103039342,0.07314461619327792,-1.0497129928973918,-0.2639324020768145,-0.9840952896050008,0.34971345311777097,-1.3965263726634254,0.03793113816809682,-0.8819529140708028,-0.4879561816254005,-1.0547963599692856,0.1630220050796678,-0.40533538763308646,-0.3746825954524626,-1.2193427611876881,0.6245320888836494,-0.012407825850593447,-0.7606927506124347,-0.6310645638101765,1.0636471891431405,-0.24107943473118493,-0.891840691166609,0.42532762053935375,0.10813019113223535,-0.8409484428150716,0.34284901325727685,-0.9543570977900003,1.3050521667795913,-0.7561534424464116,0.17641912669318668,0.4301704690904056,-0.7447951213558709,0.21735424882582716,-0.16105479388328806,-1.4104009371545811,-0.921133024248839,-0.3294552470672072,-0.21227815656111512,-1.6143933274599853,1.5913186559679717,-1.3219450977437426,0.6307915363367805,-0.1194202107293838,0.0819005634069193,-0.8963903110635948,-1.3376811411346492,-1024,-0.6352622343683729,0.6578077657871235,-1.4997551788135626,-0.5340882560340098,-0.3469587053373724,0.011570429459089681,0.0017051012066094174,-0.610437039123834,0.7330319770192292,-1.3815018491656832,-1.4350010102597084,-0.4400637835492449,-0.21529618909388507,0.279092241016235,0.16023573059122312,-1.6325883868700826,0.03897788089247636,-1.2710624696722135,-1.062784694918938,0.06346108853559733,-1.041467866038282,0.07664184688843181,-0.607690683813585,-0.3609209311619108,0.02279107595480475,-1.3126301591943277,-0.35494649451939414,0.03966583852825157,-0.6420678161991975,-0.9717225773463852,-0.9131299471577349,-0.9938900638431307,-0.8963886877321529,-1.1949221005926902,-1.210838381704061,-0.06930249196392362,-0.02190435893823029,-1.2793092872990695,-1.290204896898866,-0.029705121369646408,0.5735560131819498,0.5288529991722764,-0.7150016765475492,-0.03905852404073158,-0.2216050715581364,-1.2726275764415136,0.7250038982258229,0.06150798997233875,-0.17449738309562055,-0.08318319101682249,-1.7058843874286715,-0.0750160173092333,-0.4521290741319095,-1.665742827745793,-1.2483580374390346,-1.4537725156127095,-0.11902914462689851,0.1658612354620886,-0.5997751549555193,-1.1956620701265546,0.22395834128343217,0.11615562290734549,0.0,GHD
163,1,1,1.1488255441532071,0.6534431098554706,0,1,0,2,0,0,1,0.45402702807462053,-0.16315060822053093,0.06930118429842387,0.726999347121377,-0.052726479356778044,0.4257365241108339,0.5325310806839368,-0.3259745504288713,0.15462311936071996,0.6260920542852852,-1.1465624439508106,0.7883646388485743,-0.21767877467493277,-0.020991509113565534,0.0839882047363653,-0.6541187593689768,-0.4334176951343314,0.18150755773948204,0.1705827251910005,0.23068388391074907,0.07510417751611685,-1.3707993854768274,-0.2681138821676128,-1.1419057143942903,-0.3342191926846275,0.12004199883595545,-0.43520044841899164,-0.13652553824226307,0.8472375526061993,0.5214728122441882,-0.37995176228016303,-1.5415306324922053,-1.124876756201615,-1.5641376708627621,0.05871772909837091,-0.8387099526337941,-0.9748384719467708,0.42408081304795714,0.2038270501195241,-0.18396490826973405,0.5690813276483977,0.7062078282520068,-0.4910937531209831,-0.8908947904870863,-0.3924504146472722,0.4896925848618351,-0.7973259277590217,-1.4904143235707545,-0.40153254800991195,0.05654578989603634,-0.4259329467651078,0.6461674196384312,-0.04481017928238283,0.5394863648390508,0.19911155459104865,0.17888265985258817,0.7103368408395507,-1.1780597269046509,-0.6528155088690052,-0.6400079302492674,0.47399980915313883,-0.6928829865104006,0.22112347076577904,-0.7120463380858697,-0.07390191025354886,-1024,0.8725352141895933,0.15466867005421808,-1.3896934829301588,0.20513103201139066,0.11955554689470706,0.06295219811448888,0.0017051012066094174,0.09993488036273852,-0.5293779916274458,-1.7776808121965397,-0.22208499158559275,-0.8707644178832915,-0.15308427348278647,-0.06017838685493098,-0.3783152125462915,-0.8152390017263773,0.04034884337508804,-0.17543187404580937,-0.5872887065119604,0.7547706788936508,-2.065355275402682,0.07664184688843181,1.3560849119161906,-0.3407289978249246,-0.09296580650472548,-1.0604072292348674,-0.19124576926121525,0.24050868852034774,0.1437343015910416,-0.7582574686366347,1.046808824928434,0.3480526434781219,-0.09504569858425656,-1.0340977319932771,-0.3944775612812889,0.509970005456089,-0.40124625455845064,-1.781263257344064,0.01573150290762248,-0.7891772420747853,0.014746716306011765,0.43141904463808206,-0.5389616617329039,-0.24044973894850372,0.4081282879183323,-1.67165232788472,0.18742248181403814,0.1879983940490532,-0.5215832640854372,0.34335388202374223,-0.9367608790095848,0.22394594005696897,0.7145139804286297,-1.0923548832249965,-1.7220343683848058,-0.3557819557221526,-0.014025015691973142,-0.1761475749783601,-0.36876952197217006,-0.39098784680080545,-0.2688259654925311,0.3763437884710233,0.0,GHD
170,1,0,-0.20891051775035527,0.24740910542396338,0,1,0,1,0,0,0,-2.3711031539869656,-2.1446324826110246,-1.44018758123382,-2.1780473785750027,-1.788255823123871,-0.8770454211314586,-1.999624463187068,-2.3942566444484177,-2.70707369283056,-1.3518788583314092,-0.8715553357359027,-0.22375365106292497,-1.8481589827114357,-1.106195701128584,-1.8063167270439022,-1.3935139984586589,-0.3820025364404205,-0.7517929614508032,-2.3717293409526294,-3.151383660764996,0.07385918603697667,-2.0419278324707526,-2.7384653919508644,-1.8802599231213524,-1.1518361302518059,-1.82155231911384,-0.757330581728863,-2.6358174339168086,-2.1989059490016896,-1.9793283031230924,-3.3853940111951077,-3.7128100309141447,-2.154940837420962,1.6125577652506164,-1.4343220519453703,-1.3668509218452474,-1.7625986831163065,-3.1199293228418625,1.9119692926606036,-2.486443173129134,-2.068231908013522,1.9545107763516396,-1.1785090645190328,-1.729183897747991,-1.0166859766424614,-2.5171376369954372,1.0916862238720941,-2.782044487687534,0.496565410409364,-1.7100416667357503,2.6194953543252693,1.3712252114274706,-1.6626360177607333,0.028203381566271977,-2.3388411237154383,3.362329119283342,1.512808922091231,1.3792402458630832,1.5209294693783975,-2.005981975321644,-2.5559501590082196,-1.352312601997979,0.27746710219917525,3.041918320325721,-2.0077958594762704,-1024,-2.1414356353307005,0.25564575022158476,-0.029788319597087783,2.2812508229710184,-0.6361685550277565,-0.21583889627401776,0.0017051012066094174,3.0127457189620594,-1.2188287787596026,-1.9501223480470538,-1.3686694974528362,-1.930274541190777,-1.927163631075429,1.1068987285924714,-0.3946742696448425,2.108387053606624,0.03184690108433205,1.6167518772764131,0.4394196868737796,0.37322535072034757,-2.7396708860003245,0.0768680381570161,-1.5095765678626916,3.666336667389877,-3.0021693243490417,0.37681930393384944,0.45682436050659947,0.6540759510829423,1.6597549576007755,-1.13680144886732,-1.8669028754067543,-2.12475952634154,-2.2864510598962418,1.3281805721381739,2.3462396158440746,2.556421822761393,-2.3324410980804315,-2.462844632934885,-0.3185444299253216,-1.1550948600475228,-0.32918317717678963,0.24572091773563073,-1.7451487816959736,-3.1192309326381253,-0.9132978444923153,-1.9408443779094195,-0.28835726509917553,0.26425795336616464,0.22258950005479383,0.39848869513045093,0.5178282645480912,-2.3456231076872944,0.6251245737707318,0.34169639141907815,-1.415471380330338,0.8533525150502212,-3.066145043458094,0.9422459760450538,-1.603816658290414,1.9045802379132957,0.7693967797163975,-0.9911097425568303,1.0,GHD
173,1,1,0.05542458399142486,0.5285837492185194,0,0,0,0,0,0,0,0.8634769908327551,1.244157014518025,-0.1121642571081376,0.6509532354471645,1.0795984902670785,0.7432711213599338,0.4461046681061416,0.7986969410467839,0.8503420941971879,0.28024580205017513,1.2889663397195195,0.600100506301002,0.9498343532526705,0.6832274879828051,1.2675510382936614,1.1466759565729716,1.1064681838770838,0.8411464881515592,0.9338070672294718,0.5432916990008262,0.07182071515930182,0.7801706329253765,0.7845308315531783,-0.2824082963883552,-0.5991191055639432,0.9384327044745129,-0.3312398616399207,0.8886672362963339,0.5467497275633266,1.1297281681306595,-0.6458622842325563,0.5240018583739995,0.6926093256240786,0.5247288306366561,-0.7696073883181471,0.6312100554658304,1.741507521694071,0.9401895555925406,-1.419379900294342,-0.25346142452672593,0.9383631960066366,-0.6627626481434266,-0.41061492982498,0.36045465781080294,-1.1380580954123425,1.3035446790715723,-0.7740252966708889,0.7106425764543488,-0.6983996323662869,-0.72819268730638,0.12286893629781043,-0.7427236996874771,-0.20343186996235665,1.1054198213354491,1.9679549220616095,-0.5896289831913976,-0.15980779371077877,0.779417398834195,-1.2559600089096539,0.5151435648648622,0.26751896680953985,-0.001393027153647329,0.13303757445799105,-0.3387456140707004,1.009277477757346,-1024,1.2249188118040204,-1.2016279952855946,2.1209361528573853,-0.2367333524320599,-0.5818105903882211,0.0966715380277274,0.0017051012066094174,0.10092146900036982,-1.4261586444733223,0.4617698864354401,1.2840747117776756,0.8856709385590534,0.33218530693165904,-0.3096630941052488,0.4915584935186803,0.03752159695564105,0.11223255212176697,0.8568201891095029,0.16217035125147852,-0.7454936223792984,0.9877933622650783,0.07664184688843181,1.0364803635667157,-0.3301898283820247,0.08361579812892701,2.2039327950123795,-0.3347056460109963,-0.27124520026782145,-0.022069627493075897,-0.42127873535361027,2.008614755927913,0.6408917324991625,1.2966131556358833,1.2059528591059705,0.4087731566809542,-0.3194082705387361,0.31292373466557866,0.7885412936570207,1.9602188204937345,-0.22978913061768375,-1.0680414730702008,0.6156759152696727,1.2299786085129047,0.06215038250165142,-0.04410782268650835,0.802455438197486,-1.3123695636338593,0.13321186616100472,-0.3989378169623567,-0.6016022520362739,0.3050547734854647,3.034042833746497,0.33957299526430057,1.9153930969896704,0.6234227390927819,1.0610137860658226,0.446933335044508,-0.06931930407523526,2.746772677772383,0.7218724826760882,-0.4109779166264599,0.5487259406902923,1.0,GHD
175,1,1,0.44381641797637256,-0.34624719903556445,0,1,0,1,0,0,0,0.8042769196422834,1.0183203896277362,-0.3223663336628494,0.8498474430404415,1.078718034149157,0.574089366434399,1.4803692868107776,-0.4599130555239524,0.45149291352058335,1.8995415609910142,1.5962968395451091,2.4713538406338817,1.9210207580827452,2.2771797733260413,0.16917819596409953,1.685958563281993,2.505063933725146,2.5033896296938467,0.5198041657690728,-0.915862804672952,0.07253910788077862,-1.3870704683742976,-1.503798102595121,-1.029375727800098,0.2972087979847098,0.8840888267015524,0.904641682716671,-1.4197290914511032,0.6793232992765946,0.6579267967528708,0.0248923196338938,0.03699770334591678,0.42960089679697033,1.1110265639716759,-0.0368447629669446,1.0389043362114196,-0.08923683819003174,0.1163243540114281,1.4953341730757939,0.1670098825898332,1.5119636479680936,0.9484208010688846,0.1711768697759495,-0.7521179193783012,-0.3672449966510613,0.8676422663706785,1.2419214703362713,-0.38406026121341025,1.0956413171839001,-0.6668539717690828,2.094274174567465,2.513883493635668,0.11704784562816327,2.6996818367678475,0.4285348941090882,2.52227606090124,1.9971607641677036,1.2554967642626984,0.7509256546913229,0.5223198157142804,-0.9262673500166236,1.1732835434774822,0.07337989304981486,2.6002414109177865,1.6115155431564858,-1024,1.2369094146518655,-0.08757612713553241,0.8175403210953253,2.51758408402319,1.6690615068486199,0.10035529040659893,0.0017051012066094174,2.708366438147432,0.683182625587211,0.3471362926368373,1.0785245524033584,0.9823064284791323,0.66263243418817,3.071253443342842,1.891539169224011,2.9134135824242,0.07937344880744764,2.711928793781073,0.36243949266019293,2.7216983312596823,0.14420875990639803,0.07664184688843181,1.9744733625832362,3.118433593048687,0.2000670719339302,1.3716402324736967,1.1732935093643342,-0.0670266014709049,1.389172164159359,-1.1265753470010975,1.8683832371141251,1.3958874700887802,0.5613116872774537,1.3277620348344192,2.84063403158174,1.8759691429969458,0.26931856523294984,0.41508837288603984,1.7199868123952033,0.016656412703126375,0.27761535332582793,0.6220243069008156,0.4030983333197633,0.1837620185489773,-0.7456501539208744,1.9163389481541557,-0.748231151078554,0.16762268197663524,1.6701673262212937,1.6013443541825167,1.9797374929656393,0.47615809968038614,1.345455817553109,1.369951944439721,1.8811087600551235,1.9996233831073187,0.32733369510681565,2.83554244990555,1.1906244701757585,2.692182174444584,1.495647616497849,0.5676374401921671,1.0,GHD
177,0,0,0.1325461650969312,-0.39864136323227184,1,0,0,1,0,0,0,-1.0877516281967585,-0.9380442881894975,-0.06407073149678523,-1.0294499558798025,-0.7944133994162268,-0.15019885150955403,-0.8645563676455924,-0.8734513876931058,-0.9721393718813108,-1.2988527539622692,0.17336396356370135,-1.3607105702404296,-0.7281674259834843,-1.2008201329462396,-1.5595761027207653,-0.015124240479704495,-0.6646279411876924,-0.9148988676889938,-1.079186609766822,-0.6047105412826578,0.07234793609850813,-0.8087751593659784,-0.3619075467038753,-0.6012108938754704,0.6300397782124556,-0.7266079440304449,1.0145926477995484,-0.6938834794484295,-0.952482948025358,-1.3396121700783417,1.007470347037857,0.043894665640997664,0.1670759525334517,1.5113487700505654,0.25124525724788116,0.30979147825091824,-1.2044177111625751,-1.0284443067643885,-0.3504944527605065,-0.5001483350818774,-1.2135479917203729,-0.5557853025002648,0.5275821266961247,-0.7823097812897669,1.7108166100812834,-1.1834403310747401,0.5010901382521946,-1.4282022362488873,1.2017368240538497,0.8957952489140879,0.33641573858155305,-0.6191104978451145,-0.49151924942753816,-0.5241963834970232,-1.1449848965688083,-0.6145423819267266,-0.8986286112916168,1.2083700980006442,0.9868247022151507,-0.9144101989365164,-0.7861482490899673,1.956347047683253,0.16781612929967896,0.25920222164765727,-0.6129572392790179,-1024,-0.859502126652282,1.3258770828831474,0.1020281521425048,-0.7113235368106298,-0.6538208153405305,0.09913181813882194,0.0017051012066094174,0.10893910349666693,0.7938556164849725,0.3559299945014914,-0.6068865237327086,0.30458547138596404,1.141000223334063,0.9674472487579591,0.6140356816480698,-0.32578747627496,0.03954323062076843,-0.007040374414207004,-1.0166915701906059,-0.39348780613120843,-0.14852866555525887,0.07664184688843181,-1.2009183820459335,-0.32543301523920504,0.2323933858720393,0.5028541470262482,-0.6077579105714315,0.26455451205346353,-0.8351845785740738,-0.7381375729534758,-0.495239091939405,-0.7905629844512024,-0.6631681061303665,1.1828216649637926,-0.39016975893138517,-0.41684292901126296,-0.10213321043943706,-0.6653180071221821,-1.0591488311416286,1.0424236318028315,0.949110460214234,0.5699264872336833,-0.8692233977253802,0.34242727287399355,-0.9150557979631206,-0.013295843050450055,1.3736519502974671,0.12872702867241734,1.5399867049832465,-0.881323694572976,-0.8847586816620572,0.5350551815925926,-1.298604304473284,0.6793998712553264,0.6835372673676752,-0.6182649544672707,-0.8035017969091053,0.2711086318554761,0.598589333427542,-0.3824935070372735,1.802046569910648,0.5613546909338574,1.0,GHD
198,0,1,-0.4770012005219215,-0.07648889715318542,0,0,1,2,0,0,0,-0.08265366891917522,0.23981930950631175,-0.43965652557652063,0.033363918098304995,0.43733294045035204,0.48879274668787825,-0.43683765717864703,0.20316391285370222,0.3787086856142819,-0.5477759715646429,0.7988969459186357,-0.38102249015599754,-0.07723733705981843,-0.23910294487610442,0.1027259649173988,0.5847167824278585,0.44876613130432497,0.15051718814532938,0.20109618089532577,0.21401888322659576,0.07230803463465231,0.050219011516195455,0.5319722621048528,-0.5223509884397637,-0.18997134106373412,0.36594970412415895,0.10342371971011793,0.5104079441964836,-0.007836658793718518,0.2600106165103514,-0.2919184593510518,-0.018187871808518805,0.08161705594501013,0.47231125235178634,-0.25536436409560465,0.14159155426408424,0.3071705620175223,0.18475975585156137,-1.275023239042923,-0.4823431804716939,0.06685691228971584,-1.5753926361711272,-0.3343999027923052,-0.6462960730062904,-0.43693900004330977,0.13569586856260157,-1.126178509962867,0.5548563966591348,-0.09698248209166316,-0.6223914311329587,-0.2665543807947317,-1.1141940177622298,-0.2771027372686041,0.2108570651067295,0.22416906511049683,-0.6150842171314805,-1.3147323065689938,0.4770074412981873,-1.0967228381482779,0.8566005540579544,0.27251160572343214,0.48022539029006933,0.0855505755879426,0.07140829586462807,0.3835344364049733,-1024,0.07691801769409023,-0.6273407348679515,0.18485397813259904,-0.45803162149850574,-0.8798130077953868,0.07368767812820927,0.0017051012066094174,-0.16841988383371215,0.39244087574437525,0.10140189019909751,-0.2594417085068332,-0.02716194512362724,-0.12834336125071155,-0.6638808542644297,-0.2871455094025996,0.27582807348255856,0.05918094562378176,-0.19880872465921387,-1.02484497555246,-1.270781359628199,-0.08088910757044065,0.07664184688843181,-0.34332270039970303,-0.32951020901239525,-0.051444084783145064,0.06966344338336003,-0.42294089920379624,-0.7574290984838282,-1.469260652458386,-0.587205286996009,0.6012355087773273,-0.03433546925601643,0.724300825136542,0.22390559716451044,-0.3850995719927237,-1.3888437645764236,0.16665785868384908,0.4658430025276354,0.0432955182960427,-0.5643087338083576,-0.5942353908130875,0.11844327147508947,-0.0908349248600846,-0.09963177089765912,-0.33844819931115344,-0.11428838746969687,-0.3826558947187191,0.11047608019514171,-0.3295976108885758,-0.9463229444271898,0.6985799526201735,-0.1294290114195656,-1.1762015679452158,0.1990669325027491,-0.18774382982826038,-0.38245487693072533,0.24504843726975528,-0.6097043549910298,-0.08150477752113565,-0.38943061732843465,0.19622296149320168,0.43108498995646977,1.0,GHD
203,0,1,-0.21862667825672488,-0.40245443465207004,1,0,0,1,0,0,1,-1.1894846202470941,-1.1084455511382545,-0.641705270507288,-2.1546109297952585,-2.013919075399211,-2.23247291098197,-1.881148501504628,-0.1892868364848986,-0.6516843461007322,-1.8651576993427414,-1.2698206634601723,-1.613445062923348,-1.9737897816309933,-1.8923749464004127,-0.22640950357406098,-1.642596429897743,-1.3292511193589243,-1.5616990501310941,-0.07870519920371224,-0.35379299161093536,0.0723808686571863,-0.21397406061335647,0.2304785328388534,-0.14668062467243906,-0.9796294265124506,-2.559732876488422,-0.5135172514322975,-0.12528920710790037,-2.703379111986009,-0.3983613894833901,-2.2920044644866255,0.5450608842619502,0.6513721119766014,-0.1534105556086158,-1.105048668294674,0.43851895742284136,0.08402632753689063,-0.9473164456020978,-1.2706336826300755,-0.8816101604992254,-1.1266396460861312,-1.1715137808770983,-0.771410391604946,-0.1695877112308042,-1.5280555008109515,-0.5760522940514468,-0.11109123232893019,0.24980157380361312,-0.7188534046659883,-2.9264584522328563,-1.076575107091215,-1.6682014628748383,-1.3558233823879187,-1.0843785833062192,-1.6926413143111931,-0.6545535401480153,-1.5269345160213823,-0.3912867770692677,-0.8808648686043833,-0.5723853307488384,-0.7025160393311404,-1.2509269981300302,0.23544173570501364,-0.687887857250158,-1.844422901116208,-1024,-1.251765046934391,-2.720279945574785,-0.021474016704639973,-0.996361273780108,-1.3130450619987173,-0.004005256507621623,0.0017051012066094174,-0.21981314413361955,-1.1740021802004106,0.4841314897281263,-0.6421220311454818,0.8623791316685764,-0.2584089123182051,-0.32382574685564935,0.2525323976101094,-0.7659868898854896,0.17734129912413846,-1.4768344582870492,-0.4457384457058777,-1.5940770337254182,1.107641258652002,0.07813208468078148,-1.7034370498238192,-0.34916237711446996,0.11867803497735858,-0.0016318807965712539,-1.372732443871813,-0.38005653039891163,-0.7671821814295083,-0.2928289582821897,-0.3745381511264555,-2.2011472453527476,-0.3081267818652159,-0.36502265718111554,-0.3849691230182486,-1.091036323505663,0.31391442353562965,0.3578037444819764,-1.9463780216131348,-1.5407267796059405,-1.6711903288888081,0.5342061262254593,1.566106100222216,0.18520855535296757,-0.5898352505212708,0.25169671170734914,-0.998767496663322,0.23016271338443323,-0.3252575067761742,-1.831435422867659,-0.7269743807742531,-0.35866722274466906,-1.9507894209494363,0.3028748146381162,0.33976072162321974,-0.6361939663193462,-0.28000309521709155,0.13417142033660193,-0.4416176300467839,-0.40016562109758713,-1.4882189307260674,0.1001433646482646,1.0,GHD
210,1,0,0.05957132899828302,-1.0363855114881027,1,0,0,0,0,0,0,0.05556276006743455,0.4580620833591004,-0.5551970971796714,0.17781232724015,0.6745474859385993,0.48411458828631404,-0.04751344272847615,0.3504532597385242,0.2953180117695971,-0.40329835237390865,1.2198531764853342,0.06264993609527668,0.4632209451117284,0.0006218551475804607,0.2798115772525956,0.9998760369279178,0.47200677502194,0.10120246206240567,0.22002986598748164,0.12193582201148367,0.07234460192505036,0.08970725973870493,0.35070634718968047,-0.5968858265297238,-0.2363645035100952,0.526673008359337,0.3120960259787467,0.5622627174663519,0.06838494718152137,0.30191714163601086,-0.7115539780632268,0.07934965850451171,0.23503160118520386,0.8976348502786508,-0.49706153256989266,0.4106740449945908,0.5776180806099224,0.2927534089662973,-1.214991879487766,0.2410730341864327,0.19423658558912865,-0.3174149282018439,-0.3305807662310739,0.12921006471019417,-0.4292620506084996,0.29887836275936974,-0.24502870177618521,0.6825152811659382,0.2026884961831081,-1.1727367525997996,0.31123611794776307,-0.5064688897970497,-0.2608110393547504,0.558069549679127,0.7087892304743475,-0.5042235877918979,-0.2755016543704281,1.1164434136882324,-0.4723978669129625,0.7012999692909263,-0.0794058860120639,1.0976531809005527,0.12523535467970817,-0.19755431137794982,0.5505946047532672,-1024,-0.030733326833452822,-0.7604139656544538,0.6048919379189275,-0.21453721148022584,-0.01940460081204689,0.031563382150990166,0.0017051012066094174,0.19070414508590164,0.3039579725021774,0.1948121304249255,0.6626158362039885,0.16885470298073355,0.4246088447134197,-0.139855253321113,0.07520789956102314,0.2096535004863581,0.06500391912436386,0.4290117930964818,-0.14314440578868512,-0.32851038975463837,0.13769294457978315,0.07664184688843181,0.49520443129249864,-0.26855586282291044,-0.036053422182886694,0.6559758359503869,-0.37706886077507246,-0.7124280560109659,-0.38186477420445897,-0.684912628588883,0.2491934681035091,0.33702367300490155,0.8624192929776101,0.609417789815313,0.1793938362001739,-0.5109351808880301,0.197595227950418,0.7842270719955889,0.5389415424511662,-0.4838346490662748,-0.6604993384901678,0.2173641133494818,-0.0348858145511809,-0.05352044515870275,-0.44271016864988066,0.9166934714369608,-0.3683941802323126,0.14852849896766662,0.4129499230193119,-0.5039642971624109,0.48440956633476184,-0.3102418352428544,-0.08841387628202055,0.9675212706891355,0.7999774838158813,0.482285534461821,0.422070412832136,-0.2673695523196974,0.29767801250785897,0.23155737002285462,0.2122781707109598,0.21704172361401425,1.0,GHD
218,1,0,0.4371842166946949,0.44371360218396166,1,0,0,0,0,0,0,-0.10086255803482787,0.29727195467979156,-0.2629960893328069,-0.13785311140492953,0.3583699828764698,0.4420775748360617,-0.5228023146927927,0.34068411781739816,0.3669751003842869,-0.5249142144067546,0.45104647004638004,0.051983469101354235,-0.0765215014285493,-0.1292899952209506,0.22587327725626533,0.09260740494242523,0.28082525845558687,-0.10652155877348161,0.07067569088939542,-0.19435163605746936,0.0721770005430453,-0.6655927326772814,-0.13997441385366205,-0.7455276213627965,0.06920756157355809,0.39490057799854283,0.39777801954259395,0.2200183969196526,-0.06622714808236747,0.1489914045832235,-0.5067607215900253,0.07028410603455988,0.30437269922827836,0.28463323026885096,-0.030437317049878926,0.5542300585334272,0.7328594091942706,0.04649839818515229,-1.1270681119074828,-0.44696044405206325,0.07540572286620767,-0.3949790680271092,-0.11872740454400754,0.5038171353665476,-0.34358536552012703,0.3033773875764853,-1.1142136201416262,-0.002773178734933413,0.4178867416971919,-0.3351929883448976,0.312926016706664,-0.5230846753296114,0.005634802341948622,0.8416332136804073,0.4209994615068556,-0.3811905853736335,-0.10756852775839361,0.6676362252342681,-1.167398132522248,0.25166023205523413,-0.49878655778138836,1.5590775390809009,0.1448291296526911,-0.34917898540400993,0.02348213317499482,-1024,0.24843326492970705,-0.20003339700956824,1.1194485541445705,0.3265068986209332,-0.6929120327799215,0.09913181813882194,0.0017051012066094174,0.43046506437749377,0.5530636505354275,0.263957740984378,0.9731123781251503,0.4563238769145052,-0.381131468359381,-0.1984364954903266,0.5726392915843883,0.042759932236549524,0.05669702032414092,0.531726350681826,0.4743015122503371,-0.5279539545479118,0.06711387848421235,0.07664184688843181,0.7229154741789741,-0.19771331520382154,0.03330694319648603,1.4272204120042118,-0.15980768596653397,-0.3781373288585654,0.6627528748066743,-0.8522262590157117,0.9958818285560999,-0.10491600320686649,0.21182807354675465,0.8658362717609724,0.42756171270546056,0.351927045255337,0.19244732676219461,0.18489114859661385,0.30344415804224456,-0.20790442929461309,-0.07050822974903308,0.3621600782809368,0.009011667575497043,0.025064290778475485,-0.7362988905968777,0.4845215716906831,-0.32015016118541517,0.10667598072333596,0.7391031294336201,-0.32988640900079996,0.08621357478462988,1.5420361506170854,-0.8203400714102345,0.9177964232873423,0.8666814373220504,0.7496228402343886,-0.18243078963570597,-0.528194733022001,1.5866139395738703,0.7249239593744272,0.7037647430384254,0.5613546909338574,1.0,GHD
224,0,0,-0.020985973454502375,-0.09783937608025636,1,0,0,1,0,0,0,-0.17324474931336467,-0.09899754008602284,0.058041705947840215,-0.3864415330451506,-0.28975457544473265,0.34766305054939545,-0.44163318344565156,0.21727504597181618,0.15321591341819907,-0.9415559857700452,0.3451720258600868,-0.8800499553262385,-0.39844361015149243,-0.9409330895114293,-0.20280024110822242,0.31620527690347894,-0.2287335612942722,-0.32813629541725303,-0.006154086805702292,0.36805223266128523,0.0715549717174984,0.5656744012502759,0.8008987734006399,0.380211799759688,0.1811038433644943,-0.23221254597861885,0.4354067923277032,0.4200901324101785,-0.32500823692789316,-0.14495279870266706,-0.2222892577802563,0.383607580386754,0.2598084677824378,0.5494067661615958,-0.06256772823535847,-0.13397539465189715,0.049715981329615674,-0.10171326512679747,-1.519428472273728,-0.7191232449777286,-0.2995692624996396,-1.1617990942421759,0.31239478876042875,-0.06915730807157874,-0.25385306312092276,-0.0966705157464974,-0.1468810161189818,0.23745088286548954,0.3945849017005734,0.09223190087679801,-0.36106656885193134,-1.532530692354842,-0.978570717143527,-0.6517525485114561,-0.11639948823100219,-0.6759488066384846,-1.1511338798448858,0.43354782721661494,-0.24196842791095985,-0.054803404389857875,0.019727245772209984,0.3201440778742655,0.07712861016866561,-0.28066314967925654,-0.028507207834180086,-1024,-0.41028596763783654,0.0224394658931298,0.011083107456616238,-0.9958454861598539,-1.152998426339997,-0.07420655679222021,0.0017051012066094174,-0.43691733306944697,0.47531824055077726,0.509692143422118,-0.2525457661377766,0.11095885648296486,0.10887574509480284,0.7141164173564705,-0.3894093516871315,-0.19243144889964456,0.056915665513912674,-0.06862005068482252,-0.32333859671650034,-1.5861641548898264,0.5420633867480236,0.07664184688843181,-1.2890078342963647,-0.36627362178971723,0.10084222639953157,0.10459330355309593,-1.0831881786916824,0.024932558880675637,-0.7595578742466509,0.32463194108197035,-0.13336669971071438,-0.394826477752637,0.3794714497525067,0.29834496725330517,-0.38482419240157584,-1.0677242988332858,0.322179774798707,0.14432387249395107,-0.25551693749822607,0.26405791949800894,0.050957051602636035,0.4127841795874967,0.09758655284477138,0.1874003315342728,-0.6522862370020263,-0.1334223214582456,-0.16251399317916876,0.04612093221255149,-0.146586955420008,-1.4660388012770973,-0.23940421550634694,-0.4720329900277405,-1.5596224072300355,0.21888373938398625,-0.20861002225195446,-0.3564789118542493,0.21115372739589544,0.7248013534664038,-0.6069394486719865,-0.3913350873992314,0.07203921327052175,-0.311633643271929,1.0,GHD
225,0,1,-0.18218260942776782,-0.3941967758018873,1,1,0,0,0,0,0,-0.39693343642328727,-0.17121021265667885,0.025249475960351868,-0.3900823702239515,-0.09300821001114457,-2.23247291098197,-0.4780536327547741,-0.1222955640218352,0.14035205095278752,-0.8259892769179267,0.513099133604763,-0.7109397794101981,-0.23023053210828556,-0.634676439928956,-0.42765273438637147,0.3375153878247109,-0.04894823819644945,-0.29952830548975123,-0.30747380306125516,-0.22698585357644413,0.07165708600669779,0.01771231085515782,0.10447086214818133,-0.25484182246142584,0.29180775172764445,-0.11942033891468679,0.6159504899581794,0.03997197141524413,-0.39752987780658383,-0.45561918886686414,0.29691965541516124,0.2650791877088785,0.24353554146354617,1.048595561279275,0.036337855339439555,0.15019866198315537,-0.12034411227920261,-0.31421581521875375,-1.0181800710876157,-0.5844090851157352,-0.47835769628745645,-0.4544685787875391,0.3219841214257173,-0.012213056913594807,0.435257049752161,-0.3359068546701446,0.032603126549355294,-0.012188838505835192,0.525008596166982,0.03054480139412266,0.44771001317167997,-0.9809905372905031,-0.3115728612497691,0.1077675029310253,0.24533073632980956,-0.5890686758274258,-0.5558430309444405,0.8794575627909068,0.15734578349546718,0.04685227420764317,-0.6066845270244946,1.348716604284608,0.02773635654340318,0.020514415929114606,0.002757555127187431,-1024,-0.4709735071473098,0.2631959599538751,0.11435859627742855,-0.46495914289337476,-0.9205969406433366,0.09913181813882194,0.0017051012066094174,0.11260634530777403,0.67293749483565,0.43091014726101906,0.5100683898619521,0.06274217556331076,0.983493647317959,0.24477042107575103,-0.06458390403094062,0.12714425302397325,0.0484847465044334,0.4118520760084423,-0.2596816419592489,-1.021197228999138,0.24613369483941638,0.07664184688843181,-0.3823274567959,-0.2395913951412534,0.07297286619097412,0.41162412145453037,-0.48578791893884254,-0.026768499859522513,-0.37441465166232357,-0.369646514816288,-0.19926818649999398,-0.3887946327113261,0.08023874186237856,0.7137963808748404,0.1763485235080368,-0.3492446082932381,0.2402258436138496,0.20807843125186667,0.08526923420340951,0.38460569340220996,0.18464703422198214,0.441226577417652,-0.4277315503297826,0.13980046727686526,-0.8230989912872093,0.6708182290110704,0.4027268012495793,0.05012925669621953,0.9317431496838848,-1.0034403721553729,-0.10926186639120818,-0.08173484826243062,-0.6966141458945198,0.6311185548356875,0.7773116778270952,0.31968891331346383,0.058144290544634554,-0.11155005672440235,0.3095552165395355,0.23274380174102585,1.1837421011337037,0.5613546909338574,1.0,GHD
238,1,1,0.9060955460725245,-0.18570276094329527,1,0,0,2,1,0,0,0.41912381339449456,0.7355083472349012,-0.147651558667123,0.6426502098116972,1.0178880065675178,0.3644011585571534,1.210316919251569,-1.0226798023650596,-0.021864926212071884,1.4999449694715432,1.5100195076338714,2.347822568864761,1.7683139813531676,1.9727366347886142,-0.6919058174824756,1.4534044116920422,2.198053415987132,2.052895945184388,-0.04846462170993916,-1.616120449020894,0.07256347090403353,-1.428563658391997,-2.4155607522667895,-1.0701031162549919,0.5069704804116067,0.8517978668324271,1.0605525246961418,-1.883920523220853,0.509681265055939,-0.1693417886400583,0.4134568585820269,-0.08438024242597789,0.32989199558928206,1.3039429570263006,0.18064531690712676,0.9652183799519174,-0.6489091652324549,-0.4327692388875954,1.6136886649717013,-0.5977767277887607,1.0811477754464407,1.8623802084449308,0.39004133509847,-0.05054823729114399,0.6134854913159798,0.35300494726711334,1.713529529856055,-0.6315895907266079,1.2710982377358402,-0.002074820017885911,2.8506993029020955,2.3418266984482092,0.7290644413512091,2.497537863396589,0.025378839075587214,3.0906892312854723,2.709531758925026,1.4777357194296041,1.4557143287257468,0.06440664724373418,-1.4840405041403932,2.094438976999995,0.042215021573007105,2.5999641440341805,1.2949538446949653,-1024,0.901667621014539,0.64849698440951,0.4326446608692452,3.0389243820244345,0.8080891369676839,0.10035529040659893,0.0017051012066094174,3.0914588211521408,0.7592353243158159,0.263957740984378,1.1774863033477954,0.8457682818126558,1.1738605605720545,3.0117702447821104,1.8480207545881493,2.8534212654377122,0.05352994381077574,3.1412981593699874,1.530506877473034,1.8423186710888126,-0.1303404737897351,0.07664184688843181,1.5297348663275256,3.8389843383878413,0.2078110908489285,0.9972628451652434,2.0728885624478326,0.11089562919824589,2.651917131610668,-1.136938013923643,1.2557183496339472,1.4200593910997383,-0.3569017021514613,1.31508056151754,3.4012490005989755,2.922906554717023,0.17189834102888177,0.41115868915517395,1.6529314807405775,0.5826652204811061,0.7157418480029283,0.47562138546553334,-0.36207950593553484,0.23728127531401297,-0.9033991266220959,2.341817553176491,0.4082538259991594,0.1268508741346486,2.4314069632485538,1.5928258403928954,1.5535461547620246,0.5649779660288884,1.5813191145852132,1.252835483385769,2.3365593212893363,2.459026365283723,0.022364367957867684,2.4587593647182313,1.6297379592644032,3.1790998153744807,1.8412341455601784,0.5676374401921671,0.0,GHD
252,0,2,1.2478476497747182,2.4513463075964026,1,0,0,1,1,0,0,0.711704365197686,0.8560814705211612,-0.1892909417311491,0.7501730670338853,0.8970093466046665,0.7880590882722591,0.6103605184914516,0.9158437970875656,0.9827318339530274,0.15220340370688973,1.1981692473047252,-0.012586599189373332,0.8412372581405658,0.28917909521848706,0.9574334996734933,1.288749772733,0.723238714383425,0.6624254862508459,0.7715859268609105,0.8407202632890777,0.07189068059997832,0.9362395528221261,1.3139046111071289,-0.09307900685678924,-0.402781444651693,0.8145055047268869,-0.08593733545692317,1.0456809742369542,0.6844445886229157,0.8393182120272292,-0.4966587779174393,0.3543656366327073,0.4264778252932221,0.6493493284198444,-0.6171752068212286,0.19620962257349478,1.3539328966153317,0.8688635437749945,-1.2283270729065732,0.15281888305132016,0.7523618049904897,-1.5780728584698331,-0.2537081749105342,0.1565960689903876,-0.7456730148286446,0.7545676487171015,-0.12438664918161124,1.1107873845973646,-0.4125946357265827,-0.6842051728667385,-0.588705124190368,-0.877299915706421,-0.8413058275590304,0.19643335643167026,0.975694862976238,-0.668510104975791,-0.7387671987761272,0.8756502255337948,-0.46411268861764937,1.090639186071595,0.8648150678072075,0.33342366830842074,0.11016566839253158,-0.32613506528792124,1.0826733013740077,-1024,0.8027094724700683,-0.8374023803285099,1.387840546087922,-1.0002432743976768,-0.060908128100763265,0.10035529040659893,0.0017051012066094174,-0.560261319614379,-1.1138675752765692,0.3286335167628166,-0.09888222358257684,0.21417178848092336,0.2655874707326252,-0.1199971240066361,-0.47295270186438415,0.09198140724420727,0.0737808167062676,0.05675354451235728,-0.05248171829843427,-0.7581918899647198,0.6129885695815106,0.07664184688843181,-0.1172050571854551,-0.3638096692155189,0.02279107595480475,1.110261801735984,-0.9080983001714138,-0.5147321266608843,-0.7509906085545843,-0.1681320710941477,0.9280383568301799,0.7524760803022715,1.3259685000207084,0.6230104320364098,-0.38449263955175667,-1.2568024528109725,0.22864824416709226,1.2671125644110341,0.8849787153674725,-0.04819131938210551,-0.857641038766207,0.566668412560085,0.3940548902734563,-0.009239826932888748,0.20677537087016168,0.7235442605040422,-1.1967200498390298,0.12295051989012978,-0.4244850039183444,-0.6433854738359797,0.9974426676647441,0.2845056588022157,-0.12141184657361233,1.1596351842172188,0.5091922562799874,-0.20113595077746305,0.5668389983333474,0.13781160435815082,0.5459742348996733,-0.39055624552044194,0.11350585079182998,0.5676374401921671,0.0,GHD
257,0,1,-0.4552829017564788,-0.3299751046866842,1,1,0,0,0,1,0,0.6222644358495898,0.6722729001348934,0.00904748308663563,0.5784396912183717,0.6115305374606477,-2.23247291098197,0.4777357587634694,0.5333547237262823,1.2869030614368622,-0.33831378121259026,1.125447955684471,-0.2702819239448606,0.5728762766286217,-0.34839295667275605,0.6221378652649927,1.3011262536662929,0.2945640909311129,0.29468859668413044,0.6156037969478141,0.8136623507657708,0.07162133957930197,1.1770627667269777,1.3248785454592305,1.4076986500151134,-0.2579364421332076,0.40396560347781046,0.1025827993230372,1.0128457173248346,0.3786928079362429,0.6056292601497604,0.002094956525770694,0.5649386400830672,0.46894047197112515,0.9269412654550727,-0.5250341106128451,-0.15019104521128454,0.9021004480602642,0.6398775278723887,-1.5976463206673637,0.1635301378989091,0.539245226571413,-1.4697356370328762,0.3007731135282759,-0.3921299802851999,-0.38492076116689794,0.7593681184292311,0.16817463421226442,0.9939431088282915,-0.13910143319254478,-0.23129469154966856,-0.5365555748604716,-1.042145311339807,-0.9180404359270645,-0.10819211589886626,0.27184340564259507,-0.677830081731451,-1.2232991234334822,0.9807357690980882,-0.16216031385870405,0.48477875417740157,0.6652489826255843,0.6397659991157421,0.0574434181267678,-0.4122892344167864,0.8938874997203419,-1024,0.7773857500307104,-0.4933078237269057,0.9162153734399051,-0.999458612813258,-0.06794552895704593,0.0954346676828669,0.0017051012066094174,-0.5876211440928665,-1.872199688601521,0.5461119274557181,-0.18713685502545546,0.45343796565280536,0.4474690913370671,0.6568076934047259,-0.4490802273428705,-0.16600778983874975,0.0786806340076325,-0.3589221611803446,-0.6780082802125079,-0.7499231531976616,1.0216794971265157,0.07664184688843181,-0.7937098784168436,-0.36658045558378755,0.11219881238262111,0.8682303053797803,-1.0035732288493688,0.03397474502976941,-1.215197956297407,1.4430677874061795,1.2594304114734232,0.43010682542963835,0.894602201759486,0.6513486666915534,-0.3845856415168191,-1.2904444976995704,0.38748590747590045,1.2643596746760064,0.1938003174592658,0.5522004598272481,-0.512497072278476,0.24073497163762464,0.45014039792274657,0.21084670105859432,-0.12596980032436636,1.6069827165038102,-0.8036478065332052,0.08824923167932451,0.37508446127486955,-0.7904444339460721,0.33237559183793725,0.18323718138295542,-1.1055228066748903,1.0487884187028873,1.1603058466209852,-0.290052898944687,0.3848268239712479,0.8194515168512112,0.7233066882108025,-0.3922081066975126,0.19726998941128696,0.5423796555378061,1.0,GHD
263,1,0,-0.6671509957680735,-0.3530280634674989,1,0,0,1,0,0,0,-0.5286346507730483,-0.46729913948335133,-0.12920588353404858,-0.26961195636685475,-0.1663366119363339,0.14034598834536424,-0.658167994058066,-0.44733300931153863,-0.31573555764456496,-0.9877644410510026,0.04029355607291453,-0.7870410867655183,-0.6409478287497796,-0.9871304219038293,-1.1992050288907747,-0.04662882635100791,-0.3630323925054603,-0.4759336800523643,-0.5434219646246048,-0.2748124793080571,0.07424002801290717,-1.4116107546381933,0.17508794860356297,-1.2533342676185117,0.03972998249118983,-0.015398502807478292,0.04237402678109846,-0.26208210023152595,-0.11391286133283555,-0.5646645237416913,-0.16342831414040074,-1.0719505077973854,-0.724801252828913,0.6316333061652424,0.3292009688203002,-0.4202558888329114,-0.8875915745708963,-0.49056682532343726,-1.1855033444399137,-1.5782404669307533,-0.6390474028724945,-1.0118948222127417,-0.14065787301394908,-0.9044421603506733,0.262041096459559,-0.4703653001389319,-1.00701257439558,-1.2514098890346654,0.45262646876016216,0.03921411507800057,-0.3398567500935815,-1.243496803761169,-1.1191974589449374,-0.12683085194373686,-0.6741907124120026,-0.6170731670792327,-1.010152042164807,0.5975240702360045,-0.44601942593601845,-1.189915894631675,-0.3112163510283661,-0.6348872179274592,0.17173734148048775,-0.19835670474146783,-0.19419981934182004,-1024,0.0013572986066151432,0.5873187689327949,-0.13617851037493534,-0.9987332661820129,-1.8798044156990978,-0.2418781398252886,0.0017051012066094174,0.120555965824974,0.6239956415762172,-1.7776808121965397,-0.42193251614197674,-0.7408406423817276,0.215524964488492,-0.311402794866858,-0.17757543177464166,-0.6436577584201145,0.03587225728417595,-0.46575289770227046,-1.1940664044477467,-1.5929230528386407,-1.7492931778638288,0.07664184688843181,-0.6686438025171998,-0.3360170521058456,-0.05686028374694461,0.37594744197544033,-1.227959147231547,0.21623508096665373,-1.008456401319695,-0.8479464580315808,0.020362029624495407,-0.6251984090270555,-0.497840119543766,0.7680206608117216,-0.3832773398828979,-0.7326437837869142,-0.5925866006527776,-1.3777703414050158,-0.8188684324809211,-0.37827621017002144,0.46928205894274094,0.5364207589189929,-0.8960632555637598,-0.19485874040293472,-0.9097933800155958,-1.1639830110121427,1.0407377489000504,0.12942459671305492,-0.01699717350246919,-1.3741560486088251,-1.252639386401489,-1.2265236831426927,-1.3346980240081177,0.1870569747024406,-1.2292391856769167,-0.5102604352453415,-0.42205539853936724,-0.7696793524356211,-1.1673529871213748,-0.386437146164066,-0.5039972921635387,-1.1249656520194173,1.0,GHD
270,0,0,-0.3554910576376477,-0.8062547662562096,0,0,1,0,0,0,0,-2.753689930751837,-2.309736596660009,-3.3410343513327874,-2.1631778011862015,-1.4817829210328568,-1.0247506829112656,-3.236168096259979,-2.711797228852667,-3.0692982364162056,-2.7036350834516423,-1.5173351734420446,-2.0422454729793125,-2.9576789854449257,-2.3271944915879246,-1.891198964577337,-2.4088328723968297,-1.984912100612348,-2.7053290915948467,-3.7066361114625717,-2.2912233392668147,0.07345150639788035,-2.4175589401071798,-2.010416861947141,-2.550585302964137,-4.351343604488424,-0.854072057540381,-4.492938861945296,-2.53280490899475,-1.5050109319940281,-2.1879240641670905,-2.483074994890392,-5.572964302805573,-5.198261972948896,0.92296876697164,-3.4358662416627346,-4.5444009846129365,-1.9569757609642715,-2.5545315591257127,-0.4931502013259792,-3.6425540987610363,-2.466172220653461,0.03537225106849068,-4.476963486454543,-3.2473927451049764,-1.0363045741682808,-2.3221650930320714,-3.260730290875422,-3.4993287696577116,-1.3561203448595034,-1.7915250388564432,0.5590599354974015,-1.0366330997078579,-2.1137610294917737,-1.0011568719442503,-4.063780264706073,0.0074739941386541536,-0.6553415107928643,0.04623661198625648,-1.7508008989264057,-3.266591605470172,-2.0086946892289563,-2.6985276136251897,0.3006034460976281,-0.21764044279476033,-2.4661942739418623,-1024,-1.8418123659344559,-0.7004421696956832,-0.8235098099831089,-0.4791216991767274,-2.4652155098798603,-1.8762688045284432,-1.108319746677283,0.5157548518221374,-2.298256296969516,-1.7642955674797216,-2.1328764697332097,-5.099342922526402,-0.4413144276599242,-2.2295691241702125,-3.4869333379088245,-0.8440397387369353,0.09088988809468611,-0.35837331563736136,-2.130344473950575,-1.5628990685869755,-2.6767265011724453,0.13548041993973658,-1.6148053817098487,-0.19822615291856466,-12.965419990671535,-0.6079723561654985,-1.4778359379040098,0.03479915865894887,-1.0798176861445465,-1.0163136229451515,-1.5803027498645135,-1.5704372998030276,-3.0033581197335355,0.6667276107946026,-0.427905988921727,0.5916911016610688,-11.707843578227026,-3.711933057482883,-2.66011572934789,-4.379312948078136,-1.8339254950103447,0.016387093544912523,-2.0200906949808006,-11.835115284919874,-0.8979965681775476,-2.344414175855075,-0.1417320657679168,0.3058698198606716,-1.0634994653307288,-2.0625269490359126,-2.3713585450524404,-2.7266885225555386,-1.7200877278659146,-0.2735787625771603,-3.452757017898554,-1.370996010021752,-6.664648173813231,-2.97252487400876,-2.198234517221113,-0.399619276136838,-0.6660239216743947,-4.177767724943888,1.0,GHD
271,0,1,-0.17533139568312064,-0.5585771158269306,0,1,0,2,0,0,0,-0.32940856725276535,-0.09246504742390367,0.19671221745762335,-0.2789592380845031,0.029531932664512876,-2.23247291098197,-0.5494742731076309,-0.31481071951224837,0.20748040244185798,-0.7309340999393001,0.45368530825826603,-0.5760030425398167,-0.3015812897126677,-0.5215999431297986,-0.47471867832278136,0.25896956703590496,0.13374988656371417,-0.11209017285934672,-0.24623960865297576,-0.12800332140775744,0.07160791893969133,-0.6014826620762941,0.3878494129997685,-0.6580520941567641,0.4158994680782084,0.04844246375519082,0.12649743636523372,-0.03746083997520553,-0.23965408860277307,-0.34505290542910505,0.5862623270625681,0.12185502458050589,0.19355781702200514,0.7609335449113935,0.4581826063713634,0.4043789806207882,-0.11275632689190833,-0.24865539800509237,-0.9070245251136542,-0.954651365105501,-0.33150515101357814,-1.0171045187714038,0.30489044853606156,-0.8969947806296131,0.5433828883067712,-0.18576914663776872,-0.6064538787366606,-0.06462787905788069,0.2903839540604244,0.4658054845372983,0.1195889540895781,-1.017679592641582,-1.1731022359741985,0.017247839483701247,-0.6577059409291388,-0.6189084547508005,-1.0507984519099003,0.7710200949484705,-0.38435279546934725,0.05158663820290481,-0.1092519348693278,0.33801289964894515,-0.013596484767741083,0.2122666211950265,0.12017122642394165,-1024,0.20464182177967108,0.502091624929127,0.2599584912931295,-0.6861328220767949,-1.337970115220297,0.017846593206048086,0.0017051012066094174,0.13481958099623093,0.743768523660795,0.3286335167628166,-0.44081928446113255,0.26585143156886143,0.193074935513114,-0.4442194042606829,0.5387219656285179,0.1703519816701946,0.0457944683020768,-0.02737769558823117,-1.289570391853659,-1.2946091295355553,-0.08731341041084234,0.07664184688843181,-0.5826845459861124,-0.3233635548134192,0.09608785192599302,0.6552876911614491,-1.2555498602904067,0.004416602223139239,-1.2298941133601757,-0.7850146145954384,0.692512113322535,-0.4598975713482559,-0.11374812797767703,0.8799356768344131,-0.3890219146346662,-0.8288969591447433,0.2288667605300108,-0.049040271805126726,-0.8137080282802679,0.427421031243971,0.4689585673733975,0.09271813223385937,-0.44666398862655116,0.14359429399989082,-0.8621856517781421,0.18386744496472607,0.5599100969387054,0.016469110625155582,0.6453084050617006,-0.8588466661591161,-0.032818988809908356,-0.1761954462665814,-1.1495053832150204,0.6051502588543375,0.334312859877685,-0.5138204334948978,-0.21198543596966118,-0.6701589858762186,0.010508033108528426,-0.3856224555268253,0.15582080437179863,0.1477772570334112,1.0,GHD
295,0,0,0.2697854398062319,-0.8228860252709258,0,1,0,1,0,0,0,-0.10187404374584326,-0.030919489039322616,0.21282303977120515,-0.04659812931532605,0.04647960249280061,0.30901151997564513,-0.03352059670056798,0.07858228499745021,-0.08761258488452492,-0.1787774438658763,0.4197872544538101,-0.410439417247558,0.059783853086530274,-0.11205485507738835,-0.1412240945795508,0.4112054427512398,-0.04364339637024795,-0.12329190608181868,-0.1628949937859256,0.22820709382137574,0.07139154178873945,0.3763897202379312,0.23259548964485194,0.45444096264850375,0.4228769967507306,0.03754758196397689,0.35234747884203493,0.10448505489771526,-0.04902036445709007,-0.4455010064780453,0.6208511120080273,0.2776000771677729,-0.20279607166850233,0.672709213961859,0.2910639701406063,-0.36862578991904815,0.24824354701285542,-0.055945199377342235,0.025512753727060918,0.5610486508196697,-0.2400651912716801,0.10231167019307402,0.3367248536427319,0.44007449643126306,0.5653206002488087,-0.26031430586119036,0.4018871692830729,0.28913551823396116,0.4245916631116498,0.3897696214154293,0.24454241669470994,-0.18930702292034013,-0.1927377065465935,-0.3602082642972182,0.44552423131851426,-0.4452933318407303,0.10237773927813329,0.6379759434804237,0.44493338492976225,0.3577649631124996,-0.12671865064712592,0.4109996941855836,-0.03363021679528571,0.04319537645174253,0.20518771493019886,-1024,-0.04696147109307261,0.46518232530454595,0.052151178506713775,-0.5045214650279666,0.34406869289127856,-0.13608066425043364,-0.0008191870242336014,-0.3980809919377504,0.7286597765129212,0.47259171274376194,-0.19979822422057472,-0.41806589470061006,0.26764706062332166,0.30601882276956577,-0.4146829497319781,-0.2275529562648931,0.047361649216762516,-0.13717372352521437,0.2335450587494724,0.1633293787329679,0.169388962677316,0.07679646315166766,-0.2545625084372894,-0.34665204756297685,0.10266678181470325,0.09926703463417916,-0.3591504958293349,0.09619957143349994,0.10017762524758295,0.4208342738082408,-0.029835731296601456,0.030464303641826593,-0.06778104167297429,0.38657535542014565,-0.0724002039695087,0.03243308484734316,0.30767342230819017,0.1659557113773818,0.3027660529724545,0.1385007428511227,0.38129284061566304,0.41563156900312687,-0.4339707456445993,0.1954025740903868,-0.6078207579899351,0.14252071532733698,0.4982482109938405,0.007643146124957835,0.4704524442324297,-0.37293964074745073,0.14101662901275244,-0.6779680803405425,0.4534424520452976,0.41088018856508923,0.2599934437836983,-0.3227037254919105,0.12926886449620248,0.04548579177445702,-0.5324912694469541,-0.39137003777730434,-0.23472154042517707,-0.6044955394831758,1.0,INT
298,0,0,-0.431009194175384,-0.8081091951271704,1,0,0,0,0,0,0,-1.5216601938424152,-1.5183942702454176,0.12020292467354342,-1.3869134352773786,-1.3122436902398922,-0.4950592485621729,-1.4805133470465042,-1.6194039918277272,-1.9031547199502734,-1.369162598523481,-0.86511694514939,-1.5051127416822891,-1.595622709040213,-1.417165203446307,-1.781061047800286,-1.099494857541505,-1.1422762413194647,-1.2990325284574031,-1.7749021452394271,-1.1846080787013777,0.07494756158530434,-1.810899512871312,-1.0881634755235368,-1.5367528844608505,-0.1345927519617117,-0.9992171293989208,0.36681628887353496,-1.7284210590934568,-1.0804033528236257,-1.3892668115958358,0.42174079596586267,-1.6469272084546398,-1.2291037055544118,0.9990357664436486,0.18826217028267198,-0.6332664742087593,-1.7043857358295542,-1.5267649640016923,0.8489099036565826,-1.3435969305821476,-1.5888284898093936,0.8599009557688831,-0.20563232406801077,-1.1655963133330385,0.5606146991425633,-1.5501466856681476,-1.0011099843376188,-2.648532500687551,0.8409732495502968,0.8219030999331657,0.25023015460178477,-0.2508144746935067,-0.8439917642063184,-0.888045737105193,-1.960611187158953,-0.13419882880373077,0.12221702384689621,0.4518182017344773,-0.43700555055678464,-1.6082411582073177,-1.5330752630694,0.21180877064544107,0.32171306340945965,0.5673403039281704,-1.2412547202798998,-1024,-0.9077600937263232,1.049387950967106,-0.5594485473881705,-0.5018408029086268,-0.9523705743258373,0.09790391104218574,0.0017051012066094174,-0.09044577060490397,-0.6908706084574082,-1.9749855140172226,-0.06608277858513435,-1.1257760441018083,0.6711596803957675,-0.5493076713394014,0.10752932491058197,0.024306616268612708,0.03150614340914345,-0.6059246381132551,-0.550337629857437,-0.28453102863702384,-2.3132252783736136,0.07664184688843181,-1.1843750424059731,-0.34932772878596785,-0.036053422182886694,0.20570077356056818,-0.9055646155734857,0.6417352194368011,0.21340280754052293,-1.0875598584801647,-0.6570194577436422,-1.4873240147840046,-2.027746042465984,0.7691516394834094,-0.06756767115743827,0.7709301222340851,-1.4268142435982962,-2.1774351022386766,-1.613161447471976,0.09658646295076136,0.8271627152362,-0.06337721486793424,-1.2672100140865405,-0.20932960022980054,-0.914710398077428,-1.6101739866999372,0.8905992048852237,0.3144805582471431,0.6040699359410932,-1.0818438677907805,-1.4014031661436208,-0.747990404112773,-0.9289751320494226,0.17086979300851554,-0.983667575416661,-0.08114961552528602,-2.132712174820125,-0.892843166546076,-0.8320909683583455,0.24263437420974013,1.920094663026287,0.5550509048894504,1.0,INT
312,1,0,-0.40909081846963,-0.2925980748329729,0,0,1,1,0,0,1,0.1726904158974474,0.34987227007127386,0.23253644737635681,0.1875773809226202,0.3990072682801615,0.3480619625111789,0.05119645558064115,0.27039734040045993,-0.043627774647299195,0.22632137441325542,0.696252234057798,0.3348719235286741,0.2772626151597638,0.43522499143598586,0.1792191979777364,0.6350820938141124,0.6833684688912406,0.5606573510040859,0.0086908258291804,-0.08419007238628105,0.07123523893099767,0.427958857155723,-0.28613137255977605,0.1803389667960118,0.25205896384181153,0.3617558534096129,0.27023538136100106,0.10312022620409014,0.16739258312294608,0.04986105575156772,0.4353475232679577,0.3655523399450028,0.2478236327058314,0.6150354283164063,0.18008884411399675,0.19818801903943578,0.39774091692422353,0.18016669704947252,0.19878844658780118,0.31772534865149965,0.15933366332068846,-0.00606644568950005,0.33236734915983873,0.48399295094396294,0.1874865755696218,0.20748378370845527,-0.5261541921907761,0.3857327904609505,0.10312164574785376,0.37017570742470407,0.6033433607652418,0.5120185879906833,1.1153514885272835,0.726811077718109,0.8522997986946534,0.07149786930320291,0.2572168450994234,0.6728323001785695,-0.23378426393816967,1.1823095548498637,-0.6322889649633497,1.2037233195356252,-0.01429434353527579,0.71043153164356,0.5334966501283354,-3024,0.2712835805841774,0.2761025111232544,0.3888353011553546,0.6846568915946127,0.2412706479096707,0.0361214562279607,-2.0295046534293815,0.5018874530518599,0.6240296043609965,0.5000476291274378,1.7569355621759717,0.1904147475126223,0.17286646777176679,-0.22267536496997659,0.21646757115660104,0.8445520023896227,0.05737653358366312,0.6689618283389467,0.29167545129464617,0.4797390052032621,0.4538735842715843,0.08027393199195015,0.6486811858371692,-0.011323259178253045,0.12274153831702354,0.6173712764567142,0.8846806857014116,0.044217034921899885,0.25263323130820886,0.10445024269290742,0.1257641087470009,0.4297522370008238,0.13799532515885904,0.6178980029786096,0.7890129100364877,0.1446648687935965,0.3614803585974196,0.341581727014662,0.6770006296466754,0.44726041264994476,0.21349701377557584,-1.9502410756346167,-0.1265965398032882,0.2270339369954407,-0.49224164038090656,0.5672552238677,0.05100837042759489,0.011264258261196864,0.3871470720662423,0.5426961323237806,1.0391431909047002,2.191829250376313,0.400405422204495,0.7073233610519583,0.5177218320096569,1.469497267278274,0.3274499417352467,-0.5288839411701991,1.948008324469579,1.1301298487949647,0.7502999444934103,0.5069914844778635,1.0,INT
314,1,0,-0.6111101404683738,-0.7804702178689685,1,0,0,0,1,0,1,-0.9787962918654894,-0.8018851052700708,0.059696978177848005,-0.9068619210137945,-0.6429338479007957,-2.23247291098197,-0.8703541351049339,-0.7582367087605495,-0.5909352691515465,-0.6419933761815364,-0.20206924445435365,-0.8807220696598245,-0.7063106874845996,-0.45628203574100673,-1.3248153442152941,-0.4804402185168471,-0.2560557245395825,-0.4998849845439215,-1.0052093592458555,-0.5525087792362606,0.07270682323211224,-0.6674871016497574,-0.5614621718605209,-0.5338248016006445,0.5209008873995677,-0.6144143745351388,0.5693576647794457,-0.8623327580252226,-0.8659473047261801,-1.3278629207345631,0.3830342381342108,-0.248767249805593,-0.4620445916058883,0.6927033027831908,0.5898117868883063,-0.24446477834399757,-1.0916491512431301,-0.905535928906685,0.4714650720381894,-0.49546415893484014,-1.1220487611719163,0.12877307353364834,0.1810662405421896,-0.32207839291457857,0.953875194561714,-1.0867029369766537,-0.10452640546986687,-0.6547450133316784,0.7956463817789466,0.01410223481818846,0.3061452802346093,-0.05262802106791839,0.22742521041172178,-0.5434283986455088,-0.639304103910135,-0.11099549993553266,-0.2866900148609468,0.47359808782659985,0.4678018310918028,-0.10895798287024532,-0.6930622864634585,0.8199164518744722,0.09244262012586843,0.8483002646139516,-0.6073256622166904,-1024,-1.0109619463916397,0.6661117240987678,-0.5527445036198545,-0.2750007161604307,-0.6578596446436537,-0.2138611717976715,0.0017051012066094174,0.10720819069836159,0.7909594553637437,-1.3815018491656832,-0.32446078474587414,-0.7029675217434509,0.41012615422700543,-0.17614187548347812,-0.153830772273523,0.40336518356051576,0.03988243652094702,-0.14641548498642193,-0.552919803962465,-0.28316726962928745,-0.851994355628919,0.07664184688843181,-0.9992597224336974,-0.2878972594761932,0.05573066368547426,-0.08725875007700273,0.004807202203489168,0.17442968037384282,-0.2747153219118616,-0.5969909079309482,-1.067447414890771,-0.6411370359500338,-1.0085855077504082,0.5807139905169078,-0.4077905409341333,0.06339647125178414,-0.2680326360377639,-0.686411311783876,-0.8459281836246448,-0.16976066861985578,0.7311982741122927,0.2416379113980605,-0.8794723049690122,0.1002666364847696,-0.9080235018380134,-0.3550048914468687,1.3295665729415345,0.08395639408826082,0.9351399098168683,-0.44067417133678843,-0.13745753137857306,-0.9901268866296126,-0.8177444985382245,0.0008175132222114575,0.11292755847167783,-0.4453227249738548,-0.2645359361018689,-0.7858045537620743,-0.7083949516806186,-0.38719505342464766,0.14154976675744052,-0.9911097425568303,1.0,INT
322,1,1,-0.43653288056525624,-0.3962293716790953,0,0,1,0,0,1,0,-1.1054593968472533,-0.9973652526114557,-0.024326044424548103,-1.139786260647233,-0.9566634787135782,-2.23247291098197,-1.0708826736943748,-0.7596778067839133,-0.6284611500345513,-1.0686678384248551,-0.3308872800601923,-0.8677007069259296,-1.016983939570217,-0.993597768091026,-0.7960515793683657,-0.5637017657728817,-0.6306610277295476,-0.8373628309571794,-0.906959585317555,-0.6821860644212971,0.0719524295878525,-0.7714977211162444,-0.5103070234482682,-0.7738208984605837,0.3060365733367163,-0.8068658598300416,0.47157070348116187,-0.6005652977133262,-0.9858757255744536,-1.038346006200672,0.7805070851042422,0.03539148130316488,0.13300338907193146,0.6325711345638749,0.1221405630769147,0.3895627252917223,-0.0883895750052473,-0.9494487715172747,-0.07502558272726,-0.47064021088567254,-1.1011582105399114,0.8151828548339024,0.21593996133586832,0.0006126778900272542,0.6833860443430256,-1.0939301567835096,0.5081361595300266,-0.07807112350324319,0.47972085226143707,0.5095416617523922,1.0822186744430102,-0.5625981065648348,-0.5144049303545045,-0.23211884714842215,0.2808213279339452,-0.11194316767095787,0.28521205890188656,0.5803178491063854,0.5527776928737914,0.1311099986462524,-0.8772661274573282,0.5863544422585014,-0.03464572825777777,0.392858426612335,-0.7874483504183256,-1024,-1.1568114465159869,0.613722767287106,-0.030169793319543926,-0.4679034779099044,-0.8767830324118602,0.09698543470521115,0.0017051012066094174,0.2867409432766272,0.7198458332784825,0.14274261741047475,-0.45163719358886417,0.0846943971000322,0.08052221853434685,-0.0665248881133643,0.36118660884021286,0.17368568746834043,0.04161464682987994,0.7075738211708017,-0.1637806841796794,-0.8116461088171664,-0.18705566986822839,0.07675480546309033,-0.9166276296084905,-0.21626241617829128,0.08361579812892701,0.25108990880640364,-0.6636211977443847,-0.15583829395007304,0.08846353109705665,-0.8871684648951249,-1.0719616460433685,-1.0618092677830833,-0.8943194403933115,0.6516559839712579,-0.05506068074496477,0.5307157570935429,0.16072700506589918,-0.40990002047401364,0.25429818095871853,0.5081100752407525,0.31519354247906667,0.292923841230806,-0.7231319493321302,0.1152572237912283,-0.8848140502850302,-0.5227368044904358,0.5167563722167037,0.03705045926825268,0.1519155630643739,-0.6611151986123044,-0.011272963025657008,0.17263505092516876,-0.21628663294038816,0.198546177312219,-0.4091705907468274,-0.561653295438728,-0.23122112854180557,-0.309415092993752,-0.046165860606145345,-0.3934640682725735,1.087929124146567,0.5550509048894504,1.0,INT
323,1,1,-0.3928341013225148,1.519531071745698,1,0,0,2,0,0,1,0.2170786183325153,0.5053476592080927,0.2446031353367246,0.5283400735782365,0.879159403638364,0.25734009608321934,0.404194153467216,0.027327031613766987,-0.26396207235912855,0.5687456313267525,0.808800189607648,0.3589626095247639,0.822158582972153,0.9313238198988254,-0.13599791963889876,0.6490371823645504,0.8083368170752093,0.584313245632416,-0.14926981849295368,-0.039091818240818414,0.07199262676145722,0.1865614657308923,-0.2795397241800627,0.19343698197181924,0.5443998321437661,0.9039741448956693,0.38010497389272857,-0.04401779412568893,0.5826445426832324,-0.46202790211449585,0.7035695969348623,-0.04707288716903694,-0.3791279870274987,0.507502524109193,0.7034562741397642,-0.2993328354784414,0.07496501650178372,0.2107733359002448,0.7401203650648048,0.29228289042079936,0.20312314844702276,0.9831039290762047,0.22337346038427183,0.4825180360443337,0.8334992216633933,0.05285107233484105,0.2593567138122794,0.29156152670069563,0.4013915637885174,0.698589838819463,0.6775696869581883,0.6823318132109957,1.0741263992861751,0.7640298545038303,0.24542824366483518,0.13336033071766723,0.8123261767127588,0.6352212547194773,0.4536829519103388,0.6934472325459445,-0.15621126380961103,0.4818560031534966,-0.019711628961488193,0.6929657734803715,0.7266171540096789,-1024,0.7274400433348185,0.7662312301482103,-0.10063823812482749,0.3999816178398601,0.1915690625679896,0.02094234507775726,0.0017051012066094174,0.25404143684630326,0.7937985435321707,0.17855358420498868,0.5420191527932224,-0.694008320026349,-0.06743526939591243,0.10024001410188928,-0.35465961730521156,0.5156312689237909,0.03926735420239977,0.48644724279753987,0.4085293466314702,0.4422776667150728,-0.5080124300025264,0.07664184688843181,0.6462570348601917,-0.21425726542089038,0.06740592674608119,0.1423828957132238,0.8180707273364497,0.13716122185324792,0.727300632271952,0.15677017880989375,0.5910838940552694,0.6871282498319083,-0.6689963591523338,0.4808851539569916,0.17110368506408,0.8515347320345938,0.0551700243314714,0.018801342411433566,0.11325975004436212,-0.10862425180538016,0.7605553862673521,0.04688842399306357,-0.748348261439158,0.08989099314592609,-0.6024979303657595,0.11195258557905396,1.1759856374924358,-0.023579354618035404,0.7357903906876456,1.1419973428355379,0.5534605425571492,-0.614172503074719,0.5631928796375043,0.42171262897571615,0.3219140746793523,0.3348642263110769,-0.08646872998749056,-0.2969386863156046,-0.2706625378956085,0.23326112221688022,0.3428264413595038,0.16339109519325956,1.0,INT
335,0,0,-0.47005426097952907,-0.44025288384716266,0,1,0,0,0,0,0,1.0805113162246047,1.0748808588373837,0.18443141530256763,1.1840510824087362,1.1296716868056276,0.7784722687295436,1.0330777112633043,1.2688262151242053,0.921323249989301,0.625038481471645,1.0494807012381895,0.138286678436226,1.1079054009993121,0.6219969729752679,1.111592819235937,1.2959792394851626,0.6466334665561658,0.7497450391211397,0.8835141497034084,1.0910763815004827,0.0713005070940084,1.443864392842105,1.2176913221639731,2.10391637180112,-0.13597507639320788,1.0284297833920717,-0.2963972083276835,1.1867121902918183,1.0881962863929613,1.0025189678154354,0.2023562581459879,0.49402332651772735,0.12714042021180447,0.17616378369663946,-0.23638226620469618,-0.5148910608273402,1.3747584789128093,1.0975973361627474,-0.4722411023806091,1.2823785549398001,0.9527541794847071,-0.739130125394177,0.2949224463070943,1.268745827890946,-0.42154269262110505,0.736142837710963,0.22654781090939222,1.4014330841025322,-0.42128429398818024,0.11435651094888022,-0.551371255669196,-0.26073130971299974,0.03510127221297782,-0.23991478394729715,0.50584009192293,-0.6380434512809774,-0.34186905991496913,0.4222443237271231,-0.12137618464725826,0.6458520021296678,1.0580602402614179,-0.3557516770415375,0.02372136769801456,-0.4977584555151965,1.2787739087305436,-1024,1.2009454193189544,-0.3245709890231252,1.256683819319505,-0.5045098820322861,1.3151980158820147,-0.0799184439807499,-0.002081947889442757,-0.9729769917016593,-1.2349442534106807,0.5087729376019965,-0.04226887821178749,-0.15954742803206304,-0.1951946653730018,-0.19955136984349717,-1.030259718375287,-0.18487492942905923,0.06869718118401082,-0.05572663327201112,1.2913014877670395,0.4898016169661705,0.8075050285292542,0.07687376927819078,0.17368353480952156,-0.3655735183179646,0.0929071710914262,0.6761918348478183,-0.08098157504412423,-0.0746050504901543,0.5184481403568062,2.1889769309339773,0.9793794198714099,1.1312628255174404,1.190799209263259,0.21047749592368822,-0.39261279939346616,-0.4299950368127805,0.35390964834404876,1.614213022886462,0.4027700535979848,0.2544921384800492,-0.3895827478749961,0.3505333826539411,0.33948786430490313,0.12672860072349518,0.6900763829770497,0.8838480468859108,-1.0199017951343423,0.04856591960269356,-0.4485172692813948,-0.3314725888010364,0.5611573894815121,-0.5378500211641528,-0.7703665993876315,0.6810714208536053,0.5006040397902202,-0.14822574927989704,0.5948411322827637,0.19508287075379419,-0.17676779792884317,-0.3917501150626691,-1.0213390646526541,-0.3235051125084805,1.0,INT
346,1,0,-0.6734924281066933,-0.504730484378536,0,1,0,1,0,0,0,1.121638800927903,1.0557234530029322,0.04598154858478095,1.1006216002263143,0.9681486039162683,0.6483267830924704,1.2327942795102236,1.4456837325830534,0.6126847386449894,1.7334876913185107,0.45408871414688295,1.774624195371524,1.2558150489645314,1.7683446656222657,1.6255777664138318,0.6635740930717409,1.347779067699248,1.5629818704197862,0.9781983979350986,0.29218955792493884,0.07156214395010044,1.4596229259834173,-0.4712782771902908,1.681827371494224,-0.5270394834015247,0.801636344297843,-0.6762484991680977,0.801283966589274,0.9334972229784491,1.1347562474334087,-0.07083450497987816,0.5338447012640213,0.47679060911400045,-0.3847924808196903,-0.5718250413910048,-0.025524607488523317,2.1797808622896406,1.1227441763808117,1.3160514711393927,2.561788527204068,1.202382090751504,1.3147251786191643,-0.011557143478330503,2.7093681024251905,-0.8960667753315174,0.7377835953198975,0.8626406973039956,1.3585510972352186,-1.0519968350579383,-0.5509996878715028,1.1162606404356255,1.7964567069559645,3.8993635158418494,1.815316461640518,2.9632419448661937,1.6639699556445828,1.7023015102000012,0.1159042308219964,0.25138705354418134,2.4986013760093666,-0.4466357396257796,0.008116401583310522,0.0881545798932944,1.056766451777527,1.121803837527579,-3024,1.1529710347752913,-1.0270357587186136,2.3330703305559224,2.133735430568947,2.8145515151607583,0.10035529040659893,0.0017051012066094174,0.6823414821176182,-1.393990795730212,0.4787134493206447,3.3515750515739278,0.4406519275058586,-0.1795189587863079,0.7804603412609161,-0.5326236797875353,1.3230154372649483,0.10758276735558352,1.5954790222863566,3.0001730770134154,2.424548043201225,0.9746328837799667,0.07664184688843181,1.2612066833585933,0.760860241607199,0.08618078910695685,1.460475412298959,3.6022438737438947,-0.23148322759615206,2.36624491240803,1.7441337145124687,1.0971191363936945,1.1675454172813926,0.9698977861915401,0.34266085237026706,1.8342756319411637,1.4693842209489238,0.3258632344953973,1.5832285435690048,3.0150157939888316,0.3366230013524345,-1.0179867748668723,-9.050485178457055,1.3001515080518946,0.09423968249680398,0.9500644715744492,1.197473368236368,-1.2300701085070866,0.12380558273108735,-0.6583184881408873,2.002139262474554,2.466902773001081,1.9798055773486498,2.21861915670374,0.9863285209248169,1.0381854263944206,2.9850884221325353,0.7602676487845342,2.761154705839305,1.9925721516856876,2.2560883944609835,-0.7763326192352838,0.5676374401921671,1.0,INT
347,1,0,0.9817303085105843,-0.8112828637893,0,1,0,1,0,0,0,-0.4778234644757803,-0.3585179898839967,0.1813399665494293,-0.5777990574359766,-0.4100887915979851,0.19848073870084199,-0.5079742788642295,-0.10232091168484565,-0.18416640206331256,0.11954515776121559,-0.20488336095209927,-0.2297507336664339,-0.3972190292018069,0.2884103691334071,-0.3881802098397201,-0.3952297726410999,0.049143607460427445,-0.09094357053321309,-0.4233719491170552,-0.270796323008031,0.07147095723300857,-0.0752020643766792,-0.41741587557495763,-0.1806131160426776,0.35424022004857275,-0.401705604440015,0.15366998669474033,-0.24959736405951594,-0.5615006324322981,-0.4762983702802204,0.29676707089148996,0.24183695929584775,0.07504633184797338,0.059642026419558625,0.31738924448373473,0.05916168833488837,-0.30880987729257203,-0.3982301107021185,1.4689809589478733,1.04889768409881,-0.5537385747307704,-0.29212867932239434,0.2827194506848437,0.12782573746008405,0.24582245800524904,-0.5093063530545981,0.3294601143063583,0.14780789686019077,0.23358711038102806,0.0849408564014094,-0.03348668103473674,0.8651483294745322,0.7554675137444126,-0.03642359171007062,0.2198513467974866,0.30293796486661717,-0.31597704479567035,-0.17977656710712414,0.33777318332300577,0.49071354937712014,-0.6773639134042196,0.15092483724484815,0.014588328708840784,0.737671820523965,-0.4144692354469189,-3024,-0.8154271237431083,0.2443628651039033,-0.7803787690495908,0.42530513164415373,0.9393911324729662,-0.1558706373204145,0.0017051012066094174,0.15527103892528749,0.7183404390255382,0.4033799580664711,0.6284629156623368,-0.07260896873710862,-0.0006718909466101126,-0.26292680036470856,-0.015206539373601856,0.2837222660949148,0.051527357810684814,-0.18489585913397313,-0.17002805578234687,0.9448532412622836,0.11395757189831328,0.07664184688843181,-0.43069010778777084,-0.22463465945344044,0.1099850668773189,-0.6893243877635569,0.5536375839656832,-0.009685401852342016,-0.3822852188138867,-0.29221205923101,-0.9726759339219584,-0.3165510019297666,-0.28750018587347465,-0.26596873267482735,0.17708985093189916,-0.40027709806911643,0.2622596782799265,0.1385377168349035,-0.03621210891174886,0.13334977234399917,0.27943360677972373,-1.4632551537647824,-0.3056703421263156,0.1923015302334555,-0.5090862495288416,0.3537580548565879,0.2395536876472647,0.05065602472703898,0.4168677593107094,0.90324564135772,0.2563957458900188,-0.9088706358653311,0.006943353850050878,-0.44611467761511153,0.3281290506254639,0.42946727580932353,0.28747005746930704,-0.5070006924833411,-0.6244512174401315,0.2344303757998775,-0.4372846170658357,-0.7114684702848965,1.0,INT
362,1,0,-0.4476339641974806,-0.6231441280442679,0,1,0,0,0,0,1,-1.1182969218885401,-1.0344862260770387,0.07144807987172021,-1.042884496363692,-0.8876933488578911,-0.17755804399905492,-1.2353575078067893,-0.8219809528135427,-1.1251549647753838,-1.397935734519418,-0.510520301632789,-1.4170679998167732,-1.2357894418040094,-1.3808127707024302,-1.1644929555147818,-0.74918834660077,-1.02727484915479,-1.2378999816558505,-1.1071366980106214,-0.4596058536288292,0.07232324760426041,-0.2945379768444704,-0.1298985816787474,-0.23241893978331943,0.5761702875848775,-0.8083070275721529,0.5667926592884078,-0.5539052576530304,-0.960340330241231,-1.311310384460131,0.8693163774956951,-0.05503438135687921,-0.6129184735767799,0.4604907378661443,0.49641006224854767,-0.47308890887351224,-0.9604962534826018,-1.0311323942679547,-0.5966509177705122,-0.9812225746091366,-1.2819875027555363,-0.6960444311146874,0.13118953314457016,-0.8124879173938567,1.3281831417845953,-1.1808461632208576,-0.4479413483882031,-0.426924901862825,0.8096062269266676,0.3648201265599172,-0.38608512002160544,-1.1493635295520277,-1.1252334553006522,-1.4595004688820568,-0.8867504208343838,-0.5399041444462536,-1.167167018700813,0.2935360583031423,0.09060480191000607,-0.608863651309711,-0.5452329308816583,0.4590356613357165,-0.005615113934520552,-0.0814138739771922,-1.0461007310313066,-1024,-1.0254004702320376,0.8518895204946911,-0.5158438678449171,-1.035687022164823,-1.4183078670400728,-0.2517179523932544,0.0017051012066094174,-0.32159340996387537,0.8024742204870307,-0.5650100132043788,-0.39478516801323393,-0.9299937816880789,0.2754366380432245,-0.6831006694904391,-0.4073899570125725,-0.3121814780859424,0.03820909941031791,-0.7324643626119657,-1.1623613730482873,-1.3739795629058005,-0.6803669826198826,0.07664184688843181,-1.45384019583432,-0.3597591000304818,0.061662188737010244,-0.14131432850468065,-1.2334676684031154,0.2009538183173669,-1.0575435030978724,-0.3148634804560408,-0.9715075073128685,-0.9738024657480155,-0.9204976308248844,0.37687354470800327,-0.7040544265474842,-0.6857678804340821,-0.1668107052602861,-0.6440372651505626,-1.0843764755446947,-0.25852163280519463,0.7006077559645157,0.2811061236988982,-1.0134241294971573,0.10974019066954695,-0.9006491471490508,-0.487554733543869,1.569728024769834,0.029994424456095594,0.4649349711686814,-1.1629295258402028,-0.833392422080386,-1.0313638435258352,-1.4379411630817187,-0.18506334682118797,-0.4225700929311512,-0.47690449794230155,-0.374799560533465,-1.2794756915881342,-0.9499535165576323,-0.3785754201250309,-0.0666907145145988,-1.1717867969895992,1.0,INT
365,0,0,0.4070174626536436,-0.2646834475492733,0,1,0,2,0,0,0,-0.6699817661733896,-0.7541073241781571,0.2808207049911419,-0.720768367284825,-0.795177088149405,-2.23247291098197,-0.5503363961507043,-0.5749757108322532,-0.25873965983901465,-0.773638646887936,-0.5169401510242729,-0.9086290942188681,-0.6971511604737087,-0.905987059919449,-0.7950658862518177,-0.5510965309354161,-0.910809038631994,-0.9220177423357446,-0.5939701482206746,-0.009252706879957055,0.07146654213463065,-0.22796255973400578,0.14243095671043693,-0.23690803828126208,0.5981149781259003,-0.625012297545852,0.6056683246415719,-0.2677762498766897,-0.5623144624348262,-0.7621560818043367,0.6919260460046418,0.2029189044664898,-0.034777078247107844,0.055048966218990865,0.4840087864756322,0.01660217512595053,-0.732248395175287,-0.6226547341913397,-0.09588640415827775,-0.21687372837778882,-0.9404320292468453,-0.1710525873237357,0.48033492961387836,-0.5316453763202039,0.9312071488356721,-0.7763632555629665,0.296177770831376,-0.4351772900956495,0.6628945650174254,0.8075204284897551,-0.4186935977869607,-0.6317273659723225,-0.9005320917366718,-1.1179033445338902,-1.0995612945450257,-0.5277649836675083,-0.6355660140750211,-0.2036413523995557,0.5762499636994114,-0.44355343875761744,-0.4491738504946766,0.5651294919726455,-0.029533802192758217,-0.46210585978865254,-0.6577490930597346,-1024,-0.8708205724422707,0.9470721479389536,-0.889311886331691,-0.7289203895383661,-0.48138993058469787,-0.11953451611243873,0.0017051012066094174,-0.40271951289384167,0.8069489328851889,0.4558754979832879,-0.14519121646767935,-0.1479982963486561,-0.0007796628934839098,-0.3146300648232069,0.11556939776366554,-0.6515577797805175,0.040819711874086784,-0.9411872602458783,-0.9263897521474684,-0.38886753532277063,-0.06790768430219495,0.07664184688843181,-0.8748252304964282,-0.3612569336461347,0.1386946411261913,-0.5636055385666345,-1.0186450977381907,0.23959024550435767,-0.8335304832273264,-0.35973539265009075,-1.157826511077793,-0.8432387802366227,-0.39501296092358656,-0.08392667348284061,-0.39821615577946684,-0.4641437983908417,0.2715711362420569,-0.5125344747978887,-1.415695066764512,0.5558748366649781,0.7406514932252268,0.08817344891095635,-0.640647751094844,0.2558881873528102,-0.8136638203048949,-0.3074316118695328,0.9564753141278245,-0.039536679900504544,0.39226295229117547,-0.9143560660519412,-0.7127257162421206,-0.5733883310328878,-0.7125270859587185,-0.7083990352567653,-0.2943826642484058,-0.2978639456753024,0.11180923173610299,-0.6720233354213381,-0.707030511422147,-0.3899622129117927,0.28480757822520825,-0.5344456602083428,1.0,INT
370,0,1,-0.24811018393941092,-0.439320827698611,0,0,1,0,0,0,1,0.582776847337685,0.588067543318551,0.45490457407341733,0.6973482672629316,0.679119560126695,0.5950448133148987,0.5494758867578771,0.7072736813934977,0.5301670868847468,0.31773239503727163,0.4600656838651536,-0.20761878928949962,0.5995021996959466,0.32344556714560796,0.3244928784686598,0.5653466062584424,0.24068607702435033,0.2803016068944981,0.4427676137668701,0.8608213642658168,0.0708810520080142,0.760667670198572,0.920779870455074,1.1018692660970955,0.4368656794612419,0.7384045311992915,0.09612550250753188,0.7033231002512071,0.7601984211170316,0.31861185440861445,0.5870356912313524,0.29953135045470214,-0.1700696070084693,-0.10933403072420865,0.5774058362225877,-0.4468765828527687,0.2259129803332016,0.5765680301168973,-0.3629651595322918,0.3562370143104459,0.3606788630094901,-0.47423479226571996,0.31980874089102385,0.6428331690057134,0.20924897776843526,0.36162247377561363,-0.02726792947771797,0.7210711106539457,-0.03420408891517087,0.901215699303268,0.05886585932133783,-0.48490564795709984,0.027631954811772344,-0.5171975724981098,0.4358671081960505,-0.6289802889366755,-0.37445427003672654,-0.05974401103320222,-0.03898525219458095,0.1684315165293479,0.6021190211457794,0.4239025364234439,-0.04924258546947828,-0.47984484769134234,0.6717717347459844,-1024,0.7947561166634011,0.5368322539542636,-0.2608723127232707,-0.5180203856339268,0.11774862486403524,0.09294730770665531,0.0017051012066094174,-0.847886810000354,0.7419438034347011,0.4841314897281263,-0.09227630213107627,-0.40425317858904275,-0.0885436166454198,0.5639659119731157,-0.592333544885731,-0.40517105251326935,0.046852919808027464,0.2641644545074623,0.4742833550575092,-0.3562882925793338,0.21920764759394132,0.07664184688843181,-0.4583019358927552,-0.363756948124343,0.12078583136543584,-0.41326041612320513,-0.1082356916660296,0.13416062219452854,-0.03220242962623907,1.105390361602298,0.4184647939637602,0.5613506191000593,0.3227238391683644,-0.2801533724543378,-0.39330432860170256,-0.5436956134866062,0.32042101209175927,0.5307872658647254,0.2944491142330239,0.11249554540279874,0.5508100951173657,0.1343657634603155,-0.22251611747001873,0.2040919963570519,0.2756559590592049,0.20716121167115012,0.23235065010916528,-0.07487006610731078,0.016247666080663224,-0.13738674352561328,0.0007134216849466245,0.7011890395959571,-0.16568099621150306,-0.1302947373672864,0.12384641570801987,-0.20512812742980635,0.3604428663467453,0.8303601545363856,0.6050379398350044,-0.3922577925607579,0.38717838651958625,0.5296225439125879,1.0,INT
372,1,1,-0.13310321787741708,1.270371768621107,1,0,0,0,1,0,0,2.112911746971235,1.883050926872511,7.6439641918974175,0.11569793181520818,-0.2913922257343255,0.37055312055379697,0.5767060539431313,0.02702402299020325,0.1119454078327038,1.223437594426453,-0.9597809788617704,1.304737414586967,0.23183948880468783,0.9752526791056066,0.012532242562882314,-0.7693314459706951,0.15879067413548942,0.5039046384744278,1.5429515106585645,-0.49683166388940564,-13.964101881059213,-0.3276075183585243,-1.3375790762740998,0.3384597679317812,6.415017433672897,-3.0763739283179143,5.953467718642166,-0.5859132161882926,-2.6837585021650923,-0.6033318502241579,1.3339594452955643,5.145344734716531,6.049805900455474,-0.9410529077672873,6.279679485524153,6.425084536520196,-0.026026918464980064,-0.16808707496172093,2.3742300431540126,1.5390807020738388,0.18802742376276257,2.1019312246541677,7.1085788727695505,1.8211852794907133,1.1103850608334322,-0.42453454330723855,1.5862636681488427,0.36279732165674256,4.8019660708628615,1.2118085772519644,0.7074843982840405,2.193524950328714,1.970723055134537,0.8315699976939286,0.5469211284517961,2.2942375515875666,2.1975491299857826,-1.091120505685521,1.7516741590669938,0.8772872721865553,-0.8931119874413828,-0.15891869663523076,-0.21944751421168776,1.1442483858503367,-0.2182977515913435,-5653,-0.8618520623307873,0.9736912465472375,-0.8817253031522517,1.6930070899203267,1.6581721770664886,8.035101316599558,8.13885224261757,1.1002462425428445,2.617723371430542,6.511563547932491,1.5788749091222978,4.876576869867411,-0.20238299325297773,0.9146914154392601,5.071083454035045,0.8711418556254815,-13.888393475402527,0.4049353023096633,1.92867470517566,2.026195670672247,2.716059545023458,-13.925941552152144,0.49559710095223325,0.6457386816942376,2.4070231134287723,-1.1232244516613277,1.777355491467119,7.785677110580511,2.218617361707995,-1.1214946022000043,0.08690782051833104,-2.6626292225827206,-0.5949886654857627,-0.8766442371351301,0.8665228590168208,2.266946121856981,0.3507851214734058,0.08150446696346854,0.31716854677249284,6.368191424504891,4.516023971654829,-1.018131828310655,-0.6703363035390896,0.24974624746353535,0.2809758354780034,0.11577212715126782,0.9475639082388051,-0.1358487371176141,0.3243798227596616,1.898491028515181,0.6666243062733952,-0.4806056691519386,1.7747495908113753,-1.09213264018458,0.042987284398814635,1.281971546674292,0.426463629035431,0.7045035343153971,-0.4494388451967182,1.1253237433652759,0.4438209017248457,4.019745589657134,1.0,INT
381,0,0,0.25506831962305315,-0.442453027075214,0,0,1,1,0,1,0,-0.34988667820878855,-0.3890609301924011,0.15316310588468554,-0.13563739115160386,-0.16530638295742214,0.034599585742369224,-0.3325352214110649,-0.20105270365430608,-0.7566654091547641,-0.508504409819416,-0.1333512864472356,-0.8339936333001291,-0.4095470654553848,-0.5824210484861589,-0.8154904209083383,-0.13235147625746954,-0.48067021321926506,-0.49168329848133024,-0.4974754782742471,0.015141028912156917,0.07264252850128984,-0.32782275326554694,0.36632994875419916,-0.3999176230451332,0.5543115115152015,0.015244399551345314,0.47081627683503713,-0.1484559359208253,0.040791925003057034,-0.7511179421842908,0.5209817309750389,-0.23823275414327738,-0.5396852232725277,0.3445916386282166,0.6967383753009072,-0.40766270274352073,-0.76779464649205,-0.320945632807604,-0.23557616266650108,0.22780215469906756,-0.6013786461061688,-0.14443200141359475,0.17829100613002613,0.13445222121164066,0.8988465293597185,-0.46588225507254893,-0.4627066494473181,-0.4935960072775185,0.586007423565858,0.5782949467221482,0.0077338932385117975,-0.45083163651074615,-0.8684169980019188,-0.8685677004703061,0.04308270425040538,-0.6187731609698208,-0.34271832100077126,0.42165413872346386,-0.02915823613025795,-0.5066116831143131,-0.1853639982900522,0.42976648104109627,0.04057006902662684,-0.26800904556051136,-0.17717232961074297,-1024,-0.014256768104565932,0.9485406805903248,-0.7452272566425296,-0.7426088863164415,-0.0033136224282270506,-0.05070510757026842,0.0017051012066094174,-0.5945136062476895,0.7961556052848117,-1.4058990134918559,-0.23481639471296098,-0.8912968287192294,0.2547644205714585,0.09325246409649257,-0.39746220483481576,-0.4698589573599399,0.03615838201681326,-0.0006990658838233482,-0.09013588580680996,-0.006878733991369535,-0.8977744162442488,0.07664184688843181,-0.944052364923292,-0.36526437072618884,0.052690767493477605,-0.40325191138845945,-1.0053926488376994,0.23066415121978195,-0.07215265850699915,-0.4623927211825556,-0.3218077403334929,-0.26764963267447933,-0.393584051778664,0.11825377937977367,-0.39876054258234006,-0.07865695315992985,-0.15038887280381408,-0.6645937399960942,-0.1178530319375829,-0.1315555063416655,0.8208337236961969,0.43413371769215353,-0.8821017370381338,0.04535465314708005,-0.8302600493638836,-0.5303457096720199,1.31041658455268,0.023184515197181003,0.4488004008311165,-1.018344125250884,-0.7313991497060981,-0.5510332862883596,-0.5892876042708407,0.2296214533414248,-0.41890619232540455,-0.34772771011201326,-0.12766999758666767,-0.046906503248601294,-0.4967827828173795,-0.38831535144015683,0.7080548979777803,-0.19523327544133648,1.0,INT
445,1,1,0.1325461650969312,-0.23057348547297193,0,0,1,2,0,1,0,0.20039294511432718,0.32900613250231403,-0.5877653387425712,0.20812190256698937,0.358160926300974,0.41423930750371457,-0.28450835958336973,0.3101986476600734,0.116007989864529,-0.665505968037517,0.23060813955843437,-0.15149395067374868,-0.17137283305901682,-0.5978003669363913,0.3503637506286368,0.1418033014374025,-0.12944554194995508,-0.25880557771899104,0.17652742854534786,0.47561102212290157,0.07234728977675917,0.06877620650172314,0.7914833972662717,0.12723193383522582,-0.8903996879565812,0.11940289663569625,-0.4451350660213333,0.602111753490466,-0.01686284969481362,0.5658923125671652,-0.2617424125693354,0.5451257279906536,0.6993592106282788,-0.24024060848682394,-1.2080198394521446,0.3780598838852318,0.39447295999610327,0.26826997651089296,-1.8639929274430223,-0.15682405090234242,0.12972626611238453,-0.9136599616581049,-0.4281000343108345,-0.2031797219346954,-0.4594253244426948,0.4885062629436052,-1.2872181612263627,0.03343652588018743,-0.5510809882070206,-0.6119804522602877,-0.2188998739988703,-1.083998801038664,-0.9912959298322157,-0.16396540921454733,-0.21559807781610033,-0.6221610540528476,-0.7458972214442382,0.03413898358161914,-1.3005956872016247,-0.3421204627011722,0.021258948287133286,0.5819896786546889,0.15119565528011497,-0.9929389132849584,0.18672082991539285,-1024,-0.06074133173148507,-0.5781177715590152,0.4262569709323225,-0.6860731415563692,-0.5059208629300835,-0.149165948673065,-0.255184166858251,-0.18704328285694014,-1.4677157516206714,0.5439450362166784,0.6235977497472948,1.2525290057798224,-0.4396609003163682,-0.1590838121838807,0.6788966416312824,-0.5595240042725939,0.17016106872190934,0.061370855061178474,-0.46156243448577855,-0.7263056270046185,1.3086452640530712,0.09184722307932157,-0.2841750025232185,-0.3588952363730992,0.17073683962993752,0.6871464185906011,-1.0933592861145054,-0.056203879990269004,-0.5258465526336427,0.0488776750398826,0.4277697035117705,0.38839647305426384,0.3745719253222665,0.21052220460623286,-0.05686766295788705,-0.7009640923171084,0.4552214119571717,0.3817291010958791,-0.43001303595599,0.17295739342099575,-0.9602377442934417,0.19707482565709666,1.2199962338451416,0.6271176096647977,-0.34767670765755293,0.9130995448043265,-0.8740373521584027,0.17067314769224096,0.9444307847805581,-1.1390523213472834,-0.637535319754473,1.1957050217625385,-1.0773968670232772,0.010149912227580517,1.5488800996385697,0.42912317662278426,0.31099332907183114,-0.3910340286410304,0.9768182570235143,0.22844213545245157,0.14177888153829618,0.4428869234156114,1.0,INT
559,1,0,-0.31859206365269627,-0.36984735707343586,1,0,0,2,1,0,0,1.45859127121888,1.6652557039872429,-0.8235892242730711,1.3327364635342058,1.5205545596335899,0.9020312218714032,0.9372420938690923,1.6833179456241054,1.1904956468255286,0.8371841200037281,1.0735995030151142,0.7942855800617148,1.2497348501582424,1.0697201594062753,1.7650785404166918,1.1133086916392434,1.0933127220482024,1.031521583031237,1.3589905861503382,1.213640815555974,0.07261704593848915,1.7171299405755094,1.2706112756564372,1.7983937469003468,-1.7153064188920957,1.127105185722571,-1.0810095696943303,1.5189353275099278,0.9650256337773201,1.7497707353816572,-1.554511630945571,0.5802236319554456,0.671580650167383,-0.3727991335446095,-1.9556298903855183,-0.10896374459160793,1.9087952486946926,1.5069483004113047,-0.7786351690290139,1.7145221818223866,1.4485928342052516,-0.8713098703344004,-0.7901355438985747,1.6159510797784888,-1.5453015502465561,1.558934967234145,-0.61680410352619,1.0768945313885896,-1.6184072133394984,-1.6950719422732097,-0.2900841362312461,-0.06219939741480586,0.5866005172031166,0.7093142515567267,1.5703157726774926,-0.5975375356159014,0.060318319840587935,0.15547658106647194,-1.5426271490977794,1.0539256316869716,0.6743483839194752,-0.3209663149353783,0.21654259480649093,-0.432235530552971,1.2744981939539817,-1024,0.7383572512859887,-2.1226441860748775,1.9756912803306017,0.1215879461232027,1.8334249773669928,-0.0829943585129985,-0.18702924193677803,-0.5835542179149171,-1.7117342117545078,0.4997439179753188,1.4906747221312522,0.9300064106727303,-0.18681603201142818,-0.6006536887179164,-0.5803140732136922,0.25609795581820327,0.39805349041808713,0.4145611298245884,1.7442018559119912,1.0041333569356865,1.4074665760181833,0.08791532296526305,0.7224450627952637,-0.33143453353686747,0.0929896542341321,1.418368635647263,0.4723472427124648,-0.29647523564396416,0.9913457753728048,1.8832800367720242,0.6854346740699266,1.4211762042446348,1.7080901043552037,0.14441237734736323,0.5777516166549052,-0.20092917021707654,0.37945450457131924,1.2572490151089855,1.595834043618602,-0.06616552455593272,-2.1757076040629446,0.3401446834209384,2.2773643702389346,0.21504400907273372,1.1828230219000315,0.9102667786063161,-1.2246747162855012,0.20372110917039474,-1.0479756601819545,0.2621673787209989,0.9646816578084277,1.8103880634084872,0.5609050354515257,0.9226608045621943,1.0399029583998576,1.269659856155955,0.8155794059223718,0.20622917511665834,1.5930267836646996,0.7207187961588483,-1.0999579177269028,0.4759841499929677,0.0,INT
561,0,1,0.24394692344395916,0.4237628181984945,0,1,0,0,0,0,0,0.7616873860821408,0.9722511192853476,-0.15873554680915528,0.5514681310285559,0.7744491775464852,0.6575719003982471,0.42680903727078645,1.162951601159393,0.6478493277164054,0.8552239363466176,0.6672807101296853,0.8734590003960357,0.7138377430473808,1.1306095778149228,1.06664817015564,0.5952607970768419,0.9191316040418318,0.8076121678166878,0.8481250884217297,0.5616424486836941,0.07188973302600697,0.52975278413309,0.22406378165206492,-0.3002988008312611,-0.6433377771028864,0.6667011298599896,-0.3716202819269767,0.6708882566687561,0.46471514951035325,1.0757396812997564,-0.73678503868066,0.484447662899979,0.6470760769677202,-0.17281443792320011,-0.724419967331492,0.5926600039231305,1.051955644928293,0.8673870732235801,0.24263946586237695,1.173563970030078,0.8363383902230737,0.06808800365768916,-0.4889470391967818,1.7186898896521854,-1.1547266648863153,1.0861154511726718,-0.5699535751763146,0.6829243148722138,-0.7013080892289643,-0.7607233257471824,-0.3067147021705537,0.7728218267650232,0.8678267666964453,0.7645106101634122,0.7863527150468456,-0.25578203637431773,0.5658125493575938,0.030845589574897445,-1.011955561937462,1.226043216029711,0.41590644415159606,-0.08712085770075997,0.15536325821538616,-0.12597035924482056,0.7749334567683684,-1024,0.285699703447433,-1.19809620957047,0.7981935427735747,0.42558035013186335,1.213307639566411,0.10035529040659893,0.0017051012066094174,0.04720884288534263,-1.1318809943539292,0.43091014726101906,0.8080716317088,0.8489836578992507,-0.20668236631336545,-0.49463202153089386,0.4260014854067888,0.47979869801416053,0.12593097337842896,-0.17031049897807912,1.7809429489007524,1.3228356786330309,0.9445433156208577,0.07664184688843181,1.512756234613097,-0.32411439333833497,0.09848092885956836,0.5573822870315974,0.6985669283375526,-0.35694008074974326,1.5416039695954924,-0.44577283890518715,-0.006562787310071363,0.6249316490050922,0.9839763642264739,-0.09810175622758312,0.17164752301211658,0.641067576327445,0.2851478997575955,0.7389956279624892,0.6085166299554331,-0.2496990319872343,-1.059275704828302,-0.027996813665317307,1.5147738289937343,0.12062500794421645,0.73761512353645,0.6960149766264417,-1.2594731100823164,0.14561630736306652,-0.36207023536107547,0.5027101844712247,1.0265217568357865,1.2233375160611406,0.6138039355614305,0.4876718107036232,1.0087692792194505,0.6232363105233103,0.7215704410628203,-0.027384980875646097,1.1870483525242521,0.23068473818718183,-0.43146141572476354,0.5676374401921671,1.0,INT
562,1,1,-0.16798621014027032,1.2833813156175689,0,1,0,0,0,0,1,0.4048552834737596,0.40662338874757237,-1.2047382856931257,0.8561755789196023,0.8462595732558695,0.6779898155592801,0.8808592787569707,0.8981376782264485,0.6918751666077056,1.161687579877578,0.6314009857248165,0.9398387970652152,0.9850357164919561,1.254230672499068,1.1927913382970317,0.7614029426465005,1.123404217916836,1.2199631223829426,0.538919654760476,0.33721814634038927,0.07264590209568494,1.0774559329461928,0.21940430331996677,0.5745562124842184,-1.2419913917718697,1.389187062382338,-1.4216555858380695,0.6807255285109972,1.4019521966585204,0.8423290216921534,-0.09263258118333434,-0.5968756200940949,-0.7974642587521781,-0.13177340754800532,-1.0669299783126407,-1.0117241788100113,1.6126796282665163,0.9078238659722702,0.7598194220130194,1.5467398509759298,0.9237264814253183,-0.19111954203629625,-1.3463123509804527,0.8529550488177722,-0.7364582670577942,0.874211783523801,0.4094383627129455,1.1196381426754618,-1.5897133288620584,-0.11622216045048056,0.34986663688789205,1.1896806647875624,1.2566539670401116,1.249584906852378,1.769188341081426,0.07584894154984531,0.15836029236828036,0.2004589576451456,-0.016668847286378588,1.615888393262444,-0.00045015078794787174,0.27252904946952067,0.05979339177968418,0.7423683784868883,0.9994251490891549,-1100,1.294232882496204,-0.6590796891725466,1.573856909310505,0.5452280915814036,1.571045713916933,-1.3431797634604687,-1.4875032245369857,0.27962922775996624,-0.41063186546163927,0.05982259384439763,1.8839770653640655,-0.8249024459289066,-0.16552291073551487,-0.024793152699004548,-1.2782230079790378,1.0476124285559691,0.1335449612326559,0.7065831025051618,0.7360242808599557,1.4118696054307176,0.1520360372376677,0.1519557750768999,1.1332321695084924,-0.08265468305898035,-0.2585676007807732,1.2536506880737108,1.0630861261813296,-1.8581458585224038,0.25869267225859666,0.8451614674038493,0.6459752873660229,1.187274769248544,0.786018799901057,0.4965502133050428,0.7869244983784318,-0.15035192482844106,0.23564465354812175,1.0978154206835615,1.699173516869998,-1.2678878716031499,-1.1942501140461885,0.020750603436957043,0.3452823553187297,-0.09110388967238488,0.4562008038972693,0.43311346436992043,-1.1545157124355172,0.06428452271867785,-0.6237673067730903,1.621729567494208,1.4687843717032452,1.6163733938220746,0.6685200590511776,0.6837317972158945,0.37003004367093856,1.6178294833134899,0.5445780914126013,0.22341821911086615,1.5310910192672207,1.128848542576189,-0.3398129588552696,-0.16181207447392978,0.0,INT
563,1,1,0.6464744620782739,0.3051483006723004,1,1,0,0,0,0,1,-0.947945604503044,-0.9860881346440975,0.3502647336224387,-0.8007750548443185,-0.8030565515817557,-0.17740442915920754,-0.5227850036231596,-1.1889295373391133,-1.187690550222878,-0.4700628144295243,-0.4029613142997392,-0.8211949054381604,-0.588955956398894,-0.5075576237083975,-1.5978351970281401,-0.48143289037404524,-0.38201291518022645,-0.4159476269341966,-1.1708812433715787,-0.6190370012702946,0.07328791152417544,-1.1887558349482565,-0.6515612555787128,-0.8782492865677596,0.7259690808790946,-0.6642655853742638,0.921878347908872,-1.396627094677573,-0.6688510826567899,-1.4993714639105316,1.4202816937300522,-0.3169474590260683,-0.37267868035982704,0.7582359517183735,0.8505051475757942,0.02924197420140225,-1.328495391389359,-0.96329983271673,0.9746998167792923,-1.088226987545507,-1.0882603405552254,0.5759196221198563,0.44527051603531326,-0.7240831480726632,1.957997949535022,-1.1950100545118763,0.4497448290373252,-1.6045576902495524,1.0400718667239148,1.3628268197463564,0.6013617440041609,0.36844013073636017,-0.5129189728331707,-0.7162438985358208,-0.9364843788519723,-0.14208074586523234,0.3247672855020303,0.6246570910136587,0.8138243505441114,-0.8501282239964815,-0.7404761959571697,1.4061169508659375,0.15068562185657053,1.0678032497506145,-0.5427453044395711,-1024,-0.6001558762401493,1.5301425536384345,-0.2287087165565001,-0.5198992352669822,-0.801091755207721,0.09790391104218574,0.0017051012066094174,0.20062875197178628,0.8678862542173499,-1.6761319538644759,-0.5001284842071541,-0.2151119176362965,0.05504804328208228,0.4880252488936464,0.6675820886082079,0.4762813247221397,0.0354886442311235,-0.008962396913746935,-0.444836225529993,-0.0944733428314186,-1.0567450600156725,0.07664184688843181,-0.5923514250366925,-0.2966765153748083,0.18003383077397636,0.3800237058863099,-0.6816438094133228,0.498017093952225,0.2845748277352986,-0.956775588951068,-0.639323572535405,-0.6833969827952415,-1.5911816748608842,0.9280591998076937,-0.40997888954977546,0.8103240852422976,-0.5326628433563483,-1.0343690916812005,-0.8768075549949854,0.8021241479534031,1.3477217455727022,0.14878778597066994,-1.0724691197593739,0.36857462712534955,-0.9156547905455299,-0.417856651849631,1.85297612768319,0.10410379037982867,1.4023031172918892,0.08578074500657398,-0.6709990830633434,0.281837047192382,-0.29216279585254823,0.2008992847656728,0.3391195942047296,-0.5594916984316997,-0.8589849593716076,0.02766803596417972,0.24259763098030027,-0.3843575164959355,1.8739429399081733,0.5550509048894504,1.0,INT
567,1,2,1.461646407532151,-0.6035943857741891,1,0,0,0,1,0,1,-1.7925236298823086,-2.2047048452550415,-0.5612325361049589,-1.9400855041827567,-2.3706232247229346,-0.4271932755108986,-1.3786882509279792,-1.218948221777716,-1.5984683159809951,-0.8564371136842731,-2.585825620777174,-0.7906506333619205,-2.0001827002074455,-1.3007850944590913,-1.0750689164093057,-2.6853269324235565,-2.236841046303111,-2.063777258183506,-1.5068161657484236,-0.8501494796743352,0.07356997794180131,-1.1075029613905387,-1.249938359979675,-1.0935620330610114,-0.1592331259642615,-2.0098008309438624,-0.2107148663979342,-1.4001034709338007,-1.6271312133233067,-1.3968607962004478,-0.6082062755008337,-0.8792198668239571,-1.0319615081891977,-1.5542320378284855,0.09379263237370589,-0.5567551309327327,-1.17017685028417,-1.5352790263875997,1.3115235195211592,-0.559345549600679,-1.6832611720354786,1.048701045650034,-0.5302379129787421,-0.42505217819804547,0.054124093495971526,-1.8416942750947662,0.42267997841770044,-0.41129350894518624,-0.06412195874689076,-0.5985026804002388,-0.9723968123218842,0.7265055572767528,-0.11925785031331058,-1.132610766946843,-1.3538302341016963,1.0401154355154465,0.26179546834861306,-1.9797645245380673,1.1209872777911152,-0.9423875925296412,-1.2399656046666274,-0.4652425716972907,0.13143953931901897,-0.6022337026946912,-2.6346072452505043,-1024,-2.1793728455690027,0.2673669994170467,-2.2137301910942995,0.2264682712765559,-0.5514636937715138,-0.3305146826495252,-0.14224943330541173,-0.11256596910826273,0.5926898638084185,-1.443573422558221,-0.1661031622333511,-1.1084239666204594,-0.13819012582289944,-0.6044496647034312,-0.38864330314203016,-1.1024100921155457,0.04844529386492046,-1.5710638167899251,-0.7139947800142518,-0.02293096716672882,-1.3950132879577013,0.08529236370639771,-1.4432740377269173,-0.33752463592419696,-0.16197770753129637,-2.128954658266391,-0.20529058730612115,-0.29027806205416473,-0.36847407231715285,-1.000164030333207,-2.5584789000759005,-1.5957582916962338,-1.3529243731185638,-1.5520556574317055,-0.4167324680665357,0.21825085888123197,-0.11673587200430703,-1.3711999773002774,-1.8222692964985416,-0.9689693232916281,-0.04155995804278986,0.23251186314014155,-0.7057859143445722,-0.201047162937676,-0.46702889170028955,-1.5750864164928162,0.6936391509609392,0.11790839481742765,-0.6798573533481393,0.683991527242146,-1.2913750835655131,-0.885265442611742,1.0601527234042354,-2.288101471362233,-1.903229191551344,-0.3723700635422603,-0.10924359864627843,-1.029638136859444,-1.3833651663046793,-0.39243237191311736,-0.3163896444538942,-0.9494998530338369,0.0,INT
568,1,1,1.3502975330017266,-0.37940918138814356,0,1,0,1,0,1,0,-0.3285157308682723,0.0982601260991372,0.2373368091682758,0.0026629333857371798,0.549639117908303,0.1394330374101641,-0.7530949870649869,-0.24843738541432994,-0.49328008184420635,-1.1273754632717152,0.6131032702865782,-1.5815145156143284,-0.28886061506492455,-0.7460784431471982,-0.8155366655155405,0.24024081475621004,-0.16792507338916995,-0.626665475025176,-0.48429088233167067,0.05970237887682405,0.072429751201323,-0.0349999072916564,0.8902507057681436,0.23873120006306953,0.5732202011347991,0.6195676211274194,0.2680041581278734,0.2732637908159068,0.11227687556631784,-0.3320755585106567,1.2823592381274052,-0.14322960295951587,-0.6670741633183987,0.6621104728409544,0.7774363058045355,-0.6935403486025803,-0.4470504613194595,-0.2922256351414876,-1.401594907798957,-0.7528904848572251,-0.5620897804421063,-1.0696195361713585,0.08110151359703927,-0.7774430311546427,1.6576095648381795,-0.29998306871953684,-1.5461820603337977,-0.13344669567724116,0.34497597429808224,1.1078238109016791,-0.5645663297021177,-1.648920516571861,-1.9624275991557654,-1.13961306630497,-1.131980271933698,-0.6622307394741352,-1.4855291349029995,0.5926571823037772,-0.9595653071321174,-0.9742073284314752,0.9266242185323623,0.7322467003786451,-0.006473667116783126,-0.47573703596706607,-0.0017154099334447711,-1024,0.1634057929891508,1.1606799445842824,-0.14350269907916066,-1.7945948411391017,-1.096513862206721,-0.030384112722032567,-0.12005204890524368,-1.270029905485101,0.7997808190232271,-1.0324950625808782,-1.5863536816277723,-0.866313454997601,0.14900531187965768,-1.5516726759354378,-0.6059557281684245,-0.8360783467158219,0.04352896455629133,-0.9363232309660519,-1.1173554704140556,-1.6036768084750463,-0.6907692363900201,0.08398035952147945,-0.8235463907402579,-0.3672353445775291,0.07663238759684989,0.17153354401533422,-1.9788961770333422,0.1992226311043372,-1.5382639258015123,0.2115604191836808,0.23237026823718052,-0.006983918576525898,-0.5019349124699307,0.595795336911267,-1.2108617425312143,-1.2750649726846695,-0.2063413821917757,-0.3315117398373035,-1.1892959320011813,-0.006758280780251292,0.9434040697461107,0.2887394171168252,-1.0130866982051299,0.19881721242044373,-0.8821704789924839,-0.32552513745364003,1.6349874219114942,-0.013294457618968327,0.40266752686501545,-1.3371680337644898,-1.0013686683113383,-0.07846733553476284,-1.5280805346942676,0.09792332234782321,-0.36595929105807057,-1.4195944305514983,-0.4171025575806226,-1.8420873057755658,-0.028590360520837146,-1.1906483514308788,1.1084546980893517,0.4447192007327639,1.0,INT
569,1,1,-0.020985973454502375,0.34508786867035235,1,0,0,0,0,0,1,0.05177527196787104,0.49668158929490186,0.3085108835739808,0.444300180269896,0.9973418416329431,0.2543947438586775,0.1067994223098589,-0.0920656332945946,-0.2576703944954251,0.35603653031840665,1.0159422777343368,-0.33997962067247406,0.6948864322704361,0.8802996524203531,-0.3249082257666997,0.7138706862620838,1.0163040752831294,0.6406791197735136,-0.34880503285389275,0.0024995009712117577,0.07156213383440009,0.2652643146070322,0.22011799745673188,0.6332921914039317,0.5842118347562525,0.9256721644602527,0.333996836272406,-0.139067587992664,0.416792522667191,-0.5309191632936664,1.5494988020792622,0.11536643847179935,-0.46556754242990656,0.812978272079118,0.6443829137666501,-0.4928055240594724,0.054384668396429386,0.058467533556546804,0.8035022096601785,0.8437230415127165,-0.08548608630960246,-0.0992684033163231,0.22986547101878654,0.10170331692989926,1.8848069452117862,-0.11641066618942914,-0.06408689866194556,0.1891016340651622,0.34521817216189454,1.1011989019608384,0.35312851667224116,0.35585251319156697,-0.17868040244194291,0.10192228609759181,0.1970080304962702,-0.5220631373247816,-0.07145248114901517,0.9072254430936595,0.2813714251417268,0.5037201395243427,-0.023753260663609436,1.0348701274925334,-0.17433663358064055,1.0146956201406496,0.6415467209954508,-1024,0.6869460670950795,1.0901667038708756,0.1512639324189207,-0.5251389258090693,0.7292257586563167,-0.017946100568815685,-0.12005204890524368,-0.13046636892217392,0.8061677674510582,0.3840666763267191,-0.3008036402595869,-0.6130691429600468,0.4061913772009646,-0.2728323929739846,-0.3675266710975011,0.6989317702725509,0.04712297406509935,0.3208316292463008,-0.16759260021746772,0.7029219028434686,-0.25730859602100425,0.08398035952147945,-0.09549496136594468,-0.3264724325042932,0.11023912127157291,0.40836980954071395,-0.3517551685142355,0.19143075658343217,-0.23081097235209047,0.6129387526042998,0.7463557829782704,0.5907232957768375,-0.47421242724050106,0.8026710323098217,-0.07328913448661574,-0.10099435612180019,0.14686360350239291,0.11004050845449924,0.022771397365976987,0.24477731148853915,0.8341867433967717,-0.04823430825347167,-0.9505497663437236,0.273332152530344,-0.7844601374428556,0.44120916457852094,1.5620353119431767,-0.06702537277338429,0.7698184927139351,0.00821853433810706,0.4081238908360702,0.17088479814591648,0.26077425645933694,0.6334245965461799,0.33419667076195286,-0.3958761076068006,-0.12374775462614335,-0.5895202797632845,0.4218815308770398,-0.39010138548152307,1.3410588827596237,0.508509557878157,1.0,INT
570,1,1,1.8666009676283075,-0.7245215461789143,1,0,0,1,1,1,1,0.03855746687024165,-0.2075974519456345,0.0890851944292337,0.2812415989604365,-0.02146374435588017,0.32310282047989153,0.41860846662147866,-0.0104348930514132,-0.09003728860233107,0.5737886379706089,-0.6975740667665152,0.7023142353173648,0.15789213491663118,0.35446426656250274,-0.0839488509829237,-0.5507734142797396,-0.4540403492632734,-0.2353825935932581,-0.10599805511997512,0.13282490397073507,0.07243950037728314,-0.47641300415976,-0.6625315166594407,-0.6361596364118551,0.41070193740286454,0.1633919005378612,-0.11049906766292883,-0.24232778220485515,0.4450849723375119,-0.4599832281513571,0.3474892024570337,-0.19194782992430418,-0.34041916887982304,-1.1586861682484968,0.643147945383826,-0.12757302973554047,-0.3158018039841646,0.09586904382024639,0.8967554493449424,0.7116393023125515,0.1749099723926175,1.535357872121121,0.12691231724561305,0.9795681072335675,0.4613683707456823,-0.12893966843972654,0.19405413041308137,-0.15306578531390932,0.0600794802484793,0.4224175829138258,-0.29794169173825136,1.030952699914429,1.2256739248686042,0.17650791566016175,-0.4377807489299952,0.8146449061774909,1.4064526254994223,-1.3279568194883693,0.7095234569911412,-0.708735903988533,0.0061923646460809575,-0.7164756129328234,0.013883487219460141,-0.5837099053927632,-0.20174017416265036,-3024,0.46373686202096187,0.6417400783579756,-1.1802931516096677,0.904476523238447,0.7888272838454461,-0.1878566332060194,0.0017051012066094174,-0.11475338398274974,0.7556855936329872,-0.5650100132043788,-0.126149743438672,-0.6828113531038112,-0.18139554826988447,0.015861254143681697,-0.26718026082003526,-0.7181416656884795,0.03850914621422865,-0.8238474675024301,0.9878068088756943,1.1797808372206358,-0.7415709701950601,0.07664184688843181,0.5480116228220061,-0.3221756902018324,0.029867739350366913,-1.3219606744962475,1.021076817189007,0.004827894495752337,1.327155909384453,-0.7161444346320167,-0.10708762330562954,0.25931565755567204,-0.46001183977107685,-1.0287180311309314,-0.07365868655728533,1.443042136234103,0.07947060275252704,-0.6954170596539005,-0.7833642470135509,-0.22015955460321976,0.533810277917904,-2.34219324216774,-0.7499970245431796,-0.010527825899034896,0.2353354287239222,-0.882933559063526,0.8031085003142502,0.013882982642994394,-0.3462172209354394,0.5600677440571635,-1.0442750868010187,-0.9974835673498118,1.056049246778525,-1.4917457691867664,-1.1182813992919594,-0.2889084903618999,0.130403680560151,-0.21290472696968166,-1.1434511757713304,-0.39146722427938446,-0.6494085533467983,-0.866144634369134,0.0,INT
574,1,1,0.29524008601348495,-0.738963443055987,0,1,0,0,0,0,1,-0.9635387387343985,-0.4262437353121918,-0.6864444716660448,-0.8417745110350567,-0.132347013222387,-2.23247291098197,-1.1708238345493447,-0.5683749375100622,-0.38147818118096466,-1.2356542076216068,0.38336457314066685,-1.1663801275657624,-0.5845081038774737,-0.7088794184655377,-1.1098491040728724,-0.1828088843298144,-0.22953758128861143,-0.8348335379537849,-0.749969950283012,-0.2616144438566365,0.0732802438587705,-1.2288054888754745,0.12071918121555057,-1.1768885743168997,-0.0985130037003159,-0.15926493826102736,0.152055749820926,-0.2655735716524816,-0.822920932907792,-0.9258612912103754,-0.7488875541041984,-0.6979901378760143,-0.5785054208804603,0.8458992026793355,-0.12828024800421364,-0.0976038769216591,-0.8972587111507386,-0.729211577449743,-0.9182660127288614,-0.9553735947443904,-0.9489155188544829,-0.6039139757334726,-0.33965571913761,-0.775977530980004,0.050863868530139945,-0.744134281788439,-0.7652412412832778,-0.5382631682396641,0.5354521398832263,-0.9338440322716166,-0.12263542802144745,-1.2354659789278928,-1.1272086086752136,-0.780969444596606,-0.39345959276526354,-0.6226071999914887,-1.1196046851505939,0.725202237183201,-0.4564247191389753,-0.43693151180391776,-0.8526183540907096,0.5122691015618281,0.16364510449612618,-0.12287112759572696,-0.5865148289317851,-1024,-0.9114455107453409,-0.04882386883638506,-0.6394308287460394,-1.0011195091581566,-1.3460512341949766,-0.341674605451367,0.0017051012066094174,-0.12660921407145692,0.5952990053464584,-1.231421916607855,0.49556476253002446,-0.5370765428482365,0.6648813559301003,-0.6889429688308991,0.058161173425367585,-0.3946842069393016,0.04407961426639193,-0.3669024781829362,-1.1936827301332156,-1.3337003610556326,-1.1520904385886512,0.07664184688843181,-1.0855662931223955,-0.3224995147014007,-0.12909852863480178,-0.3424574035228991,-1.208771524917368,-0.4158652054061963,-1.2782302262856255,-1.0689022893918385,-0.7542320727361463,-0.7268559901565351,-0.5752668298172334,0.3266329324848028,-0.06707197981224483,-0.9091873734979589,-0.2059786638685662,-0.6428983510242948,-0.6020609882902986,-0.7114249591823014,-0.13093008291705904,0.5444997341580619,-0.6335455298821814,-0.12944525998370296,-0.8883828088737922,-0.5741884871616687,0.6831935969819936,0.13409622745169572,0.35833070372349646,-1.325797562592433,-0.591785331797148,-1.3033686142090155,-1.0941759928043315,0.15314119685460392,-0.4234991287953753,0.3027613125358919,-0.17390302995278978,-1.1933169175951768,-1.0242120452093133,0.23337380261833598,-0.638431485201321,-1.5953295402852075,1.0,INT
575,1,1,1.7823323962829467,1.7648673546925506,0,1,0,0,1,0,1,0.16335636232704623,0.2576209906032374,0.1112949011892173,1.0825038530430318,1.2042729627380968,0.32470715050272114,0.6034412316137173,-0.16339174225501774,-0.09883902251354916,0.7156906930234611,0.6459883414454527,0.6685575105623636,0.8022940903108903,0.8804294282569395,-0.1860189245142568,0.6655716876315151,0.9008024692291435,0.8766661684166712,-0.8166155983164483,-0.3241471733569302,0.07260433428605269,0.01494057926242262,-0.5700183622470179,-0.5850574317858228,0.42063981903987496,2.4304924829559713,0.22876028560311537,-0.23030829414994847,2.3193528220123634,-0.5604028849621131,3.9494843411052534,-0.10175461405648922,-0.1624145980099418,0.7144140066356728,0.6817830406578356,0.1207376451470068,-0.009596768360352437,0.10266715772374516,1.0084096819435107,0.4124870485917542,0.28105741765533204,1.4430022367312543,0.13294162067162177,0.4208559914460274,4.118070856879096,-0.06442223746133205,0.7062352890234682,0.9254948831064176,0.11730683032176002,4.843919475378097,1.3094174901923303,0.9438937437184374,1.1920037640764305,1.032639982736081,0.8710514678723792,0.6538876244394859,1.3098330030092622,0.6247485876579089,0.9952357686933174,0.40579516982648156,-0.5185843470481081,2.0077140537913882,-13.858900810780392,1.2156308109654128,0.7627567929909373,-3024,1.3765305567359538,2.7992841237189108,-0.03607205351149575,0.8437166905705384,0.36593557995931586,0.5374234407069594,-0.4416015701796603,0.8428429970045839,0.7572262733007006,-1.174245190358489,1.0026789831718774,1.0567718784176385,0.5156466356309458,0.4330009191716596,1.46118076846136,1.0317453035456186,0.015746039968375453,1.2081990843266504,0.47163496260493243,0.7227740185828535,-0.9953652620858565,0.04079083028449315,0.6731731393155101,0.25369204500988185,-0.04709860742123363,0.3124018195120031,0.9537428899795546,0.10412705741989965,0.9726709024430978,-0.6686996563466575,0.5743682424928933,0.7182424704378283,-0.666059399700657,0.6698945647557624,0.6486542447601368,1.2789632026332378,-0.08966642047867354,1.3537852516018076,0.9477538984441215,0.6955624437816806,1.081438654165471,-2.610507036359443,-2.4089580684147527,-0.09762241226176543,-0.6415711954598462,3.7770585088774173,1.6885404756272095,-13.887776902005552,2.3963389754963305,1.3001955967848227,0.32143032916354763,0.29406655322003644,1.1357408050281381,0.4450788932019358,2.6558397809893464,0.7637385807711373,-0.3583216012068836,0.0030500467023230607,2.474193173042113,0.7328793147620808,4.725883298028842,1.5809830578223665,1.0,INT
576,1,1,0.021884299046749094,-0.43877308920624697,0,1,0,1,0,0,0,0.7887422700564948,1.2074693286983706,0.11382139413301852,1.0501502147113229,1.5357161867039233,0.5776427666675268,0.5008115724323966,0.7717720758245036,0.4587156385651041,0.2481618802598916,1.4603278565394675,0.08296561682575052,1.0662820486410365,0.694129793116918,0.8055158101288482,1.302951466668377,0.9827798602981582,0.6667422534250934,0.6636115864887635,0.6448037016790635,0.07150209702774893,0.9771432159455673,0.925684630737369,0.5637782100499096,0.2021424753150175,1.4059671535305323,-0.24285147871960244,0.994179289970784,0.964450599613825,0.7994981559152123,0.39230217735693645,0.18190482435712332,-0.020736603196667317,0.5408450165797467,0.34390022423847066,-0.24562460610453066,1.208519667500651,0.8610831501224053,-0.8284105824643025,0.6401463675264968,0.78549103841435,-0.6490679386247257,0.1475974161986261,0.4367169387290208,-0.04049721749843921,0.7137029402592688,-0.6375566170451905,1.0333462428810092,-0.33276301005957026,-0.022489255971515562,0.04192210610043559,-0.5672334007393922,-0.11298408535231873,0.4792166674611605,0.5081986753668369,-0.6230897325092003,-0.37853199236955587,0.5278694237887726,-0.79288723302585,0.759193283641901,0.857325162825809,-0.3186858219267598,-0.003121850554623481,-0.2763763584578161,1.2037267563651852,-1024,1.3060142371482508,-0.15352798537832676,1.149236714709453,-0.49107143961702066,0.4828318859267643,-0.041360072255794224,0.0017051012066094174,-0.49998761552528576,0.6331156305812654,0.3471362926368373,-0.1876391871323195,-0.329911001212645,0.152837410864264,-0.7781500909293164,-0.7156830772134222,-0.019857400184351812,0.05394051647265417,0.18681729288840537,0.2761773725864355,-0.14087745147008343,0.053775012801400415,0.07664184688843181,0.20391750681893211,-0.35420466131155204,0.03330694319648603,0.9121577897668647,-0.2615826555248607,-0.21995889768477858,-0.19790590457446539,0.5837523584465911,1.5963760623477539,0.854466188104465,0.7582296174749862,0.6279800460006956,-0.38862642213397974,-0.5244269942021408,0.24091369232561624,1.034167494213358,0.39615391687392,-0.11123968806416037,-0.03983659514082705,0.4296002812324634,-0.2474072886181193,0.009412356450749332,0.11570892383372226,0.4602809083363158,-0.420873394880581,0.05645701378256717,-0.4395335618133529,-0.38543908374777536,0.6132474711611794,-0.5522435057681393,-0.224215339650946,0.7684191193304364,-0.002056912228570621,-0.29344594053693596,0.3374697596784124,-0.4712130813918342,-0.17197978527261137,-0.3904065118797608,-0.6089501595227215,-0.1487801004780995,1.0,INT
578,0,1,0.5340684914546685,0.13489566292796562,0,1,0,1,0,0,1,-0.4457561429958012,-0.48950099375046274,0.49382082152386486,-0.4699672784467403,-0.5042279808837958,0.142738723653017,-0.09269232694769632,-0.4984843326248877,-0.4040269866249401,-0.32617054556812525,-0.047015756972139076,-0.6886313631815184,-0.1351590285482142,-0.38251448371843805,-0.4501866332544199,-0.030844211772377936,-0.2778267915297374,-0.2746032514821375,-0.5892497823667732,0.008878226361096885,0.07078180628561226,0.3199607264980156,0.20577841421769344,0.9514049644641551,0.5604580851568676,-0.5136006686509539,0.4758020850098228,-0.3600588755633889,-0.48530807637169265,-0.9620728552180315,1.345350381604563,0.43176473172498514,-0.05796984663774318,0.8536064558719293,0.47651752345732645,-0.21952655935592416,0.11334022690263308,-0.44922122476037296,0.35180391520994436,0.20174954056929997,-0.7013269488070917,0.6413442104563868,0.554005977669361,0.004273580214670338,1.2424534730685395,-0.7420949732645857,1.4037493188891088,0.41472543857223854,0.3976276212524359,1.1815938952196714,0.5172472652747724,-0.02796399242314761,-0.9371448134575184,-0.9148145651072735,0.12633241927770367,-0.3795468961461232,-0.046552206805125486,0.9208556472389068,1.4556918985690388,-0.026550044064736718,-0.30147322426958567,0.7632279523287829,-0.19457912018064236,0.3515533047996403,-0.10150586387550153,-1024,-0.5160456453422575,0.9788301991523156,0.11822367282781542,-0.7618271749980509,-0.06647821473615344,0.0966715380277274,0.0017051012066094174,-0.2644492387672317,0.7780797451190586,0.632674547715263,-0.24561490227355473,0.16424496580746917,0.5346501445332791,0.7858116473271343,0.16810615306114918,0.17320043073780808,0.04667491633770271,0.3534979051759951,-0.2564319842356867,-0.031327691999489135,0.4108234348169461,0.07664184688843181,-0.7557556618144283,-0.35752043491052415,0.17899093079287615,0.41656985333425867,-1.0614969332866369,0.3708837561308868,-0.10226406260355433,0.9251862461070317,-0.44576167729798155,-0.17878930605898072,-0.6526039421793517,0.7484269439159098,-0.4053415481439376,0.2819518248025072,0.46832002084900537,0.2103289596717901,-0.016972850202307644,0.9272477331081876,0.7321526494439088,0.24958947079693541,-0.40830566592325535,0.4027802767746034,-0.8300919557773474,0.3174824042391019,0.8566769927460913,-0.10919732843205082,0.7711299000109159,0.009892982737802637,-0.19987721996892888,0.3377399559262961,-0.3233293707276665,0.8662318535593742,0.46982404747821643,-0.35662287456324143,-0.02435940705993441,0.47937674916606443,0.20843574522220812,-0.39015420890996816,0.8743575790774828,0.5487259406902923,0.0,INT
581,1,1,0.1325461650969312,0.07839637788239524,0,1,0,1,0,0,1,-0.11598868000453656,-0.11033724126376603,0.3230508750468482,0.16871174267220343,0.18485101897508366,0.13173266894054977,0.20608727488806594,-0.455126634703164,-0.538689504048992,-0.07839703703322823,0.44838016692452776,-0.39833960064533364,0.2502438204706719,-0.07357070823624107,-0.5386067579343243,0.5150282455452445,0.03694746551477899,0.028245220452287518,-0.4535026977462938,-0.02901609701571737,0.07156990270509422,0.08617024839444822,0.06740666213825562,0.3576789607769498,0.6821563585768335,0.17667270453889977,0.7185043917763527,-0.27712472751452555,0.16301651969308856,-0.8969583559093696,1.2833586297376611,0.1488388580705232,-0.3679894094291955,0.8283875401964907,0.5991156501925894,-0.3526595814806671,-0.2281098935256941,-0.12817891441636117,0.08081490070612123,0.05039919314485929,-0.2916362583055494,0.31177942198791314,0.37232847995320645,-0.16336519299395885,1.7061611733014082,-0.3798556150934394,0.6959723989705353,-0.10192297989655248,0.7607098764000488,0.9548380251266688,0.43225274954308535,-0.26278567362010197,-0.24085647211870567,-0.1752109513361866,0.09234298636202705,-0.46498943287837174,-0.02399991552051595,0.7913342634618686,0.9271514507748971,0.09007562131210889,-0.01821954084206801,1.36809743476371,-0.1055427651336799,0.3035148374486741,0.35842318476788076,-1024,0.24905966987165912,1.1075789777315517,-0.0458903225178308,-0.5174516340119456,-0.24536021286841342,0.0035612755119547998,0.0017051012066094174,-0.18576366404802128,0.8327713549165306,0.43737272210926736,-0.294797811086589,-0.5379514832593274,0.4428646516511172,0.4891282717710162,-0.22784654278930613,0.007714238575730184,0.03850914621422865,0.13541597473398737,-0.4363953728389319,-0.21750800616588237,-0.26487631204774237,0.07664184688843181,-0.12900461048029985,-0.3447776224927119,0.1348706142955289,0.28204811115640477,-0.4190778001936552,0.3166768560128025,-0.2703448258423655,0.3014056878129364,0.24300155373793494,0.2643152828912083,-0.5349620023460451,0.7144414505268001,-0.40154217917512125,0.1436237395973966,0.06606498993919599,-0.06357075652933906,-0.039902519156626626,0.3341811968946562,0.8989270307782382,0.2707172946034919,-0.926089298263557,0.2744195277381675,-0.8454611599871517,0.47677211594178615,1.5922546327939238,-0.05704551309763967,1.0816476034298825,-0.502829804539138,-0.12479012216405747,-0.27999128131964407,-0.20608836613828635,0.4572635330000819,0.5755023857021994,-0.4042026665529696,-0.1624807010009802,0.016432097949045633,0.0726690039712146,-0.388847906884589,1.1933706893950438,0.07586667797693268,1.0,INT
582,0,1,0.1325461650969312,-0.43839270971802846,0,0,1,1,1,0,0,1.505649609291629,1.4196266290963455,-0.17288566377739434,1.491712346455445,1.3171216429168495,0.882165850512748,1.1675639555706858,1.4280161617231908,1.1475574775515507,1.149897912035484,0.5363494958431221,1.267924201436337,1.1314633958429299,1.0859698371817257,1.5181506863545444,0.8020197429742812,1.0561611294884397,1.2897042278317434,1.3869834532118854,0.8946181736197423,0.07203904817131912,1.5740515649467188,0.6117121549665151,1.9412575092318292,-1.2611146799237734,0.8016822438432035,-0.8570548331423802,1.2183043079414533,0.9773100334837543,1.6743607230787052,-0.7331224210168668,0.7715496796659707,0.8758590855140052,-0.7237818809004923,-1.312228625420808,0.16614005399696982,1.0950927831934754,1.417329359403675,-0.06485390337911935,1.3461136950260362,1.3941169988542783,-0.005900139432766338,-0.3816004427956256,1.3020177782045455,-1.3884992904361508,1.7709243868177338,-0.04265015448180087,0.7799395041446575,-1.4531795258710558,-0.5652834862295935,-0.32540192859402567,0.6336566418698272,1.3768449697791565,1.2660864393416367,1.4153185298908848,-0.15958413722006304,0.7038506316996064,-0.32868931204796864,-0.8308680836659662,1.1018584510914435,0.4360789932574162,-0.5332190825866631,0.15290792981876036,-0.13071380886781217,1.1468108886381985,-1024,0.48566466274876674,-1.5413553687880865,0.9120977019189009,0.7585272208919783,1.3366229372560454,0.09667474234076012,-0.002081947889442757,0.07192787301557386,-1.8417253100746167,0.6466235737105085,2.008606811167391,1.2422103961366529,-0.1913582078189563,-0.1337446503611893,0.09321879172075431,0.4347639184350017,0.40993557568204714,0.5690297287518636,1.3075034236410286,1.116130325404208,1.6185635590409337,0.07687376927819078,1.697663363823982,-0.28473338498789136,0.1883627445139257,0.7230268827600017,1.2143287049687792,0.18925575794102303,1.0880634816939458,1.9795560092162483,0.1397942899434607,1.1754404150592315,1.5199530381932893,-0.24428007784116118,0.7623145413971792,0.19804699631869183,0.49707462421477294,0.9860031072882934,1.3289647416062338,0.09063908665181893,-1.501994654750127,-0.17035470495254243,2.2987465166717387,0.3901969169415299,1.291867377687794,1.2417785237373933,-1.1522674394356067,0.13681417079519947,-0.7125616347547881,0.9400340870647049,0.9090367636408552,1.184334510479431,1.415478309575052,0.35152401355275886,1.0166262078245885,1.758304248321909,0.8465246721672062,0.2759482428234578,1.0771490983989356,1.1256613755310492,-0.6376327829729996,0.565798362529796,0.0,INT
583,0,1,-0.3660777088915462,0.33079437703397935,0,1,0,2,0,0,1,0.8867247866817859,0.9401808204313504,0.4585425152880747,1.1560858176129372,1.1857857601324566,0.5907442148525508,0.9231540118223835,0.7570251100077593,0.4896399851989812,0.6827174847570295,1.1032050444490598,0.2759824613264285,1.0705913841624033,0.7608973637023904,0.6083508979132789,1.2849254416127078,0.7942063773928898,0.8386525971171974,0.5917195076309957,0.8207249975124443,0.070821618798351,0.9460533701805137,0.8782748086485591,1.3733390340121452,0.42427459729114275,1.1445773934893546,-0.07646222778824464,0.7397987349461664,1.1258972115145898,0.49633306537597366,0.862783759757654,0.33622780470800007,-0.06675946589179252,0.44041213357402414,0.524440414478657,-0.331055110727936,0.7871755165447164,0.8577230827652337,-0.321016618798561,0.22967025656183382,0.7750410880763889,-0.3084661221434977,0.38507945756365536,0.5264789701105357,0.4716695213242734,0.6639812662532839,0.04880111947340291,0.800827176268602,-0.05569425211186657,0.8913840972200605,-0.18607700417040238,-0.16867027086453082,-0.09808681579157179,0.05931536144587393,0.5423475655268919,-0.5670311924746576,-0.2930304760107407,0.5523119255226203,0.040502998188785694,0.6138626883821006,0.8480794594047742,-0.22223062460691556,-0.1008383014223322,-0.1640368930223179,1.270115808859227,-1024,1.5079739367941525,0.5574602126197654,0.5266709752373678,-0.5065468248518721,-0.036275746325536554,-0.08448277605030066,0.0017051012066094174,-0.5844232148046496,0.7279072070624606,0.5047712002443407,-0.18357646407257824,-0.284089149922586,-0.007611946657290371,0.1458787421815387,-0.4822117245963336,-0.053499922688457935,0.046852919808027464,-0.08724125451492971,0.32108239612687606,-0.35402359836630215,0.2755568840756279,0.07664184688843181,0.3712385035173372,-0.3630398449131277,0.12286863414730624,0.4095496895172558,-0.24743955456966413,0.14473170903940055,-0.04799090880670538,1.40089608065357,1.6840812012731117,1.0205892484830335,0.26451249960737616,0.39372805992753834,-0.39296902485972257,-0.3738178875713271,0.3424465968488698,0.6989007325914594,0.39036757666916144,0.2925517815507873,0.5095982187867282,0.4024092582882523,-0.34127719663491574,0.20006763640746772,0.15943506607439883,0.5532219728522644,0.30625642540261827,-0.07333092461326665,0.09825599106656328,0.3901138257859483,0.4678006369287841,-0.44200254854966703,-0.13264608245198298,0.5508394830888963,0.24355593816934884,-0.29204938102355676,0.21694971106399147,0.19123967452004176,-0.14478102529071335,-0.3910184313962587,-0.47909708391446243,-0.3623415975273936,1.0,INT
584,1,1,0.9770513465077649,-0.5064166915220943,0,1,0,0,1,1,0,-0.10365428092940866,0.06035277630099049,0.35715615160056907,-0.1308231387682803,0.07623381303147897,0.1809128084949601,-0.1602513634924409,0.411019525361687,-0.4258858569259967,0.23296217226911772,0.04239764626498596,0.19568919159872822,0.035359463786833134,0.4425058061355761,0.09121763713330605,-0.13367430321854581,0.4004166740427154,0.257846493657354,-0.2205059944544333,-0.345895231342031,0.07096666633782253,0.7045800993948825,-0.5116916267859439,1.1295307035681814,0.3250394776812917,0.05300485673571967,0.20210031724753846,-0.05210691324972367,-0.13975577790391708,-0.21552803117481922,0.6133800228797118,0.38491330710785876,-0.15465704660932486,-0.08779193335393873,0.2766264474409815,-0.3961943000982421,0.4599645819226893,-0.10284983543761377,0.7950800826643597,0.5350469417145682,-0.20051519563458142,0.4863163572506025,0.34455150152256203,1.653794178858204,0.33627401979633087,-0.4037353975047192,0.11819758821005906,1.0126685641687374,0.011162539799952353,0.44935909145447395,1.4716921953192783,0.523993647967015,1.5517936605475926,0.6281952622053698,1.919807894610115,0.8175286357749,0.6533359632546515,-0.1168227272757302,0.28494582297685744,1.2981637810128877,-1.21723793745257,0.6626774473233238,-0.05904648183909365,0.7453585222988538,0.030964846131741854,-3024,-0.3067589715150377,0.29334671012853286,0.013548692649254252,1.066590502896309,0.31215374065504964,0.0966715380277274,0.0017051012066094174,0.5709027288018534,0.6711492510546178,0.5192711573519992,2.6076089865652543,-0.3873776053320821,-0.09513881934381024,-0.6729872094084811,-0.5700231998488874,0.5728491565989905,0.0509422553975462,1.4528011316593408,1.6819860405750244,0.14713059790473898,0.3896821619201563,0.07664184688843181,0.11150156083317792,0.4785813745988835,0.09608785192599302,-0.18708104144878346,1.2946178052772523,0.08837498602571141,1.4554129705710404,1.141899755900803,-0.7642082136584599,0.13485490322439847,-0.0876868651944734,-0.034681092288135894,1.3577940008078273,0.9922260248618046,0.3646415088311224,0.8961570298002772,1.8306840115925116,0.12767198019366477,0.21988501181089967,-2.5207619517455004,-0.28593585671350746,0.14959033803156233,-0.18979555426451614,0.5006656069285428,0.07898744160771476,-0.012022992144672768,0.13013180325649454,0.7702019483352758,1.1312138796506748,1.14796340838207,0.6850363564838303,-0.22299147861062343,0.3447955256493709,2.2397873076950727,0.4105249305114106,-0.602793236033385,1.1243595258664516,1.7661450574877882,0.19030701399581856,0.5487259406902923,0.0,INT
586,0,1,-0.47570547695401305,-0.573095814933012,0,1,0,1,0,0,0,-0.33564682000752877,-0.39745757432167944,0.1810338254114883,-0.2244710771758959,-0.28418249030187626,0.1676846481625259,-0.18952510033707645,-0.31358497860308043,-0.4204802122351484,-0.23615367803066556,-0.03190461247047019,-0.09008791285915228,-0.27611897234895777,-0.3096412414024451,-0.3798635106923676,0.01224901164407899,-0.04158216985489063,0.0017756766905161674,-0.4409391639731759,-0.5177698227586842,0.07198908070329296,0.018257701733993652,-0.45772725083914984,-0.18503110670833078,0.5272745470801695,-0.2596177694805931,0.19800135440878483,-0.3122844153835525,-0.2060800453165103,-0.6505974736841516,0.5107223571639679,0.03001824595942226,-0.24512490104733997,0.40095061242255176,0.6144464187119738,-0.08394065969058065,-0.039896812158870615,-0.32863457248141387,0.1078900145161722,-0.4453238573318546,-0.3655743415987216,0.16163087098819887,0.26725432823591183,0.042677754364762094,0.7473418387037493,-0.3944041980458515,0.15363705380995962,-0.007252322961814589,0.41491755323287804,0.27646570774460055,0.5735975186166323,-0.02280566986499501,0.1900832211979859,0.5962511935024927,0.6464939842458858,-0.08395273122178636,0.17914867764098166,0.47280226172347184,0.4662790509912987,0.16612332682728514,-0.9005967526974316,0.1161139756204025,0.009205112562744927,0.46914685468685335,-0.04431168189866704,-3024,-0.22016219810742066,0.5831034767591227,-0.018407031177259895,0.1601751440010095,-0.6513030547620883,-0.2584283526059454,0.0017051012066094174,0.5664959347674541,0.7882154699929396,0.21014109554554802,1.1192181378526993,-0.4526476724735445,0.0831929373019972,0.3554226178230076,-0.06326992741971932,0.23587174446165804,0.04324414237914909,0.47025937587988087,-0.22521658984645376,-0.3748914181482876,-0.43220805872016943,0.07664184688843181,0.3088228050731747,-0.03133513183219663,0.08618078910695685,0.31205456087545863,-0.014323688289970438,0.11134725143203887,-0.059600690317273115,-0.2744173245116612,-0.39887758426239817,-0.14643610798538423,-0.4133242906537333,0.5488207052231667,0.6243203110259067,0.2670248997131376,0.06429664283249763,-0.25242332454576616,0.4743200975549921,-0.019366042607981117,0.6128750626157772,-1.2103535836126431,-0.6470566663607701,0.13514905354937667,-0.792852709137279,-0.12637249382295265,1.0113001781314128,0.032808465668009955,0.43901269936938,0.06632149813218723,-0.010323274129907188,-1.0681905422485083,0.06262916698229831,0.30862537396554157,-0.11464454738750293,0.8604165614166887,0.058498992097432874,-0.10468246774862329,-0.8299897197555096,0.7289389142953064,-0.64803928523833,-1.2036607758441122,1.0,INT
588,0,1,-0.2333050142724587,-0.2205029758605441,1,0,0,0,1,0,0,-0.8500411929088114,-0.9130604263528125,0.20662736436968757,-0.8588138558963382,-0.898415005126783,-2.23247291098197,-1.1337920720324723,-0.5862974652796535,-0.46876885578918936,-1.82375704573323,-0.5480624594376441,-1.712653116553209,-1.3262108469904508,-2.024433197578398,-1.0089267416762833,-0.6199398070646516,-1.6922637314142408,-1.7883126785777546,-0.639365707732621,0.009554657328706426,0.07297439350170641,-0.38716320435227597,0.83370469479745,-0.22125410501006854,0.5661601868915376,-0.6512838593468038,0.3127549009324212,0.07967284608313077,-0.6222765861029522,-0.31924035406428286,0.3857044669106984,-0.2831406538616266,-0.5644798553871522,0.48288262401623255,0.7711488448703727,-0.3862660276142824,-0.998293551513692,-0.793654562936107,-2.0454220810061656,-1.0598561574062981,-1.1805887074844112,-1.369972290069108,0.12954215982163375,-1.1945533116018014,0.6329912391024939,-0.8412741887817455,-1.5173167938355538,-0.4639799430428108,0.5993850993177768,0.6427483829645394,-0.932713954199153,-2.0847814899209487,-1.9161229603507188,-1.8194507867932055,-0.9379999012898249,-0.6677317558146441,-1.9560905307088816,-0.10525448125778017,-0.8025586983360978,-1.2277326908970414,0.49739058814819925,-0.4236917356109546,0.08467116636473096,-1.408019215616221,-1.007085861741026,-1024,-0.904251460035362,0.9081573699678092,-1.0292805257508957,-1.327136402131769,-1.5686269722961992,-0.2322971034931628,0.0017051012066094174,-1.0082677188854223,0.8164555770184916,-1.4859500209102492,-1.5185296414869973,-0.7438691291086663,0.34196942914186224,-1.4101294397273956,-0.23855796942507007,-1.6149680583173962,0.03746687543896225,-1.4340763414525568,-1.6931673652923545,-2.002852734150641,-0.9170752628465189,0.07664184688843181,-1.971296967483811,-0.36877037256019113,0.0810135738190663,-0.6500888753016845,-1.9688338521889892,0.25182803311335694,-1.833643141293863,-0.2997497831932735,-1.1312948411979147,-1.022644352228877,-0.5485583963831127,-0.12370473697666443,-1.203603341378991,-1.5154065365816318,-0.17432657746343366,-1.02787482314647,-1.1881565157717038,-0.14180193836803448,0.9082476535159499,0.21436849444137268,-0.7131865764425787,0.10620614122895165,-0.828365523703751,-1.1413782724216277,1.228940009340605,0.03286528481594879,-0.10109319339849476,-2.6383326244468326,-1.3568399230319355,-1.0016027384545092,-2.33167582752684,-0.5949134565670151,-1.1576342860259445,-1.4700378422776044,-0.2121219871354845,-1.702665670351086,-1.25517906616034,-1.192529977428457,-0.17675749818810246,-1.079281059617629,0.0,INT
595,1,1,0.10453519407005957,-0.5094346047040639,0,1,0,1,0,1,0,-1.9898832359985457,-1.9476256181763838,-0.4020499266420626,-1.962833491153784,-1.820276989989344,-2.23247291098197,-1.8316239627521191,-1.6056968114473762,-1.778848585367894,-1.7181975406880137,-0.8753841854126057,-2.0623195353056496,-1.9179375801565242,-1.7319403354500233,-1.4553522055421706,-1.1781697272554823,-1.7819949095061285,-2.04558983331861,-1.8778552068150265,-1.0688098996977562,0.07365766671885783,-1.3012350137823994,-0.8260371889869604,-1.037488458203373,0.3103967492308426,-1.763601936840553,0.7553525946970137,-1.4261455426906395,-1.9106754259487293,-1.6182548030767434,-0.15418307284339575,-0.9367947410606372,-0.9718187738421387,1.1367297843271524,-0.07028556246446546,-0.5537319546924825,-1.004524986919981,-1.8585712221909898,0.125199924259353,-0.5754418933724628,-2.1732958128048163,-0.053435892970783806,-0.14255745618965424,-1.2652807730238507,1.0095886658624533,-2.063321621141526,0.18114537919089183,-1.7300940833201528,1.573741999051537,-0.7032941907468,-0.15403608855680032,-0.7015484906382775,-1.374805293362051,-1.8194507867932055,-2.245802295986615,-0.4764092839938377,-0.8230415625031927,0.6938862180857596,0.7093218636415644,-1.6211742128270938,-0.526083555644637,1.1368388829799378,0.22567409028669835,-0.028110432576363042,-1.96462124111374,-1024,-1.9690984000422904,0.6853861716697065,-0.22711291213513773,-1.08019425525536,-1.0119875233126872,-0.36720052266923775,-0.002081947889442757,-0.35357603152749345,0.7604076443173075,-1.7341164781563294,-1.8953047688110236,-1.085972968854443,0.9666074563905772,0.05028862554942856,-0.13688305540623605,-0.7652704008154687,0.03682759582397414,-1.032348036140595,-1.5839229475671261,-0.806016847410944,-1.4940478270821917,0.07687376927819078,-1.8882286245203173,-0.36851031359157765,0.010920364475812981,0.0740113178165197,-1.4283646699616241,0.269400317426692,-1.1750933220519122,-1.025671063917502,-1.7933456690598457,-1.7732927479524907,-1.6154836741468122,0.6311662332606841,-1.2091977342505213,-0.33452968445785647,-0.927675233244464,-1.4539260905319846,-2.410056571923637,-0.4850568834889024,0.7374583588204284,0.2844355680984967,-1.1235978463176453,0.03176064279944177,-0.9118999380642712,-1.0905980073223887,1.45122898683663,0.16791113917149697,0.6320703598713117,-0.8856740748568401,-1.5938227790201451,-1.2910460252201563,-0.45571751061538496,-0.1960042968457409,-0.7359484133137907,-1.7134316753269627,-1.2655519078417234,-0.6697447268227004,-1.1162460152119509,-1.1637493350629262,0.588400466764749,-1.6988196532464621,1.0,INT
596,1,2,0.44669414588676115,1.189419654658485,0,1,0,1,0,0,0,1.097870067290945,1.120867688809902,-0.001549298513625864,1.5542194753365728,1.5392908378608356,0.7856922831017226,1.4038336277909185,0.8113601785327152,0.93304629309279,1.0848703472056576,1.2535010213742905,0.45969825103279466,1.5680479396626579,1.1569317001814166,0.7892685364181238,1.5056534386927258,1.0424858423268772,1.145296149754215,0.762008036104921,1.1025145406625876,0.07195081184142695,0.747023402360103,1.3427694726638726,-0.008176649122241126,0.2019801775903202,1.5400774653899056,-0.007107609741888557,0.9575393365784535,1.5655148045436456,0.6573941879943915,0.1261936744158526,-0.08325277795290915,-0.2520508786217619,0.2240499169066093,0.39420684343005385,-0.2560351315108233,0.7903393162411884,1.1760345097040488,-0.22856946061758196,0.5841279016698796,1.048472520548683,-0.3800624580808806,0.00029745450913945976,0.20317075398493542,-0.05516758113120384,0.9257289573362693,0.2163380926479913,0.9287464060891705,-0.1379322524675291,0.14085274604034131,-0.05369808927158966,-0.21321320547699174,-0.7195232810566133,-0.009649090330218659,0.8369160256260039,-0.6195096092421224,-0.5398034063395274,0.33830760166941903,0.2442733494978776,0.45817153219543016,1.1202329317154516,0.45780533737016665,0.021096885426078682,-0.20828305767953373,1.7076745741958934,-1024,1.9175176416598156,0.11438035444906959,0.46502354501879484,-0.739562030661791,0.3844383403444558,0.07893118575529658,0.0017051012066094174,-0.6842261842964648,0.6732012905312343,0.12286805399999538,-0.0766388571806219,-0.7569806446178462,-0.06599041811156381,0.01253768737263994,-0.7251722381544312,-0.1032608432544104,0.04527368944769657,0.5988622467308136,-0.054037836308762,0.0027444838067558993,-0.37653599002146565,0.07664184688843181,0.6053906458813854,-0.36367557759620545,-0.026439694528095692,0.2656682932754019,-0.8076877611039354,-0.3083801178250178,-0.3914880006846799,-0.030549500210976084,1.6917064870933576,1.5569503441175347,0.4029271038491278,0.27551029127207505,-0.3967435262014666,-0.5658980740157911,0.15839078303972318,0.6605943973667557,0.7101233748733311,-0.5367375048395976,0.1558740901171623,0.29919753306437424,-0.4335167244446178,-0.09912281295475042,0.49841673934944236,-0.053513423930114254,0.10863227206294333,0.0262890904063614,-0.13003048391776276,-0.07640419815019564,0.26804815343413435,0.9613984371042141,-0.6064114865335621,0.35430916300846194,-0.10354482013363168,-0.18575642087042893,0.3382453383639551,-0.03302570279499619,0.9551397313767295,-0.38911114434182564,0.47542545308368805,0.45787004207618065,0.0,INT
598,1,1,-0.4927718277394934,-0.5338791273728075,0,1,0,0,0,0,0,1.5609861689893645,1.5852734336429917,-0.034847449612925754,1.5122798100255872,1.4710752620744045,0.963884664666896,1.321983537399165,1.336357840593591,1.3320229195740563,1.0477545110255624,0.7433803075700408,1.2589189410917159,1.4474982260793552,1.0932167434534028,1.8127662856530058,0.9284721040813384,1.0465909122607127,1.170691088872223,1.4456234066817115,1.113842909476602,0.07166816639446634,1.4566532433690207,0.8733849980131065,1.1801488957759296,-0.797174711972697,1.158706735066035,-1.0627490676029396,1.4492495094851483,1.2098093451850023,1.665492057613138,-0.939424562747934,0.5737530640405578,0.6828799992302764,-0.7329243567668701,-0.5727193037357272,0.3425526383842895,1.8785735520737703,1.5804855158679023,-0.5699362571885269,0.988551459225492,1.5858650728871204,-0.5254029556561173,-0.43930612545843784,0.741018762864238,-1.3250222957537943,1.8932964671031736,-0.2817966653468444,0.9007206476553995,-1.5794515887009009,-0.9451722613434401,-0.14420176896040043,0.11966844095415273,1.3865617921248032,1.115295701832885,1.1619658499212573,-0.2395042736685478,0.21284641464426132,-0.09402022360341629,-0.9798295971641294,1.4519819526061473,0.9362642730550113,-0.5981340993462755,0.19412971287668795,-0.41385987423915993,1.3182929366032372,-1024,1.0679629598596119,-1.4893704172629687,1.9558764682312375,0.6093243219159655,0.897050326404978,0.10035529040659893,0.0017051012066094174,-0.22436056503611704,-1.3775784342776138,0.5047712002443407,0.8154114381614864,1.0334478898046398,-0.2196602317917606,0.21368119349071482,0.16723463871447952,0.6553957423805203,0.15865495481882969,0.5045006341789555,0.6401961807222558,0.36391101716599356,1.1434067843819,0.07664184688843181,1.4605192873639792,-0.31434198287600046,0.12897257268933343,1.6107120852922991,1.2137867348903995,-0.21622272119197425,0.4178324990660971,1.1959934937312944,1.2630301525990735,1.5243892103631003,1.350675100432845,0.311159005624591,0.40139377096214296,-0.18454454081136196,0.35024036006461035,0.952256650436947,1.0731361964959003,-0.18484898582877402,-1.1584463815158526,0.23524536941592938,1.9040280798341578,0.20991992785984517,1.1229291288645784,0.5771543301878549,-1.2309320399218548,0.18223211489380195,-0.6832714837988052,0.7005064549985444,1.320246094018564,1.7092973072858508,0.39735924257022004,0.7966046109619842,1.114063111864611,0.6383902190226887,0.7508882797112426,0.8647341308816365,1.3921537420151995,0.23036779632444437,-1.1845734024451355,0.5676374401921671,1.0,INT
599,1,2,0.7739357721153459,0.46691715510562004,0,1,0,0,1,0,0,1.3570528499468562,1.497562079659801,-0.746195539204294,0.9370177881784247,1.043604571425939,1.036638134706599,0.6995213373393772,1.598209844822283,1.5166511525873094,0.7647062110915056,0.7970879016814698,0.3645443021707914,0.8984075597491215,0.9223584493353398,1.797024830274821,0.8548090997132447,0.7373534663801882,0.7125194710154209,1.5494751852496904,1.5483479814669217,0.07256287582958437,1.8693718828808967,1.6446853154202725,1.859131367966117,-1.7318274039715924,0.7686552941859707,-0.9957831122666531,1.6512721862007476,0.6782924361625045,1.8641406987494358,-2.116478907364474,0.5898667546236814,0.7264852609711004,-0.4956917124313838,-1.9060412648855949,-0.051425961345185026,1.791896609992316,1.4676777277885493,-0.6457397161728096,1.1701166859388346,1.3750722008655911,-1.675599889570357,-0.8048635375275938,0.5175680551591031,-1.7509167440790607,1.1359753862063373,-0.9815595306693693,1.5570556974151442,-1.670515958511024,-2.1910782547884113,-1.3080072721762104,-0.41476002061345213,0.03884387666531841,-0.21827270460981416,0.31819712770772496,-0.6618525443740078,-0.8833546974974459,-0.07662076124227593,-1.9037759592629477,1.0898184621989886,1.3878350158755466,-0.9008325889314807,0.23249564158374772,-0.848309425325671,0.9426777550196563,-1024,0.33839210002803516,-2.717637993306289,1.8613739652437806,-0.4762201958135724,1.256708121718825,0.10035529040659893,0.0017051012066094174,-1.1424864052037063,-1.9026326534227458,0.417498158698788,0.016871328204316166,0.7351446987520461,-0.14699562299784966,-1.5198420222146567,-1.036445807087028,0.043180755629039336,0.40042744652381224,-0.3681452658049078,0.5078682621011323,0.2035608913579506,1.2881868146029336,0.07664184688843181,0.13333418611300626,-0.36799927374186875,0.05872062535787721,0.8806542064444448,-0.029902542806757224,-0.4938976016629885,-0.5410276721938204,1.9738262158595337,0.3048168541771418,0.9301728939889014,1.8811828726602484,-0.4378798610756001,-0.38469956416574463,-1.5538807432232002,0.2795762730677638,1.9757797209763044,0.23693777959686088,-0.16478781039961982,-2.4214542081928307,0.0343574844554219,2.2629565740985744,0.03873805703526894,1.5960390448834134,0.6280831973321388,-1.4592367507013615,0.21395097047109912,-1.9003022647132428,0.015661312926310997,1.0383294565737877,1.2482360680881657,-0.637329541413818,0.7823882336857375,0.5502233931142348,-0.07972417548548491,0.8525523983485755,-0.2429125984318677,1.123723510362084,-0.39258023290513633,-1.531843104492597,0.5676374401921671,0.0,INT
600,0,2,0.856532710824293,0.5068957165186889,0,1,0,0,0,0,1,1.359128634336591,1.6475009292084777,0.45822273865766133,1.4615467304344467,1.7580026977665772,0.8429156483633573,0.6688511178084149,1.335757458003268,1.0596307741120894,0.9971573945206762,0.9920983772656256,1.0039869370410868,1.0545899600691129,1.340844354774182,1.63377497547426,0.9235783741274082,1.289499746984152,1.1541457710626306,1.2334914088904072,0.8038165495188065,0.07080744797306224,1.3843990948435452,0.6605652762247733,1.605040954343348,-0.3970187787607253,1.6188672659635763,-0.9039235828888802,1.2115775319074555,1.3557419682269412,1.5638237221261475,0.8111097319777277,0.6031945801540674,0.6337987228587331,-0.32927600847932037,-0.22182145805768186,-0.049629075708907115,2.0441604959203246,1.3263246408539633,-0.28898421995473383,0.9858976064125852,1.3037732866222083,-0.7693824051419,0.012255503204643579,1.0625992347676965,-0.6262790867782472,1.3167816774571948,-1.1662470787217905,0.9719148476395344,-1.3774754849380328,0.9655201369050589,-0.48519907549956187,0.23352760981259066,1.3685305987773932,1.2305976068416482,1.2827036498733424,-0.3594148161305573,-0.19979393827833297,0.258788112416243,-1.8022431817928977,1.646473460738127,0.8173007530469129,-0.4690488755129931,-0.06440026686532677,0.0041165761269269805,1.1921830332497592,-1024,1.2831368062608772,-0.3462978808847982,2.1688547144410246,0.5019698753117489,0.8989174058217677,0.10035529040659893,0.0017051012066094174,-0.19067280580501053,-1.410288877930328,0.5192711573519992,0.8117329667910264,0.6175026633785493,-0.1817071418839751,-0.7051224690481358,-0.4990301685649864,0.48035111966013505,0.08299640758749093,0.40606100298584785,1.0155588280082113,0.3536672906102819,1.1044423806295185,0.07664184688843181,1.277808544633169,-0.3130868035336509,0.15145210436208406,1.686138626033147,1.2024615063929496,0.01583463608322501,0.41210122940445876,1.6284509803558667,1.0453471087511277,1.100404827645404,1.3050129540196307,0.5022543318345032,0.172600020267255,-0.3723607178516332,0.3559047798357716,1.004305342176117,1.1912544729092398,0.6454962916717889,-0.4180736216245068,0.15617245085408865,0.8852094627584652,0.2744003689300378,0.8095169090587586,0.5294948328949186,-1.1130632637004363,-0.05860154741911822,-1.1476359337753965,0.7573916680530753,1.5446046281845296,1.6104771506093047,-0.010642975940769453,0.9930782128414236,0.08907325599511266,0.6380310713913142,0.7057682378320956,0.07567649167923868,1.3197707423687823,0.23019854709429585,-0.9002676945824788,0.5676374401921671,0.0,INT
603,1,1,-0.4476339641974806,1.614854994724373,0,1,0,1,0,1,1,-0.7590415790083523,-0.5997811270847657,0.29388829923914683,-0.9288399534043623,-0.699984919938039,0.03436173580831989,-0.7058510696179727,-0.7519305992865111,-0.5554561498535051,-0.5680184751883146,-0.2871793121059532,-0.5017629137413712,-0.5545230204887487,-0.4063257895402733,-0.6221839932276256,-0.5499527666807411,-0.1785064381528943,-0.38847815504847544,-0.7054649050391358,-0.5835445655261032,0.07133634918286592,-0.15212248028809341,-0.5632045015219244,0.24586332534602645,0.4781750280840264,-0.6377184563109828,0.347436749689592,-0.5151732543308682,-0.8570843581824721,-1.0279311187250213,0.5541589580466731,0.2387138706161387,-0.0268472655943578,0.33178998058182635,0.46781697832085556,-0.007896441841311271,0.0536185296042171,-0.7134000873087151,0.7686518612902374,0.7329131762824186,-0.7869229948908845,0.9860248999575272,0.39917407336857036,-0.06948844399814781,0.48217586364312154,-0.8518871816097071,0.3102469378107067,-0.08192458955058156,0.4715408786398678,0.4899520227830898,0.8328912125632203,0.4332448071024557,0.06327159238530618,-0.017363147985744953,-0.37298254690576776,0.2038851717906758,0.5861195575265379,0.2403129361430537,0.6305022695276117,0.7786196716054974,-0.8289042248595295,0.008493436211913084,-0.022930026049560636,0.8880213078275229,-0.4528462575654743,-1024,-0.7842863736874345,0.5220627457210688,0.030205848852925484,0.11416036729382525,0.646520810639896,-0.1433425215799916,0.0017051012066094174,0.4190409816734268,0.7588666610360857,0.4841314897281263,0.38843680418855836,-0.04250379612485636,-0.12253806715229487,-0.13864020590529055,0.20474680131719133,0.6889883880992672,0.04739084347590957,0.38715142215056797,-0.1828304377624771,0.8354465041563418,0.11390382055434464,0.07664184688843181,-0.41950776923885047,-0.1686438101257303,0.12078583136543584,0.3666555460853931,-0.11677007286092675,0.14249950350546586,0.23708694415959342,0.1775194947342837,-0.42698059325235327,-0.6990303011697612,-0.9274466504452138,0.6518144637508833,-0.06570127105384041,0.7403916253117883,0.28141540359333905,-0.31025753440889053,-0.3734676425489303,0.34390745681992135,0.5705848914839488,0.2556782270485403,-0.36175714995124325,0.20826204185793257,-0.8629909467110137,-0.266916039149738,0.4817899227583162,-0.003382494319033499,0.5438700240541078,0.24286347274912762,0.6749623223698192,-0.713199521928703,0.3769152969292779,0.07794711148870707,0.020132221056243106,0.22195749375657883,-0.23774171201918837,-0.42165216996580474,-0.8148107747591024,0.24207821447691202,-0.17809453797999378,-0.6505921908599543,0.0,INT
604,1,0,-0.7055564939447435,-0.012058566185934276,1,0,0,0,0,1,1,1.1598827442224746,1.3523061793056894,0.4852131419069735,1.1625367493678413,1.3480173104138073,0.8290725944608216,0.6757142537637812,1.0745697236460907,1.0385133206865984,0.8381501461815538,0.987247655758343,0.45713555138101514,0.9505385335372193,1.0707792877990903,1.13703768984175,1.0117822418053617,1.0403816793750655,0.9748755573917015,1.0433987648768666,1.0567136952356757,0.07061273428045575,1.5937744282022717,1.1446627455755767,2.2411325206478088,-0.16362106393546913,1.2507995442182882,-0.7045792273763906,1.2062051765563258,1.0880779470167852,1.2987256155987572,0.49871240055904725,0.5094593503441543,0.2571890426966843,-0.2157967460625218,0.12543974580520562,-0.44813064956206766,1.0657393757945919,1.1582806252857132,-0.18927533208330716,1.2724340130343295,1.0493238418476556,-0.7372265189948879,0.2085131631814709,0.305399754166324,-0.7103051592037853,0.8918433593009214,-0.7324350648700388,1.3468192375389403,-1.0548093573162944,0.7612482300642691,-0.09293961293650484,0.1055091372015671,-0.013024738269633646,0.3369557682197409,0.9891531178176725,-0.5731561015353347,-0.49212393076069405,-0.0759471075039971,-1.1646440485940217,0.8844741228907131,1.117357486127424,-0.6542150506852217,-0.03878991524378791,-0.06394508982271475,1.2331305860395674,-1024,0.8325918013630871,-0.43971962704300643,0.7411663582138651,-0.25446751353050673,1.3170323534055632,0.10035529040659893,0.0017051012066094174,-0.6301930510707082,-1.342036441234183,0.5374600842976999,-0.02647370931364226,0.153800102976674,-0.17524240730455834,-0.9470834555413692,-0.9060794341361235,0.2709394256006909,0.0740923711588041,0.12233920281586089,0.1758839953670529,0.6413581293649816,0.8805836596066068,0.07664184688843181,0.6373121092991219,-0.35742407491015105,0.10084222639953157,0.15932582479475074,-0.11517239794712154,-0.02941308139648511,-0.5446842564793113,2.335802880522686,0.3499367625827414,0.9814325720366386,1.1004776641299476,-0.22726210756845616,-0.3856747601132736,-1.0207574577640455,0.37714689725353123,1.4523648201994204,0.9360421497003079,0.2375185927728046,-0.16458346500006543,0.19298856498956174,0.6442567893186237,0.14353011978095095,1.0970938375540245,0.48000734260488515,-1.102803739018342,-0.04900625499211027,-1.1060950059127714,0.25261731664831244,0.7925482057555058,0.7576587626504857,-0.051121498953959815,0.3069337556155539,0.1705053624418805,-0.1410106724602439,0.6681573810911597,0.07635468794368971,0.6375190468606409,-0.38956542362631785,-0.735366965959093,0.5676374401921671,1.0,INT
605,0,0,-0.9485642942861551,0.46133653609150865,1,0,0,1,0,0,0,1.936412081200837,1.8219709401308744,-0.7504068100290837,1.7468142341894919,1.5152093567346934,1.1791773105840324,1.30123843799363,2.1597888025353185,1.820797284359542,0.5551413096237116,1.3802828089643868,0.14874370631523914,1.221022744843201,0.37968075530753254,1.9326952971675055,1.8474351377073126,0.6113126150445793,0.8630884850432793,2.004966112712371,1.9133325365247713,0.07260642047614099,2.283145646894573,2.4859965595527838,2.7684531435499857,-1.9597499732049763,1.0444539243301683,-1.337128543592378,2.335668666326604,1.2745964343220937,2.319955358046274,-1.6432500737802416,0.6826190662332112,0.7190798380090275,-0.147260646136725,-2.1286775184493707,-0.622481245771131,1.615547423716664,1.9460481623217494,-1.8767335093048054,1.073483891421834,1.857704297466977,-1.782069769279457,-0.43104765220419444,0.9619200764789922,-1.701560662733153,1.614979700389978,-0.6441141098995721,1.6460185036067425,-2.045079506212395,-1.965054192060446,-1.2870271729050715,-0.8367831885000567,-0.6239004566428445,-0.43301233681760004,0.3411607177998431,-0.6757414918477525,-0.8159510588141767,0.05629674479911576,-1.8851401069871834,0.4931420941758609,2.085863817243882,-1.2046702639948677,0.21561640711781171,-1.321540810386266,1.6709932103597012,-1024,1.1578917449742248,-2.7158767464257063,1.7148803869099851,-1.0249357361459603,1.247700108697772,0.10035529040659893,0.0017051012066094174,-1.7933484585283286,-1.873333698728962,0.4997582715130494,0.031805279250939754,0.6569081931612001,-0.19477563543714044,-0.34807805727594315,-1.7478639921182322,-0.262210614097258,0.4147736821760271,-0.4960189314025252,1.1212665598934386,-0.12527377304309692,1.4864005176188286,0.07664184688843181,-0.12435032177937563,-0.36882495334916543,0.08618078910695685,0.5430304708591832,-0.6405204049211081,-0.2543224460642243,-0.17899237218828715,2.9052628826158036,1.267593973827442,1.282102158199672,2.3028973994161395,-0.5088392513211499,-0.6866629232419205,-1.6155985352015618,0.34445076768247546,2.2527380217123323,0.3532010559604375,0.39367061614768245,-2.5658201102265936,0.3386488173417979,2.3530854306087963,0.1078111170655318,2.020957152068404,0.9253992586126698,-1.353170206321718,0.20892119459999164,-2.302686300135454,-0.5447400822636562,0.4859113468630138,1.0672681516388,-0.5266706611042279,0.7265439796640845,0.5437293266039481,-0.05778465087766208,0.8662510886019799,1.5059407242772065,1.0190621590284237,-0.3925043665326524,-1.7942573522101999,0.5676374401921671,1.0,INT
606,0,1,-0.37139566556932163,-0.244680096736053,0,1,0,1,1,0,0,0.5881885687389437,0.5937372697815491,0.33614209639560544,0.5886977499848062,0.5689768288683342,0.51789864093219,0.46271408424509025,0.7313365666789938,0.3337087471411421,0.28004003882380785,0.35701793644887464,-0.24971445619647867,0.50024388851743,0.2821205537747603,0.8322681392071418,0.4441902871979284,0.14404651206416305,0.1768793626289766,0.5427131494728165,0.6859720284200236,0.07099864180530746,1.013930923745513,1.050228628882689,1.5751128233806118,0.08667782300479152,0.5707774210894158,-0.14310735231868205,0.7604606705596936,0.5934413929775881,0.5596254638789947,0.46282000576241583,0.4681392075490437,0.09924756126785751,-0.1327762932659958,0.09082869150465807,-0.3643099719347405,1.290670877076485,0.6082335423530001,-0.33544042802162977,0.9265447738555963,0.4143221988212482,-0.5962146688031738,0.2934488435211522,0.5041325468859819,-0.2200544362039705,0.35469539949178713,0.17015997139555267,0.9531707142213988,-0.31963299232235476,0.6278850557557518,-0.8013597344507543,-0.3429398678180671,-0.7814304000815022,-0.4446459118825778,0.5029123366269243,-0.640277232383506,-0.438447093088441,0.026556594169639656,-0.0993343334425739,0.6154544544042485,0.6315130332036061,0.10790014044532317,-0.019214099985756846,-0.5746907910844768,0.4844943534793397,-1024,0.6381913278369623,0.07463787125744459,1.1507520984997972,-0.7166160348649894,0.8505023615484658,0.09299065786734034,-0.005872700701582387,-0.9633234116808711,-0.4944264968452951,0.5355740736192248,-0.08221926394715778,0.03306735538966261,-0.13246386277629457,-0.4023603085263938,-0.5747846858758517,-0.315090603746901,0.05845446830588754,-0.4464587952264519,0.34160526783277717,0.1834878402119707,0.6856570331836321,0.07710567965007743,-0.27332136077414393,-0.36579937141264895,0.12339235489777718,0.6570709269382181,-0.857949662050342,0.034387552592244935,-0.3773669451855494,1.6183483231905555,0.48884845182082903,0.39367002775265897,0.6522784171269302,0.09207524314612701,-0.3906356597372487,-0.8805200572094575,0.36878216059334074,0.8923630603060105,0.3919203511486344,0.37028149138099287,-0.017418106504858547,0.32805351525019444,0.15993129190830274,0.20722818489289355,0.32544865170944376,0.25242262964312207,-0.7415238526421678,-0.020883128939898146,-0.4808806095287438,-0.4395615728535979,0.5266801731285486,0.8783653300693726,0.10917935747883166,0.38278424474843686,0.025254577979916388,-0.192422946962292,0.49380787340853854,-0.0816087523283143,0.6495446617629774,-0.3921990435851077,0.1331765126848224,0.5639574866088158,1.0,INT
607,1,1,0.751957953737888,0.7616237423895643,0,1,0,0,0,0,1,-0.9892016645603586,-0.7414690215150799,-0.012017037314523032,-1.1438137870186855,-0.7949776370096908,-0.06638550655305166,-0.6903686755040992,-0.679078131949354,-0.778650066545267,-0.11514126125623282,-0.2891295546225482,0.048100120920169784,-0.4080860148467804,0.2003222870045368,-0.8898164569743005,-0.6602690828961986,0.30334446525719405,0.026731285345385138,-0.9573125581824634,-0.98529354696248,0.07182523331637436,-0.5821748912273066,-1.3133706719170781,-0.3887725150110033,0.35328151284106857,-0.7690939895387425,0.6406541682996133,-0.9825981179774371,-1.1010767028960662,-1.222585990674177,0.25444281370414024,0.2123720532982866,0.1633115108333524,0.50821612563756,0.05333664665389179,0.32499315154752856,-0.6522972597447378,-1.0473372527427467,1.468174485875188,0.3672820925721541,-0.853659145934472,1.5755351345683652,0.3389153661706423,0.597070027099599,0.5343485366185644,-1.088466525484151,0.8165067223635534,-0.6352742238791778,0.6899582424281137,-0.010107644283078013,1.3896342228611125,0.9992669125256322,1.0083936305614833,0.15584353385413524,0.27346735613427187,1.4479955147816526,1.1759874178232594,0.4445271337096104,1.1794726033144698,0.5173085386585081,-1.5948049783343607,0.9055035246600328,0.0742730007631472,1.7719072562779339,-0.5989217285879487,-3024,-1.3950097366122995,0.42812300966231076,-0.6286971015276082,1.0775045548315978,0.2515397797450187,-0.045068148421746085,0.0017051012066094174,1.314017254996473,0.7131997216894576,0.3884770198482145,1.329003800668679,0.16361284706189158,0.23913854368015097,0.44694317974477715,0.41235006825243725,1.1437052416043807,0.04831912693327218,0.8496326096484765,0.52381209732769,0.6474004504699524,0.15253532428363073,0.07664184688843181,-0.4844501548788763,0.9790038291279081,0.107743234146475,-0.1871439700799646,0.8160371192631128,0.004651179368792782,0.9190057834855301,-0.5254197205544366,-1.3872910893306778,-0.48340080816340514,-0.9071344304922964,0.3764184293001096,0.9190866110922795,1.3158574153514717,0.21979634199931938,-0.5948171500825369,0.22569808944727485,0.4500417383351689,0.3089361995459574,-6.178739381926085,-0.4156170335743308,0.2185338429109768,-0.8725346817971732,-0.3318757885447582,0.47639800393269754,0.08874727501207211,0.7517720078438294,0.6911663980537378,0.48590830927658735,-0.02745931417985312,0.9168515984762661,0.25872424046644404,0.128083744460429,1.079960688613576,0.03442130535343849,0.013971638915901637,-0.21762070650026547,1.1434247094933292,0.5580425114042217,-0.16722404099813337,0.0,INT
612,1,1,0.7629821014577896,-0.4071726062605536,0,0,1,1,0,0,0,0.4687587034676928,0.6526312831783203,0.19006313635649355,0.30690730415570144,0.5107980722581089,-2.23247291098197,0.05327606470337562,0.6924513290605,1.1088963506348026,0.6090091647491256,-0.0043289935588102365,0.47748161053766397,0.27003139979009505,0.8465732158773285,0.6885289054503686,-0.1805473774978245,0.24613872491870867,0.10024068845068346,0.5718942145031523,0.5161882877111328,0.0713242584865313,1.112363834163327,0.14276242133515865,1.77055389073897,-0.448388234799629,0.36378618846250166,-0.608854825503237,0.5668758227105708,0.17787108028103674,0.7327337624465481,0.07372387219032271,0.5646359601499307,0.26153858841675176,-0.8355251503194928,-0.42714426124505184,-0.4680099657134742,0.7010710804224102,0.49133781460923553,0.7141097217537047,1.4965450846336483,0.3896419138479106,0.047059016510061204,0.2303650910264,0.8967184715824431,-0.7887694068779282,0.2197253013462105,-0.36850934602879704,0.921941559670324,-0.7588675809347731,0.3269146101069032,-0.6691712858827609,0.6597807363044572,0.8703773576397689,0.16469482894768386,0.16150334517143086,-0.025635560866902073,0.1971922511338642,-0.9493280347902431,-0.663829965682855,0.6322695198174185,0.5351539043494382,-1.3256023307156268,0.04425621928181977,-0.4367997525866625,0.0370768300340369,-1024,-0.2778215973123722,-0.48645450941612534,0.17465312288927975,0.4153072867099617,1.4992357140839043,-0.13640416557367446,-0.13048204360498877,-0.36402144655046964,-1.5138032600414812,0.5820350988392465,-0.0526030660335733,0.2741855606733416,-0.17480057933030396,-1.5443679287063203,-0.664829839087802,-0.31486398845122887,0.09966519237539674,-0.43988194945273623,0.7865027018061004,1.101548400509207,1.159720269709286,0.08459781739760959,0.49061581597977194,-0.34567177746347066,0.13943556037576063,-0.5645593692376234,0.7551970922211566,0.041181946606163554,0.3938126242744442,1.8257955948710207,-0.5090564060079098,0.08581649204752614,0.3673162634320638,-0.8486025458633781,-0.3898331061249554,-0.10628332290966479,0.4591709140698188,0.7869586407008575,-0.09833935890378478,0.4280187843105209,-0.5067168624091853,0.07139733970788924,1.1267613849711062,0.3273033761253043,0.9178446112532868,0.07396820300417359,-0.9908730442477072,0.02895909254414025,-1.0397747401135145,1.1794868840392134,0.40264032431317376,-0.4111271528661761,0.4125409740631838,-0.7529515299629408,-0.1940859792986004,-0.16204309719692803,0.6268730565986907,-0.8400594063017552,-0.6983674516496934,-0.3911171833564569,-1.1924007423674234,-0.04620919433341662,1.0,INT
613,0,1,0.2139320406295212,0.0043153828402119334,0,1,0,0,0,0,1,-0.0736265948692603,0.05998899893677021,0.36494063808890503,0.08480687264971266,0.2554858144080064,0.2971866694426414,0.1506862928854498,-0.24429957716682313,-0.09326220088040393,0.20765164239274544,0.7554972713531788,-0.03674682713117622,0.34988954716094645,0.37951554809014826,-0.43767166530688095,0.7393063826033677,0.4619318350190131,0.3558270205282078,-0.40669216638692246,-0.26148053841127566,0.07144170294814367,-0.17113640044023187,-0.24269407829777537,0.19459282934236127,0.7163551655034788,0.24942135099480525,0.9820721895792912,-0.2915841191656535,0.09189752235580609,-0.8226611215570616,1.2509683750651397,0.26893010638558174,0.06517738217866949,1.1919125108532196,0.5571326630454193,0.10487494484272994,0.590122967817116,-0.14930730970534603,0.9220165403877256,0.3682997904354947,-0.1711129935160493,0.42585875214868885,0.6121768572290978,0.1267171185752659,1.6592979737610654,-0.2733515732426925,0.3500985784201522,-0.45955681607597687,0.97844093983498,1.3265610690988008,0.9248739593203906,0.6599037464282322,0.12768255495062858,0.42758257836949876,0.020926513912419734,-0.08155183871104385,0.34936362125571285,1.5422827420130145,0.5967638276317591,0.5259930436533312,-0.46360878129696126,2.183423014737666,-0.017352367786415822,0.9479677718876549,0.4473504365157621,-1024,0.22013464078154027,1.349565520989494,1.5423963655297737,0.11564406267825776,0.30177995150172604,0.0966715380277274,0.0017051012066094174,0.3822104564538093,0.8455623881914095,0.581922894250232,0.41868855973038216,0.27266462110539136,0.09813998553903842,0.8991257026924296,0.5976841284064403,0.8285830792818427,0.04187182901132656,0.9354433226668804,0.03480183773062891,0.6021534683559022,0.11467457269785773,0.07664184688843181,0.2810840927011327,-0.16771826589149505,0.21278177440993248,2.0855741862028734,-0.06792061679923621,0.43680170221078,0.3704174252019545,0.08466715203977045,0.33868891920281613,0.32647826202294955,-0.4572295436468467,1.8565521540323464,0.1781948119111308,0.5599989052142362,0.16075526252403968,-0.0022987900221137555,-0.0020827156709019475,1.032576559802125,1.1021718058710752,0.19484967083385363,-0.5571456189655111,0.5251161089649914,-0.911764580275923,0.9658305433615095,1.4432367321911073,-0.07500394133148652,1.7773997134508983,0.8277653541997501,0.45830342555431786,1.16673193976996,0.08388694682550925,1.4828041425119254,1.3554445908938262,0.24349463192825962,-0.2435270813288909,0.1889085873708456,1.353063153322677,0.23436600293364776,1.7345719335027128,0.5487259406902923,1.0,INT
618,1,1,-0.43653288056525624,0.2917699619834018,1,0,0,2,0,0,1,0.9376683873436192,0.9598786190691887,0.5110987816161996,1.1398986814090903,1.127747993328579,0.6438032515404573,0.9974430309904173,0.8504800208121118,0.6117813403042447,0.997374705654127,0.876692529398738,0.37196577383349966,1.111991116556184,1.068589419827746,0.815273426902887,1.0551872509763718,0.7731110702669335,0.8500950252609025,0.7600105745830797,0.6923631820867628,0.07065027641825648,0.8394120852025806,0.693642505918354,1.3277289157947583,0.19610463757112317,1.076380058476164,-0.2986644097349444,0.8859989473307376,1.0964196629961958,0.7219253739426276,0.9490260752636361,0.41093185696234746,0.2422926521034101,0.18882942665925365,0.3755795677433654,-0.11531435820395408,0.9805228512010993,0.9295316349633634,1.0006451422205533,0.959438185686155,0.8318859543648298,0.06907380766392755,0.2703775983480638,0.8727664136524628,0.12066027563868832,0.8101016131946278,0.8045330956099107,0.8393891864111003,-0.44572480517188284,1.076942224644593,0.02345828988294396,0.17451420676771673,0.5319806876076568,0.5187856253762643,0.8319409981572913,-0.5289945358270953,0.060716420577400496,0.36916957793875615,0.19285916919554036,1.0278038105442273,0.914583625021057,0.08012981728726223,-0.10030727787475233,-0.09928305728759412,1.1933378188012909,-1024,1.2071622386768803,0.37312784265552157,0.7811703487424653,-0.2753458577878335,0.8656845683923958,0.09790391104218574,0.0017051012066094174,-0.47225339174157593,0.2499933484673574,0.43737272210926736,-0.10517767395671253,0.10632837377251711,0.03399094588166283,0.24219829626917144,-0.39229600245485957,0.47070020839386606,0.052518380841993444,0.16123761215901133,0.7407703330563068,0.3429421721629106,0.5473351742567885,0.07664184688843181,0.6804221096521222,-0.34812343049847916,0.16168412428769488,0.5969750706288109,0.37238078579301453,0.04478408432967221,0.26341156805364013,1.3270666988391235,1.2064023432337447,0.8582347055153917,0.3761374187790361,0.34055518267174245,-0.3926241186823882,-0.12836583456405035,0.2856938509020948,0.902956248664115,0.6896510350725564,0.5084674507410062,0.34621017783071023,0.17346298308973054,-0.027699493549098557,0.3183270590427355,0.33567025952873486,0.9556633979007704,-0.4128513340826841,-0.08676480979277927,0.0952451411725784,0.7128485576286978,0.8992261956903519,0.9032046335918065,0.30510106402342113,0.6508506388391316,0.6999975631115322,-0.21385578562388818,0.42128405367477106,0.49597660732998444,1.0610987063629436,-0.39102947814591843,-0.19977489073253407,0.5550509048894504,1.0,INT
620,1,0,-0.10096383466054154,-0.8876177795970983,0,1,0,1,0,0,0,1.5841667834278785,1.735503722123456,-0.14181829456653144,1.526332620624392,1.6410130959493263,0.9432684430507821,1.1380303755565109,1.7236198755732246,1.280655717096329,0.926287043193816,1.4058352078175658,0.7275191312831334,1.4000760971166115,1.0995118752773954,1.702115650218415,1.5705315168255793,1.0895875907150423,1.0894752652689843,1.570677877171111,1.4485661442336406,0.07188744815210375,1.8352694225082091,1.6389347214501329,1.3410050752892042,-0.9604576263550371,1.5302544482998888,-0.688701088351687,1.7471865685307406,1.4359384534891078,1.913372440404947,-0.8610158163458697,0.48957771183285503,0.5805807674018878,-0.17047771308754678,-0.9600166346827866,0.037305241869200124,1.4948506931756578,1.6892108038248868,-0.8074168830049224,1.1248768378200635,1.6355189724901633,-1.1834265452056154,-0.5200567073219801,1.0052370956624122,-1.3362559645157766,1.307103981987193,-0.7803773090836643,1.5267426691155528,-1.3052653948501753,-0.7704627928944444,-1.0180088453946134,-0.2322197280256965,0.03555527497941283,0.49803189036820616,0.9011335998320139,-0.6570989420933869,-0.4523505795956781,0.04021352265152128,-1.5912291132318541,1.3233372522279634,1.581498238455888,-0.8554150662896619,0.14657031645023227,-0.7130472599565328,1.5547908644142818,-1024,1.4370968652242866,-1.579447799448757,1.3767901389919996,-0.4750217808358025,1.2005207520718557,0.09419326826694391,0.0017051012066094174,-0.9287648981361042,-1.5590101846348383,0.38070302977726733,0.020468005706185382,0.31882629292868786,-0.18800705251355365,-1.0258435747655887,-0.9647810409481113,0.06741106027339719,0.1454649569995309,-0.12394986041536293,1.0572422517932913,0.20717709298988055,0.9893942235796291,0.07664184688843181,0.6912616657168502,-0.36670672528444964,0.03668313211963704,0.5353770181944966,-0.025691629515294977,-0.5291806890809471,0.1274680182636956,1.4240168387175842,0.8829334138799343,1.4392882090968857,1.9454697576519229,-0.3434288619649333,-0.3847926470787494,-0.981918785104416,0.2576436025948322,1.881798369056045,0.8547319379167825,-0.02928503477889235,-1.40061261380904,0.2297875496043462,1.4611548235287983,-0.0026299196630492545,1.677371591078269,0.8029932155886143,-1.4182607683581734,0.13555611658670114,-1.660623192250927,0.2951152290398562,1.2817771506366225,0.46577420873417597,-0.38883462794911683,0.5713892634381543,0.32063980173736134,-0.07645085987453872,0.8274203654883951,0.13332029586759228,0.6266149104147082,-0.3922944139585675,-1.051430756727489,0.5360119051841583,0.0,INT
621,1,1,0.25506831962305315,0.23707186231207122,0,1,0,0,0,0,1,0.805122662650769,0.8210137464848496,0.5703237128949352,1.2002129376270223,1.1888906098569052,0.4804204754560748,1.2283328359432695,0.19171211963543805,0.2376618198771023,0.9804708345538371,1.0431323151853618,0.47010478464975025,1.3761365289269052,1.050056412940723,0.21352440132646824,1.2508754857981343,0.9251015373926967,1.0127529945839933,0.2483124488182424,0.48011720569359784,0.07080782396267393,0.44172044569062996,0.3693195788288852,0.8418477215923066,0.6923303721330839,1.135704132467363,0.45034163587523973,0.29798827349940304,1.155435811656843,-0.0615128477012973,1.6225616266571232,0.3401246705476056,-0.1556071059989091,0.5739665792266716,0.7146102281268834,-0.2711455238985635,0.34377207546689265,0.7054239161278933,0.48085827616117066,0.8014555368345565,0.6463808812424202,0.32574438822610446,0.5129436232241927,-0.05976858355607124,1.6417813527081297,0.5130880371376864,0.8371869928483593,0.14205886132579734,0.4559285177528445,1.6419673055893351,0.25544143472313807,0.4561774157385608,0.42829528272908723,0.5248921894394138,0.7008102198439826,-0.3895575527407761,0.05142449317353812,0.7691245623190435,0.9736598867245513,0.8842559033677211,0.5363976726427602,0.6447414744295732,-0.20301225833051156,0.45251485035800226,1.3557286822379417,-1024,1.4793821770416682,1.3002706586350425,0.28904648055974747,-0.29259936175148027,0.6652261890808745,0.040413009949627786,0.0017051012066094174,-0.18640764189019757,0.8369002545370824,0.581922894250232,-0.20909320187286823,-0.13919285279620794,0.09468563561935342,0.724258389114057,0.0038878187349254568,0.4607467693250137,0.04113614609551886,0.3116079007847159,-0.3300186367122995,0.7197834121986519,0.15468944644970445,0.07664184688843181,0.9261820379700532,-0.3421270420550076,0.2000670719339302,0.5504739235911259,0.21476240026150828,0.42016633837151734,-0.23464766983666263,0.801186465335119,1.5493388003544712,1.2227129717281715,-0.43171727482507377,0.7043061693804056,-0.07259411668347289,0.056776468545424875,0.369196807967766,0.09074519877617292,0.5863013604220626,0.7278429827740688,1.0163250969347972,0.20695136380659315,-0.6206971558769937,0.4644831399152227,-0.4327072151681341,0.5158892699496672,1.2435480005881274,-0.17308443636334092,0.8760461414428401,0.4392709736984815,0.7176684425930332,-0.059124956235585314,0.11288036702216123,0.6541375144283988,0.5261565378039484,-0.3339361890464199,0.04194504149572887,0.368893583307954,0.03430492372588057,-0.389109487373567,0.7377452112693583,0.2618415741967698,0.0,INT
626,1,2,-0.574742648858406,-0.4502393155759548,0,1,0,0,0,0,0,-1.011150779729147,-0.7814378577551014,0.21317609850868485,-1.2020182408957687,-0.8749637762847293,-0.1238019762890759,-0.8489505000524658,-1.1786939389382711,-1.006357554605553,-0.6385866130457739,-0.16091042938984113,-0.674783124121722,-0.6114794770907973,-0.3923668902730451,-1.1403824010491364,-0.49108059799907555,-0.02111403518895197,-0.30335286283720664,-0.9454568993737594,-0.7912679450690636,0.07196898286763326,-0.354206642855729,-0.8044391107857439,0.0733077118283904,0.6116537391849771,-0.7694968338408773,0.7857698641702686,-0.9328369561010336,-1.0821396196697688,-1.4361269156983736,0.40557901026359666,0.04637379869006299,-0.16648561954942778,0.8328839807747672,0.5736357622050585,0.041784941115047124,-0.58153267888961,-0.9838108837344013,0.7295964440409706,-0.6644047530845588,-1.051066685862336,1.1946232047629595,0.37938478245219104,-0.7692991265013854,0.6562971425103014,-1.1629458043409802,0.2088464500773217,-0.44358407637197605,0.8980362386202837,0.5809048242136101,1.1835723739628,0.06171046057582883,-0.021665596128984197,-0.2215901107888595,-0.3086850943213469,0.04047447441148989,0.6489663983849527,0.5802012747392953,0.7503732857021354,0.37750328123846993,-0.9034528697802396,0.6714508188951922,0.06015012213280689,1.3358110733063588,-0.5537698619142664,-1024,-1.256931029801993,0.8116293155997383,-0.3646138228485658,-0.02723500541669114,-0.8329013698265215,-0.02868365930123406,0.0017051012066094174,0.5506972066461201,0.8051667319571094,0.36444448355733067,-0.47802353780990126,-0.0238399142505633,0.1493341185601659,-0.06500787631004577,0.4706425542675168,0.6550354327007885,0.044929550021155194,0.781530394416993,-0.8270996325834808,-0.41874175350482873,-0.2298314543551648,0.07664184688843181,-0.5590517024965396,-0.08227003587486163,0.1405755927373092,0.11188176672691653,-0.19554593187675293,0.22960005311274467,-0.25754630374499177,-0.0038528079425646077,-1.2176345570393428,-0.7641388198204159,-1.0971257299302537,0.7304064959955956,-0.053500151378435126,0.5418781906139672,0.08732859604386611,-0.5259147887946338,-0.21582107505092907,0.4323317925032951,0.8809051729190784,0.2645535430347644,-0.46752714537805967,0.25894199403692386,-0.9049005517637293,-0.22787484989779513,0.7995947380383454,0.021509898422957825,1.141423278526457,-0.02589843321220702,0.39758532031095656,-0.18743714039232287,0.5277736650315841,0.21079041533903253,0.3954499823177406,-0.5882924796366864,-0.24499284101915766,-0.6083344404568497,-0.22545424682261989,-0.3678720132700842,0.7791394818004111,-0.0856132693647406,1.0,INT
630,0,1,-0.2530738062429409,-0.19705726235753804,0,1,0,0,0,0,0,-0.14534516319178184,0.06020829511106447,0.20318192651974673,-0.25570431089748885,0.0034540626600851315,0.343770256610842,-0.3043106029074406,0.04328392478022045,0.05052449645832372,-0.4665388857716999,0.44169212162646415,-0.7412866992250622,-0.07309727230714075,-0.2762017541798573,-0.05652237569715578,0.28849884501966994,-0.013136515281106285,-0.22871048726422755,-0.14699496737796583,0.37153392567935745,0.07130720788813186,0.6705870743039174,0.3240023834631469,1.239409181006077,0.26698298026566397,0.14378441650481577,0.36732140084584897,0.2151125228982365,-0.09904623096999543,-0.2732818664778866,0.23243996078269458,0.30669404789801097,-0.06335061329270016,0.6495001169194572,0.196054845422146,-0.308454257120548,0.5646137459753101,-0.07708424859832096,-0.4010923666802475,0.38325903526620203,-0.32280786404856154,-0.6342683073031459,0.30815223007695897,-0.112771341258396,0.047800398040997116,-0.19598933475362731,-0.18838946417705635,0.20845490700059413,0.25551362139857303,0.581790584217443,-0.31861523914116213,-0.15256963022583628,0.49051887511671605,-0.983496443065501,0.5503975908283132,-0.5611326469261353,-0.7561052903591936,0.7186160172707144,-0.07223518158666659,0.294796370698259,0.02960825471370488,1.0182112209745313,0.03548158491938824,-0.23162404055338603,0.12180119361344652,-1024,-0.21485753966075583,0.4168420689739968,0.7074928855647586,-0.2947533860499549,0.17042933825903173,-0.019169565213244873,-0.12005204890524368,-0.6483465831116454,0.6526386637582786,0.5159685307377331,-0.18579591719200306,-0.13786263536313836,0.37935983511006194,-0.4135790133309894,-0.30578328191345466,-0.1805203618518192,0.05723515905439716,-0.18494877297418552,-0.42131541747133816,-0.14292500865129576,0.405973729843449,0.08398035952147945,-1.0927498832542015,-0.364410497808655,0.08784728029067856,0.9100524218302749,0.2804830012644237,0.03166141397748628,-0.7623453850701005,1.270102965948986,-0.07670828385029085,-0.1336275666886482,0.2886136170974508,0.8053679474583322,-0.39699785687852984,-0.7816597790131821,0.34042843359223707,0.18589190657643268,0.428520757052683,0.3340229748947605,0.31622711301496714,0.25329803985184957,0.023765287427737786,0.21504665465969647,-0.7534987391361839,0.09628907590251234,0.09043983609379906,-0.02115115704581177,0.41667832582505154,0.3823979808992518,0.14094676470569312,0.9197868947282236,-0.4156184450917688,0.699366791346272,0.32963661707224784,-0.2916057005800811,0.1768928633566481,-0.7186690306748562,0.6930474154818459,-0.39175619791224875,0.8786288949052132,0.5022269122503366,1.0,INT
632,0,0,0.6523453733917762,0.3013543036205317,0,1,0,0,0,1,0,0.7204262495783387,0.6976286538702342,0.6262929977249104,0.8649217588515953,0.80615941828473,0.5639624267432982,0.6690413525717688,0.6773509843020751,0.4373599392806719,0.510528073205658,0.4300683179216328,0.201473015824671,0.6914360202567602,0.49645045322178344,0.7322218697903286,0.567717572106326,0.41812743048181006,0.5052012303509754,0.5918076850927456,0.7030714710841127,0.07036374046989322,1.086802992292798,0.6923776001337764,1.807005030716973,0.3939542789679908,0.8602946119908648,-0.15125998345528247,0.7041077666301855,0.9209338312170274,0.44968993705972793,1.1964930285115307,0.40069535215598356,-0.04872216540353182,-0.13989031362745533,0.6027122309696195,-0.5140605874550682,1.0164056611043963,0.6852704637257183,-0.16218596321317963,0.704749555001889,0.528698438256176,-0.07221209220832082,0.3741148785363197,0.7285900834844689,0.3296457226285445,0.42087574007211426,0.1642837794985864,0.9887105641031048,-0.27322526800800967,1.500953173281662,-0.33453311135379815,-0.15504574113820394,-0.016835183277078707,0.08621937276585151,0.6555465527648426,-0.4844153368660268,0.08186367251255927,0.15039520189529954,0.03688192543986107,0.8093326769013588,0.6987659048676904,-0.27831505331295403,-0.20091186943976128,-0.2159451797889616,0.787237609130729,-1024,0.9299713077661507,0.6700491019566898,0.7718376518757006,-0.5124190827434694,0.5320067452338221,0.08791720065161754,0.0017051012066094174,-0.5992114269685517,0.6800879117827018,0.5743679192005565,-0.08556330098794676,-0.11886513054224865,-0.12265841495481532,0.13421667638731583,-0.6111440162665138,0.18900273769580045,0.046320837278922666,-0.11640534654487757,0.548607427629608,0.02816772893327201,0.45806117862998613,0.07664184688843181,0.4742093402049318,-0.35974238925818064,0.1386946411261913,0.44151624167118814,-0.14564556082217023,0.20615499915469104,0.1146192312293044,1.855147858221646,0.6698930093734158,0.619476664391188,0.372208134698799,0.1461505628664405,-0.3934554788474704,-0.2514572948036352,0.3978743090675018,0.8142270651269657,0.4973911848460928,0.45779270029854086,0.6266640912706027,0.05537353556814281,-0.24020134136617718,0.24373264702519995,0.33350205886810225,0.15195091386966258,-0.10593032469577317,-0.21509068947765891,-0.3494389753473987,0.1835024908409589,0.6558716636758964,0.5296481742748421,0.6736764154947397,0.5574181289734185,-0.08329785738263656,-0.19788877026055549,0.3807828699527642,0.33614628245517947,0.35134771932897346,-0.3920114198211864,0.05560640707631729,0.5038460227682429,1.0,INT
633,1,1,0.22524932737289688,-0.1481812260671669,0,1,0,1,0,0,1,1.2722250085170022,1.4700043868732606,0.5563384893139037,1.6709726911890415,1.8634361478399775,0.5217170337663012,1.1728114707251698,0.9561440409085926,0.3225779292399577,1.2305964926044966,1.3073072063976583,0.9561638613620449,1.519233844327122,1.5010482364073752,1.03780000223621,1.3880858293380778,1.413452845241004,1.3741308487088875,0.7632162019803621,0.5650028284169774,0.07044270942046996,1.4298749417787817,0.49449537940937505,1.9675532033547976,0.2679804148326803,1.8271795938272735,-0.3790534019744258,0.8757712297246393,1.6614662583849784,0.9564334277913245,1.3027712458422507,0.45324439129721594,0.05588315489739884,0.07188379717230652,0.3188123125683984,-0.3845340374630855,1.0992646445936287,1.223617550439806,0.08757895557339758,1.1474218789036255,1.2562530432380183,0.06802076021470348,0.4235155328999821,0.983609151723797,0.5192651421036159,0.937876671414583,-0.0979963471167985,1.2134504914296111,-0.6826474578392613,1.212235250724317,0.15126170272244144,0.3657488382329277,0.8922303139531216,1.4408473661289494,0.7919381356439841,-0.3726018969022809,0.3732384106036318,0.3456792448782462,-0.3161122870822162,1.201903166294133,0.723686908718559,-0.41621775617705614,-0.2371214540686948,0.16085888166319776,1.7003755135640237,-1024,2.073692026521246,0.5331231285638336,0.8109977625670335,0.09774482882838191,1.0504819744144742,0.09913181813882194,0.0017051012066094174,-0.12343488228985242,0.5132338823366634,0.509692143422118,0.7054719733459368,-0.3323406269606495,-0.13378232859471528,-0.30981084837776024,-0.8136235793434436,0.5398360329232617,0.044587807479077965,0.30432029516747094,0.8861934224943157,0.6224184738420471,0.5025701955130726,0.07664184688843181,1.557104010325633,-0.3166474096010908,0.09848092885956836,0.47598603043268467,0.7029815274377192,0.09299282086539176,0.5105809053247113,2.041901844739032,2.2313832560785074,1.6642686129018351,0.4142459010829809,0.28455412659812,0.1674688467740756,0.23448865569502797,0.3550725439684754,1.2432975610035832,0.6372651407450338,0.4642940421824179,0.20442651236170667,0.16116381591253898,-0.5039413109739589,0.1276032701892567,0.7356549256983183,0.8903448365300235,-0.4182950901360102,-0.1485032496746326,-0.45491656098641015,0.9707277849139511,1.0061167381223532,-0.053065230119266844,0.7057593558184162,0.6078944476817506,0.17710399369151733,0.5168757855095351,0.4052809880895577,0.10409131451675066,0.28919039591035484,0.23153244199510722,-0.05506395708069242,0.5613546909338574,1.0,INT
635,0,1,-0.3189445654129473,-0.2508327174460816,0,1,0,1,0,0,1,-0.7029962318716078,-0.5982389778889089,-1.1922645778228291,-0.6002655356108374,-0.4375775087712143,0.2012115508634465,-0.5925376401652058,-0.03236940402005854,-0.3446717368840741,-0.7343669300612136,0.015610963330372778,-0.7048629912055425,-0.4988979840943166,-0.652021312360241,0.034951167801766526,-0.1318460251750303,-0.07821350927514568,-0.2233873010511471,-0.3895202678196767,-0.10569831425484764,0.07266009519875435,0.48307258957260535,0.2209985459534637,0.7273922062081645,-1.2055660234727803,0.09123469367929901,-1.103208062398205,0.19075638708953643,-0.0667748287297229,-0.07050007006630025,0.07496414222299047,-0.39033433787975585,-0.7571515028875236,0.32455818486793225,-1.3289092706734413,-1.231137378353197,0.2635862260113295,-0.22518058704529254,-0.7813241186947395,-0.11310726673954132,-0.48191148595981675,-0.5856962548518088,-0.9472848792031765,-0.12272533900053426,-0.40792319298798274,-0.15302272220615012,-0.2226988200684034,0.4751655388451808,-1.0436332931205943,0.007075116296944619,0.24528371232442234,-0.8190742297769897,-0.11210829405973664,0.0219551859261456,0.6742989230930734,-0.5729948296289713,-0.6039543194319597,0.26801261936270643,-0.23884845960475273,1.0343998558353662,-0.5318349736606984,0.08897138647780727,0.04184993752890394,0.17634612817094825,-0.19519452070135243,-2048,-0.6421214414111507,-0.3050022338074408,0.1410477486165281,-0.48774721821148986,-0.4562050968690657,-1.4709358794457996,-2.197155285462654,-0.018059123638875796,-1.6682902502635097,0.20297881744347862,0.6649560807179214,-0.5719442785301663,0.02672907738107117,-0.6028100432559304,-1.0730631420626435,0.39932839026644734,0.1392804978213073,0.35618762254327313,-0.44619759664958486,-0.7746855391032761,0.486599383394798,0.15525084033102074,-0.7333030169521811,-0.2901394931670343,-0.17016223180740392,0.3272778244097175,-0.26867976250824915,-1.413455393302879,-0.7850960785227193,0.9739949291316434,-0.9272399112703968,-0.2271456756541128,-0.08004881762805614,0.3394439942361053,0.17459704448337274,-0.7847090166554113,0.37213373674574296,0.45536405230653704,0.5196735816262936,-0.6530634259916627,-1.0573335281284129,-0.2946210959249578,0.4391237227376815,0.19308883161117837,-0.5027775942414279,0.4896941706211688,-0.8631976567557674,0.05766054353830668,-0.05323568581138,-0.16163004887726568,0.8712493003259942,0.6918806929060282,-0.05173201483696257,0.32866736084771064,0.3904363287110868,0.47120165541660536,0.3613563036702368,-0.671807299896136,0.6281298236463405,0.2338308258106298,-0.1189243426635484,-0.4565947762612704,1.0,INT
641,1,1,0.021884299046749094,0.8371637322481558,0,1,0,1,1,0,1,-0.46849666147214647,-0.23977590047296743,0.4948762255295153,-0.3846641966727505,-0.07959243966457605,0.09139904396146804,-0.7214964501979995,-0.6546018402633678,-0.5798431909868835,-0.4267263930522243,-0.2512886907242124,-0.22781922856507478,-0.5004405756350415,-0.1898363823162612,-0.5596584380198386,-0.568160446506798,0.05559998635324604,-0.19411709498767785,-0.4658045098351027,-0.5191379741365378,0.07150560331506375,-0.12080787307637138,-0.6567755982238505,0.0006731764687631059,0.6883698334015128,0.06996594874569077,0.16868410207290296,-0.4017653416670062,-0.21642888412685404,-0.6684706459253282,1.23085623278492,0.09257738196905314,-0.1921425246582329,0.012460332254953415,0.902136126124142,-0.1441141429395136,-0.5673542022939865,-0.4973628231786022,0.19459161828855479,0.17438317426868188,-0.5504675795717595,0.4143026648820926,0.4121711945865351,-0.4890674088655116,1.2531783390655484,-0.5200024363672089,-0.7676615139592887,-0.373977017430895,0.3065730915389136,1.353144908231783,0.644460070299314,0.14646961710479786,0.6172704908449743,0.2493197935057283,0.32768765113426107,0.05151356050542958,0.2846403575973187,0.03103929520921864,-0.36290384247619195,1.1899498199765393,-0.7589719862527406,-0.2008492900441725,-0.13391863708496743,0.691893697782474,-0.3303295720513523,-1024,-0.3532616273239442,1.1854921975381398,-0.860717825669782,0.16453970769337317,-0.03752813525947104,-0.1584298246548197,0.0017051012066094174,0.4439778124999799,0.8499104462330106,0.3087589533523372,0.5231305060973338,-0.36218573095919304,-0.022827462877136436,-0.3137136511784141,-0.030771860718320478,0.8038534555388216,0.037762425746970474,0.39445674922816953,-0.7355608833312665,0.1710275537072854,-0.3746939777615773,0.07664184688843181,-0.017592111662554956,-0.11199516072429336,0.1386946411261913,-0.5543735632641511,0.3853278208089793,0.31900530494055424,-0.3740231765057024,-0.0925546331363029,-0.725389387121979,-0.5634514292612282,-0.7061564673553195,-0.038319650220926,0.18253618049376355,0.2577313391740602,0.14460716524591902,-0.3801103096288237,0.16951557682433654,0.448576464669707,1.0703521873528876,0.2546119118714634,-0.7790643826871685,0.2519895111381506,-0.6801810361574162,-0.06388619707497191,1.3728236392559587,-0.12859307108827672,0.5803863845994442,0.3669888171919013,1.0284002900392015,-0.7459843975541373,0.25740869600184535,-0.14666474966529802,-0.048758780483220736,0.3060106846039895,-0.08111305229308231,-0.2824703019001102,-0.609346936747208,0.23777242307513322,-0.17804746795951748,-0.7238836056749245,0.0,INT
647,0,0,0.08015583827561792,0.022517391626872055,0,1,0,1,0,0,0,2.453100532850802,1.7760625799233192,-0.5638263677685873,2.393506246471599,1.444852139512273,1.406494285820779,2.480394539530718,2.4688021962158637,2.3333014207946814,2.623698729645089,-0.21198498685278952,2.1636788476563544,1.8098879473421396,1.9973081591067308,2.2006867537088026,0.6132433413668023,0.7891469558429844,1.6466289862449563,2.43201243658185,1.9677987830000625,0.07241963441027917,2.087709033940141,1.2744701356243693,1.6534988702900812,-1.861058906738972,0.809739654711519,-1.2720203825466243,1.8086513141517704,1.7101384577958374,2.7097713491790545,-2.4426004617807315,0.6967684505719244,0.8894194207183638,-2.2346348325702716,-1.67885645675971,0.21718540526021016,0.7840760097273751,2.4017787044092276,0.7574075455504226,1.7405291709464157,2.473865466709922,0.4520030817198878,-1.2940980692927684,2.6988472267752908,-1.8501449483499024,2.848469302569982,1.096206861604001,0.709279435148986,-2.081277533296969,-2.3022929117612736,-1.0557982577262301,1.0811362158135867,1.8325360851768207,0.8976818862758476,1.2644248725369,-0.11486813144610035,1.4861877069153435,-1.4143567923017393,-0.5507968615991854,1.1890290774014844,1.6475550216827453,-1.5150149005652649,0.2537222820546382,-1.0761092065422386,1.2596323110910677,-1024,1.2128758955689176,-2.8256284489969867,0.3208237256013754,0.7042315117641182,1.8195509235035812,0.10035529040659893,0.0017051012066094174,-0.714272829875511,-1.6543548172453901,0.5330271919891791,0.932822207634668,1.2179849300409207,-0.15734264617439292,1.8955272840446817,-0.2876228825692927,-0.28605158269836717,0.40457917211699457,0.3505899677781067,3.013861433064745,1.415687480861209,1.5287554276938773,0.07664184688843181,2.1769107843435247,-0.35325037918823404,0.14790196587349552,-0.6159688882463786,1.7470740942614431,-0.15587084231066783,2.705913102841976,1.685309177742958,0.80190579072228,1.771021335523724,2.396787081443957,-1.948461488495346,0.39401980360658845,1.0517601104393377,0.3688975079100637,0.7149214630935948,1.2763723726522738,-1.056428210463012,-2.259603663803376,0.23621351928066386,2.3253186641917596,0.26406092801399117,3.2274614672297846,0.2802797705902445,-1.2471194073194016,0.22632118648351626,-1.9040612410124211,1.9009497294800042,1.1195714479742895,1.2446439027380611,1.1810118291983511,-0.5537515323028365,0.3569152957355238,0.7801145786917479,0.9495725756829969,2.9840557198093,0.7893083710797892,0.2294453591385138,-1.5755724352317815,0.5676374401921671,1.0,INT
652,1,1,-0.21862667825672488,-0.6870952561623626,0,1,0,0,0,0,0,1.0105804168745927,1.2106830745636836,-0.1505282995033084,0.7784324752088126,0.9769300036598868,0.8003438819984917,0.6048466029750089,1.200053021365854,0.9752434734459583,0.8553848824840667,0.41968714412851366,1.212396271487326,0.8886176286805632,1.1060613093861693,1.265876113309045,0.32841070116061977,0.6415377543310041,0.533090336574604,1.0616475963113854,0.7048179029885449,0.07188480449685557,1.4225816874019745,0.1743024465778348,0.8438732804575928,-0.8490218197654769,0.8339606736804641,-0.6306645510048472,0.9853509081753106,0.6565440433249983,1.3080621740702025,-0.9964296963380019,0.5618128893042704,0.6366763456863405,-1.0490875198569758,-0.9340386285706538,0.22464330902528667,1.0663277150009127,1.0815614952564256,-0.15202737441882644,1.3859628808067617,1.0896023149465848,0.28460244648628596,-0.2847190400006816,1.4767327904259955,-1.2843030344569628,0.6972174959156734,-0.6853966699823278,1.147140540760743,-1.1606310618453024,-1.0190817044391032,-0.13866718174962062,0.4147668774071695,1.592320335986337,0.8809941210671479,1.31544525792573,0.22258043610642042,0.8133692045279858,-0.836084094033194,-1.0889343635882103,1.019836359036036,0.305746105461142,-0.6627900480239957,0.16517801084385358,-0.7782282114268722,0.6276725961765642,-1024,0.46996839435750754,-1.4485348840492274,0.7445450404495448,0.7884482682814924,1.4005175668899408,0.09912883356364596,0.0004431625851833453,-0.08931678565386912,-1.7046437311255747,0.4614771575138555,1.4854540552272117,0.602327698454414,-0.19922923566428205,-1.4227213324653982,-0.31497629245343844,-0.3264161404754917,0.14273168408964554,0.2947176953179055,1.5370621486620277,1.108639420790889,1.1104422955065758,0.07671915568876962,1.5645596137411704,-0.2995052864252062,0.07272395835608256,-0.21234129250864978,1.4433509198144094,-0.29291366517158596,1.1895994387154112,0.8439443019854221,-0.28518840414308466,0.7785275306903499,1.3254567258792964,-0.9358059439298663,0.5840215552144452,0.4633305520175868,0.3148556730601932,1.1364830310598277,1.2442824860494905,0.15201811862699272,-1.3605299407271922,-0.06237757808301318,1.606603494954545,0.059943057134754694,1.537431825553499,0.08084962321299316,-1.3932363925844184,0.15686857779546756,-1.4930543873471036,0.648242183173995,0.876195150382603,0.9551642382363473,1.1181090032450909,-0.38047501966846164,0.16444321407085558,1.270726898181254,0.8118513574690787,-0.563110270525217,0.6005986805554143,0.7222257067468516,-0.715669072719741,0.5670246138943255,1.0,INT
655,1,1,0.07244608030864032,-1.0418236023565322,0,1,0,1,0,0,1,0.5368054979971131,0.6142243696823689,0.17740433595140495,0.3390991514290653,0.40782408868301956,0.6139697719563897,-0.044800803955813796,0.8565509232601397,0.5730033027404019,0.22175371996200427,0.3094128526865182,0.41053993631135627,0.015832212718770857,0.30051758446606897,0.6119166006267647,0.30748879252587413,0.43592737838429513,0.41416742003783724,0.682926112282107,0.3539838869628005,0.07133493173378967,0.7103541007691545,0.3507369890710718,0.43396291486863875,-0.2988523247913526,0.370673567129205,-0.45422886386111483,0.6349488273521402,0.30970272085599027,0.8770965226711275,-0.15870965957679964,0.49086226811159556,0.5238344261393287,-0.35180859578157847,-0.25357090336727306,0.2746765856416285,0.18924385828310705,0.600623463424416,-0.6165042099112481,0.886309552775474,0.49326158965205824,-0.4800249795594071,-0.09740836323221465,1.2063184096826827,-0.8684368997514269,0.7337045395554344,-1.4438623388955447,0.6607541347955832,-0.626619792073641,0.060531742179937696,-0.39144973696497454,0.12887024836674005,0.45833395497050905,0.6446884796689508,0.7492613770008824,-0.36031758771252814,0.018475645101912627,-0.44163348933072216,-1.4773887605748723,0.7786045505135921,0.1864410257427087,-1.1173769273553544,0.07319449111495009,-0.32522789328849677,0.38284527799192114,-1115,0.010267639260230266,-0.6417391358777077,-0.3644494783416253,0.2910307227662145,0.7987876457640725,-0.03952069896525851,0.0017051012066094174,-0.1125725626083936,-1.0057307274599996,0.4841314897281263,0.7811716887225835,0.5426001138356452,-0.1747110532423081,-0.9501455691738743,0.002042954003329349,0.10547147439951803,0.08410069193141138,-0.03695984851792477,1.1510380821172135,0.6378041773510397,0.8689742990071732,0.07664184688843181,0.6829216152880586,-0.2887704761648358,0.11867803497735858,-0.585357424918167,0.31140427485583116,-0.15979600793248114,0.6624297775178041,0.3796373775940554,-0.327792296165692,0.14674291571083853,0.7626188777352276,-0.7105606263628866,0.17461540081473698,0.02402521361226184,0.33467826546348733,0.6306705381405867,0.5648124006800641,0.07878217276340178,-0.490299371460063,0.1377765079334903,0.8539533139087232,0.17088912054389147,0.8046932463015553,0.3758147333527405,-1.0552487802606783,0.059909350458906586,-0.7894467514798295,-0.0229493449646009,0.5903879627469567,-0.6579839877944904,-0.07649106676646143,-0.2849632356327348,0.07710927335584747,0.5834666297937217,0.6578933424972092,-0.6346785032416151,-0.550368959177139,0.23254038950392225,-1.025795503969412,-0.13962545683460406,0.0,INT
659,1,1,-0.3928341013225148,0.7159304245117796,0,1,0,0,1,1,0,-0.09580858102151403,0.34206164794990135,0.1665060786498434,0.2829689372525194,0.8337948708853378,0.2693085449021514,-0.39864476144837213,0.011138034900665825,-0.1993561537259184,-0.7571161290399543,1.1841246152456604,-0.9462949196457687,0.11664192746977246,-0.34013477733055364,-0.44449277422747074,0.9116076849602615,0.2715041003287135,-0.15639487062112886,-0.29814004818073325,0.1915486703535334,0.07195035128007471,0.33020881891253245,0.7145841302068466,0.9155182671497328,0.5260409107131067,0.658877494321617,0.3006455988055245,0.354773301843665,0.15138269587338404,-0.356489985561507,1.1626864482795793,0.06454127259911634,-0.6394900646246977,1.2276985770211617,0.5721126008538762,-0.6398064337592364,0.14226535272188623,-0.053819407782352474,-0.9966255672403119,-0.08327187821557364,-0.15237699497256182,-0.659207056204543,0.018652112471093742,-0.6008746450074811,1.5365442158679798,-0.07409922618939134,-1.0469389672635816,0.0661875827001215,0.5267491190158964,0.5230522985989301,-0.2090125790653973,-1.033935701638833,-1.098033853730445,-0.7776254486357933,0.29581702931097964,-0.6367104640666876,-0.749400458298215,1.2593118594746324,-0.6874441720704653,-0.24268923280827287,0.04479323585080893,0.959989602153794,-0.009818391909970737,-0.04489033388148634,0.39408251548662765,-1024,0.6676371613938321,0.8194802999971859,0.40474814651131474,-0.7333935091312562,-0.3117760558997699,-0.22427993008387376,-0.12005204890524368,-0.5714635616948743,0.7827313134198222,0.2949014238506878,-0.4662181641429162,-0.7587461344607636,0.15467852491970085,-0.23696889099383703,-0.5060726140608885,-0.34009970367695896,0.04973161329512476,-0.18861959510380202,-0.8858263113441441,-0.7816021353660653,-0.31234981404850715,0.08398035952147945,-1.0422316126136042,-0.35170201651794936,0.09632780885386757,0.5550884300022411,-1.1352652660346434,0.11214180533098095,-1.2342961622101853,0.923256999649223,1.0825067890760791,0.19378096405890122,0.0008396761584333541,0.8567141405458918,-0.40126299605833055,-1.1732233384129613,-0.2055118057725552,0.16299749409415631,0.32942684038422476,-0.20385343736843925,0.7886496306920785,0.08268604170371208,-0.8776987560008243,0.26707016712838577,-0.8474553097444486,0.44854750781215275,1.7451240850884422,0.018560921425793207,0.6961507665453385,-0.982796651444634,-0.2716067056170518,-0.6525121463905802,0.09532176571348337,0.8154353351708313,0.25361836924609354,-0.4394320625289979,-0.44383342202047804,-0.717836335122343,-0.16074688805428308,-0.3862141844957004,0.14171343712443393,-0.5271573532108316,0.0,INT
666,0,1,0.8143994381563284,-0.11601257933865862,1,0,0,1,0,0,1,0.6180359839992902,0.4799368469690859,0.3691274145389886,0.8802495005112828,0.6851969271186132,0.5356610466045981,0.7232478959223868,0.5184881236619012,0.37839685843030185,0.09420872520899856,0.5629267662126597,-0.5005417050658085,0.6105191410219535,-0.08226991887650252,0.10977853507091587,0.8438682263762349,-0.18554399400735222,-0.029291793282164955,0.36976663706874796,0.8508816464626211,0.07151867402818343,0.6490331445123457,1.3278178727074152,1.0778077517355953,0.6109907461837537,0.7714440643683085,0.34550162299745024,0.8133646791571967,0.9583473176499298,0.10065351100849716,0.6779327890868805,0.13754770252981052,-0.3717155998115287,0.1917572718339489,0.7163285007809842,-0.48217294826673524,0.04259754275561753,0.5828898048973149,-0.9020637800606361,0.04392205347676823,0.3226206274385876,-0.8660979395421367,0.27179946201927835,-0.13128248264998504,0.7117953427134881,0.39702424054646723,-0.09937863207987799,0.39195243458190143,0.40401945031715547,0.9470164988509837,-0.9491763737763492,-1.0160465571859802,-0.6785055031173604,-0.8352994712764816,-0.2345172848611355,-0.6659520917717076,-1.0830357300125724,0.2719642530072494,0.10120470969315988,-0.5709940219094648,1.7170922327282327,0.09082037794996158,-0.02626675377427591,-1.0396954824379498,0.7244354737437629,-1024,1.0273969320602556,0.8923633473686281,-0.26885531559321385,-1.0570882051564308,-0.24083253711231292,-0.07017869363012563,0.0017051012066094174,-1.26340621910194,0.8087804812343666,0.4436832221711093,-1.3485470285723573,-0.5384537583318498,0.01595784289206118,-0.07151497880081711,-0.45381748626146967,-1.1396346978325613,0.04129512970870799,-0.8960228713593421,-0.42912483549584657,-0.7850597173349472,-0.17441152905295798,0.07664184688843181,-0.7009669789557419,-0.3656506483075635,0.12078583136543584,-0.22829422285784215,-0.7859739288069296,0.23610811831823908,-1.0084566240275825,1.0820815445240026,0.5632058349201187,0.748111442591598,0.3581031421674661,-0.04981095778095169,-1.206091752395611,-1.2069113842650119,0.23299472362296098,0.0039282410314004056,-0.34883229032800656,0.10700682655460146,0.8337343142190857,0.3929463833388987,-0.5274957760322655,0.20589225422435303,-0.16360357671861248,-0.3747382111312413,0.9067766320189684,-0.059305070239854166,0.03245849456522182,-0.743672963005761,-0.7283489671384721,-0.5624090343976955,-0.731223561622975,0.1542352092804959,-0.4685206068909485,-1.3281634534222826,0.21296824329798372,-0.23582474941464907,-0.64414728504072,-1.1977541441486594,0.02804926930307343,-0.29172684941660654,1.0,INT
668,1,0,-0.2831613512333417,-0.6719591885372121,0,1,0,0,0,0,1,0.07260827244646015,0.20723833099498462,0.481499664007247,0.09437289857809035,0.2578188154552003,0.3345777068021651,0.17517866066181267,-0.02408418325428184,-0.05903201852610104,0.4364459644357063,0.16350959926378167,0.4928237267798131,0.37019828665861887,0.623763217083277,0.3385698154811302,0.04975996879847362,0.5411859366465391,0.4466617281014369,-0.018569118384848985,-0.2444509036051836,0.07070678836209048,0.42273847408370985,-0.4442698208612491,0.5190655116409637,0.3529726734864126,0.3116526046329246,0.0530348773114307,-0.04702602481984167,0.1605929916811934,-0.2239575788963715,0.9560717849236914,0.3894586143028175,0.11954362864235096,0.1479011997931901,0.38311357030534254,-0.22683607920015575,0.9631995379408133,0.033724199649534915,0.8675601923174548,1.2861489021786074,0.0658162154544579,0.9181482363481734,0.4997820529506174,0.796462329774866,0.4470730897409986,-0.22999694854161687,0.5920846815504274,0.6325401967523467,-0.06501736685996325,1.0126432083120334,0.8091765533066977,0.7229197439413089,1.1026502224656534,0.7236532976771455,1.1127012786456243,0.7008905030372076,0.7179026001502055,0.16617121527156617,0.6284216262811415,1.2466829198233846,-0.5896686843749128,0.19598818641155083,-0.0971778549894514,0.8088336490276749,0.2791076198230202,-3024,0.21187604515876177,0.618951194510208,0.6484787563448704,0.5872112488445629,1.172355734986888,0.10035529040659893,0.0017051012066094174,0.5426180460639184,0.676363181509987,0.4841314897281263,1.1932720268696135,-0.00852213219395269,-0.11195487306586727,0.40891815854340663,-0.3288532952712733,0.7328063370806559,0.047210878518784125,0.6072232749142121,0.5941288102935127,0.9785847529790129,0.44126066872588293,0.07664184688843181,0.3014778794104961,0.08574742796496448,0.14790196587349552,0.42457727758066766,0.8700908606420769,0.15000647990842586,0.22320566496529537,0.47407958036693515,0.09453452491292913,0.09637543933413299,-0.3358671177376573,0.3434942684379771,0.620527729072549,0.43981602725065816,0.31416989241460797,0.42115796792345384,0.9574743562393885,0.762599720660289,0.41834525814210305,-2.830481117170039,-0.25902875860382785,0.26762502019378565,-0.19994189927840159,0.20803470530915094,0.019964968648533265,-0.07302065994044889,0.23534502037717434,0.852522677418234,1.0691529969231381,0.4871896142973728,1.3435784189392215,0.33089327980324795,0.37705741323450437,0.9396753488147025,0.2469059000288911,0.3451508095119446,0.3987217221169941,0.7265155716592165,0.5067161581174533,0.5676374401921671,1.0,INT
669,1,1,-0.2382258701916899,0.41792401397447837,0,1,0,0,1,0,1,-0.3007463831417296,-0.27115146794339456,0.14470426008073525,-0.14582407882433682,-0.09351699121995066,0.2729735474868684,-0.11855629125357459,-0.023371695476826968,-0.10880694444329761,-0.04439185486858512,0.17840556942801458,-0.392707913044006,-0.07876399893051143,-1.9295541038598943e-05,-0.30233994014910087,0.16203398789037018,0.040137262365428326,-0.0014272933667247435,-0.3821511826712547,-0.0593719150196844,0.07168858232659933,0.21422522757833104,-0.13418214575600249,-0.05042940055998866,0.4117940356468431,-0.04481831848402465,0.15635859506554026,-0.1511038143765591,-0.09463936241426685,-0.6402712845122356,0.6480517662960483,0.06826809309503454,-0.26704424927726295,0.5720327228128365,0.44266417346165066,-0.23548197311688945,0.13492456729735514,-0.21458193077237056,0.5928158399034312,0.9362342549447352,-0.3528917678723443,0.12716945722277595,0.2131806041668108,0.42572312237396215,0.6877568494393527,-0.46746820992266375,0.41732806376738923,0.584706318844203,0.26240967651419694,0.30441367309095624,0.008399403141797664,0.3482443180003704,0.2804276599047372,-0.15816659402049285,0.06979654637388245,-0.3041265467101177,-0.12711133379582162,0.46087785764413214,0.6527525793688851,0.040608357631977045,-0.2576049383570131,0.5087758894082341,-0.03744724982301772,0.3762884796236569,0.10574680322338768,-1024,-0.023554677642745672,0.5106202900984654,-0.08840387503897226,-0.08010022850491963,0.8539634708576263,-0.11269239503953166,0.0017051012066094174,-0.06363478541986409,0.7411263847909857,0.2982405903757845,-0.2723417884409409,-0.6563456473076164,0.38439384486978667,-0.02730854367839052,-0.46875600927408034,0.06290523337221005,0.042097848937798686,-0.13046806374003755,0.19850246046037706,0.8341222555966129,-0.25833304404942214,0.07664184688843181,-0.20291165384269672,-0.30705523187552947,0.03330694319648603,0.010152426537620385,0.08121049541937457,-0.030276559223550065,0.07271054450899501,-0.114048357024394,-0.1341199306090607,-0.09112401851274636,-0.5172928241693404,0.429101479191578,-0.06360561648192829,0.007351119800018457,0.18972680904724165,0.3133943491063836,-0.1668726837801001,-0.12177793665349557,0.40324761430792616,0.14155305815006633,-0.7133452518658939,0.021319678265642752,-0.6763896716388619,0.1521080404577638,0.7317058148674929,0.018430556139758816,0.465559664479662,-0.05946656799286545,-0.1475633606144083,-0.5062076343484738,0.042093282818566065,0.1740647191589091,0.24023045475418722,-0.4081373681165154,0.0029507671536085707,-0.27683298061739614,-0.19153391050670912,-0.38796403874148183,-0.2791096223074595,-0.5009546496946017,1.0,INT
672,0,2,-0.5807505449001097,-0.29390741744145565,1,0,0,1,0,1,1,1.2269427600730616,1.1926081944313784,-0.21323267633972126,1.0348675965626997,0.9343253576616881,0.8748268202824401,0.8986244641502831,1.6009792410828503,1.140562219301134,0.3271983433706283,0.7690730483112733,-0.033997780879047944,0.9078944997577971,0.2559346900863798,1.5588921570856649,1.0050590800615329,0.3041194138875513,0.4192410763573409,1.214768418282738,1.4333384330300798,0.07199557438670562,1.836672049560504,1.5951570526872445,2.4684507661419337,-0.9513775373133487,0.7284090557001385,-0.6542384629752481,1.575447130853321,0.8303894645606896,1.4437360098292498,-1.0531809441580287,0.6175182952938294,0.41296600581560367,-0.2051560148682642,-1.1117588767697093,-0.6109779013310237,1.893827717825364,1.260548488921864,-1.236584871981016,1.0657308710243896,1.0992798150737835,-1.0127261844465127,0.21039808036683924,1.4050747693987995,-1.305057799516643,0.7937627817306762,-0.18239228072910674,1.5373178615920045,-1.0635890792891178,-1.0185575316313162,-1.0902917077852035,-0.4190147945876776,0.09006392144776157,-0.49958326940547004,0.6358894332717508,-0.6631602185535409,-0.42259511227780755,0.17640722579229,-0.8123969531777913,0.45152518235356764,1.2024298910375582,-0.2052053139807392,0.17556984641958712,-1.0474671095570254,1.0244300556369894,-1024,0.7113013295682034,-1.5181403333551766,2.071481929059788,-0.5021682923913868,1.163938500258027,0.10035529040659893,0.0017051012066094174,-1.445499606783715,-2.1851842412593574,0.5047712002443407,0.009327587764679077,0.3833293281686256,-0.20970530009369656,-0.8276814228915151,-1.235747736078315,-0.3798706753360506,0.18354495969513507,-0.36852562821608864,1.5452489760850485,0.04011713864901596,1.2480429598354539,0.07664184688843181,-0.4256164150061369,-0.36704254550752996,0.07569321574355777,1.068610634814728,0.00023049419022666052,-0.17191072724581768,0.5303832004537662,2.593171696203447,0.5271255116905588,1.0221575884823613,1.6800366635960846,-0.031444180608352496,-0.3891162168427396,-0.7716447664976865,0.3446761729321033,1.9372934605229193,0.617706114330082,0.5210422467405018,-1.4562839114560224,0.28591389030154873,1.752077390437677,0.08647998140248113,1.1107473385773874,0.6066672392446442,-1.4294953478226562,0.16019905730353864,-1.0803061877784375,0.07514994578001345,0.446841061473573,1.3026029411298117,-0.29375527923460965,0.8341084147279598,0.787753702548221,-0.08949804550738243,0.7631705547848733,0.14975512920711917,1.130662418687553,-0.39273620379548063,-0.8839041250797581,0.5676374401921671,1.0,INT
679,1,1,0.35552837004334154,2.5454128928991917,0,1,0,1,1,0,1,-1.0018744791162797,-1.0057060070686996,-0.01195813577443547,-1.018936658345491,-0.9786209615857738,-0.09881774177227445,-0.8865550880054798,-0.7592935920367134,-0.9502939586780434,-1.2104035253360266,-0.5131786664231485,-1.3010443985905304,-0.9573794897158746,-1.278407113583543,-1.0188370379763558,-0.6510822846120928,-1.0824404892394763,-1.2027934349055596,-0.9027286076069378,-0.22556107698018327,0.07237877409197355,-0.34971258374156877,-0.03122351448762216,-0.09927600491709619,0.5103745987109839,-0.8652681944378062,0.5735745921422184,-0.4597010178379875,-0.9108304333170495,-1.218198630638266,0.4112460971343666,-0.05337052320657686,-0.3993104745635142,0.3730647585709406,0.38559589369638675,-0.21278032149361428,-0.8009170079648509,-0.8937858602331868,-0.5240751274259228,-0.5370694970676887,-1.2132594176035203,-0.3425147429000186,0.1567666705245181,-0.6265752239784619,0.8649677846387511,-1.0841330874714046,0.10633482739342477,-0.27612037722321287,0.8795805112583956,0.15785326300360683,-0.09360097993482434,-0.8786816703576716,-1.0073387875257627,-1.4433001413437403,-0.3161068072270132,-0.5344941766366237,-0.7673008645183361,0.11309188678842269,0.6184615541149633,-1.1251692515045306,-0.2081087858610449,0.6772000545691389,0.061476367544309365,-0.43691776242341956,-0.8052935495619569,-1024,-1.1447774936506454,0.7182770619260372,-0.7857960277250785,-0.7391029498425311,-0.866116616401573,-0.2517179523932544,0.0017051012066094174,-0.5011332539939479,0.7990196551369186,0.05250618793804474,-1.570361885753212,-0.5815070668258752,0.09574047576786127,-0.08214888487731249,-0.13270636143431613,-0.8146811230783833,0.04113614609551886,-0.36986532604354344,-0.9515686594259933,-0.8328747234953104,-0.49842903977911024,0.07664184688843181,-1.2721441568719027,-0.36321924291414037,0.09608785192599302,-0.4399540159612608,-1.1398683316045786,0.09265044577255516,-0.8592222379948434,-0.18591513421451575,-1.149423130641649,-0.9151004064736645,-0.7763403380516175,0.16914527726322068,-0.6983802782404199,-0.46828350869467184,0.01915516580356653,-0.39828776841844693,-0.5327128128234871,-0.129300704807295,0.646556366410088,0.27240323701914876,-0.712667202228099,0.19690034800065262,-0.8772823028520548,-0.19928560788457,1.0798590347357897,0.05695399030546084,0.7018787931323717,-1.2833238924757355,-1.3008040356871233,-1.0205045896492342,-1.1288954895540964,-0.3941313172730036,0.019790202540939335,-1.5213887030000424,-0.17350336843950098,-0.5844929307226119,-0.7905975172453034,-1.1982660269679377,-0.09864669942267812,-1.1717867969895992,1.0,INT
683,0,0,-0.8019079078361566,-0.14133913724774594,0,1,0,2,0,0,0,1.2395968057152957,1.1690820848749726,0.47347237011523413,1.4197320926245933,1.2790041003893065,0.7676171453810847,1.2818011695023976,1.0317379051728468,0.8921656624828166,0.952739653391719,1.1229537482870415,0.45228018921599283,1.2986475090811644,0.901030012166979,0.8932337709400984,1.4610836191700707,0.9720712081320012,1.1712322365047494,0.9422791311546053,1.0254265080588347,0.07074958980890698,1.4458489934482786,0.7318732622438102,2.2139473614228327,-0.024068347375151903,1.0682511081166777,-0.12138078371804671,1.0346984330345712,1.2103753447436512,0.9077779069845594,0.8881626204968607,0.6418552935140281,0.27117192245113825,0.42080134352188026,-0.05417390222432616,-0.43877770877846706,0.8028451543817677,1.141987244737116,-0.22286654951111878,0.9117308801458941,1.0069276600830106,-0.46527165514295077,0.5373402088661244,0.7353766500716845,-0.096816303969483,1.0956882670643302,0.6169204478338333,1.0829958199377754,-0.3238432635225194,1.0482136879098245,-0.2615755116583107,0.166747175638465,1.5065933066071082,0.2303180901728989,0.9359629268421626,-0.5712760258576964,-0.09155117856527449,0.5344175104194664,0.2315068489559667,1.068768042762618,1.097296580117424,0.04607040292618049,-0.09231125811449345,0.007708215922148754,1.4912226886595477,-1024,1.241473543620457,0.18465484645410996,0.5376303438070286,0.20366159649664156,0.779726394827311,0.09913181813882194,0.0017051012066094174,-0.6150159219532465,-1.6304912427122369,0.6476607857877821,-0.05114399622814559,0.38231123569794584,0.1756379034664119,0.33877408337013737,-0.42716252728678,0.23184254656618672,0.06793897127466889,0.11528180539032584,0.5893911320008124,0.18671894176970763,1.1118093611196238,0.07664184688843181,0.68572025804948,-0.3601234574845255,0.18915398716953477,0.35351025006120196,1.3082268865958218,0.31535397010411254,-0.02946867353771665,2.2804763815399114,1.0630047138513852,1.1328090996210964,0.8730862538059455,0.20727752797309548,-0.3926297801477374,-0.5293216006744521,0.49442567601304893,1.3694676122200824,0.8203081792283784,0.8756031259899002,0.029909099303093992,0.2818599910533341,0.467186312999957,0.4127013509556843,0.6065221011486218,2.0120521233884956,-0.8515892698664024,-0.0821819952596032,0.479146142712983,0.8326879476766119,0.9421929563436359,0.4219046665987755,1.0185761046325554,0.7044592726832746,1.4694658709737811,-0.15645820499292387,0.5564280124369313,0.5563186662771734,0.9189078833395924,-0.3917100295960151,-0.05758498412540912,0.5613546909338574,1.0,INT
685,0,1,0.1125851649688811,0.2896016895679883,1,0,0,0,0,1,1,-1.2360186998880118,-1.317439499710078,-0.08377838773944613,-1.1980076743613968,-1.2422673358776195,-0.22371586925853498,-1.0990627779859463,-0.9928040796144733,-1.2324381041915444,-0.8332866659497855,-0.7753548087300237,-1.3585619869255727,-1.2864794100116055,-0.9385046857950757,-1.439500604000333,-0.8871742206338193,-1.0637026188782617,-1.1156359748367641,-1.171533676232979,-0.3883396146984451,0.0730288277202926,-0.7894519830902921,-0.12057614097399012,-0.7693765093204723,0.419797070593994,-0.9730272400306499,0.6125467297145101,-0.9161473533903691,-0.9423498438265856,-1.3435032815153585,0.08954777047358031,-0.46786508184610565,-0.522942894156008,0.5311351217901067,0.4303653872062666,-0.24798412851047635,-1.2495622860659414,-1.1237102261426763,0.961500008755619,-0.1836074609245919,-1.4693724069968008,-0.06538800327602844,0.11174989770318866,-0.9523638511095304,0.7308175484050887,-1.3216619738013595,0.08691564068992748,-0.8173709908043729,0.9236991042770709,0.2252616696738878,-0.28729482652595956,0.0033843718432616486,-0.9986224969828613,-1.4783233039030113,-0.8405317063569657,-0.4039626277177911,-0.6317505301766912,0.1282404497356454,0.5651676196972664,-1.4990153522834637,-0.6049900244101256,0.44894837703130785,0.12816128190177944,0.09263025152026473,-1.0991034003242475,-1024,-1.1650226763358509,0.8777877845080655,-1.01688285006681,-0.769781637845115,-0.23376128482845335,-0.24512866558863375,0.0017051012066094174,-0.4863484975432616,0.7788828732134956,-1.4680644694252283,-0.34459511984929264,-0.8988809127496189,0.2881188110422304,-0.25865578171502807,-0.2684922101950801,-0.7186760031914697,0.035729814295424836,-0.8960797343023322,-1.2700512534932178,0.10856094278988884,-1.064220595210708,0.07664184688843181,-1.531464600786964,-0.36055235271649627,0.01543344000585233,-0.6019998459665742,-1.133501886846223,0.13386089509663712,-1.0059030021232849,-0.7978129401304419,-1.3195763714512125,-1.1776719299746425,-1.0889170912130728,0.16571389541944243,-0.7039271304294286,-0.4811200261123504,-0.2904400687930609,-1.106676506464794,-1.039950543619247,-0.19429043764580603,0.7477417602014151,0.11029540735021073,-0.9001483898489783,-0.009345671757449046,-0.8994697689454535,-1.0058005752862453,1.2981725987104202,0.07523243526047857,0.28517661241076697,-0.5816834645875191,-1.6007382072086436,-1.123970500463332,-0.37925022055528995,-0.28523307873989506,-0.8430039101439334,-0.4524398142972023,-0.6073664730690496,-0.7851146106177204,-1.133021620084194,-0.39574132709288484,0.2695880179185843,-1.1404436408838552,1.0,INT
686,0,2,0.5151249519285757,0.6026792292012593,0,1,0,0,1,0,1,-1.953938402726197,-1.7274092875219524,-0.02572212275223447,-2.131882713804708,-1.7659708566847623,-2.23247291098197,-2.2396239848610175,-1.745308212737314,-1.75257203696745,-2.2338944403831804,-1.2942210699074463,-1.9319002902433207,-2.1483947177233182,-2.0951765783841254,-1.7265813099900438,-1.8689142036496402,-1.9266942685732869,-2.384865552231632,-1.562303008540054,-2.6270803829690785,0.07398990143964942,-1.3256811344954715,-0.6932951544475503,-1.0988205541509377,0.29674352350439753,-1.4181549515666834,0.4124723535449897,-1.00946007026253,-1.7750116077718172,-1.0868520110937803,-0.030267824591286314,-0.8926825846474368,-0.851385984852649,0.415759270050567,0.453143423264663,-0.34810327237057964,-1.9315452300963578,-1.8411303416311668,-0.8623426952385459,-1.6868935253223378,-2.1557846561842737,-0.27598739795767374,-0.06956804412282815,-2.0186387090000415,0.5064759687261406,-1.8880570933245289,-1.5800635374091292,-1.6093813043227654,0.8943857424079008,0.16623800837549627,-0.42528527805771255,-1.4666723719748747,-1.3556180664252682,-1.8194507867932055,-1.469258228570748,-0.5040644564036801,-1.210073178774223,-0.2273956456671414,-0.7412990997599676,-1.8396839102160716,-0.40878012364248806,-0.19330287729365084,0.1718334307286552,-0.705857053925679,-2.1621264290038003,-1024,-2.2295813139757974,0.8709021089157544,-1.4032747784649537,-1.0061638417717842,-1.8919862240083989,-0.19262229031173714,0.0017051012066094174,-0.10450926147946604,0.7426935837234587,-1.7626945741240205,-1.7232177662268757,-0.8083442605509705,0.1322395881790089,-2.1849664290753417,0.173431489915769,-1.5110478787573796,0.03435522138135591,-1.1279307133374903,-2.448330932209588,-1.4741129211130422,-1.5748370143957218,0.0768680381570161,-1.869858144418624,-0.37039977979072314,0.029867739350366913,-0.8090543998288878,-1.4359548340970283,0.3150792212267669,-1.9896193572503944,-1.0117816264141946,-2.317452469480154,-2.4015328425053424,-1.561260177550151,-0.06347400640047147,-1.1990422046005131,-0.8788297269617703,-0.5227987838820609,-1.7809637203411888,-1.7198304220928673,-0.18820545668137062,0.7576594009388061,-0.14596840360043792,-0.9076962837311299,0.008663412457041797,-0.8999572504165577,-1.4940701702003034,1.0195170753832203,0.12606140831264528,0.34174582240188006,-2.220569158699508,-2.0926822696925313,-1.2066878560069791,-1.3795339360820509,-0.8540579370733875,-1.1410947277271628,-1.7051651127576748,-0.8074211693820315,-2.4706107575054332,-1.421723012278689,-1.1948728453300188,0.41571905248982555,-0.8796269157727413,1.0,INT
688,0,1,-0.09642131449761207,-0.5807583578744456,0,1,0,0,1,0,0,-2.841504169203457,-3.1377126202706567,-0.8328525982989449,-3.133738235020891,-3.37548210094848,-2.23247291098197,-2.5068030312516947,-2.6805371216631473,-2.727221012529511,-2.256376954166094,-2.839906514752962,-2.0446912706182965,-3.0759291546392946,-2.651838886210925,-2.150770105689012,-3.1643584287865463,-2.890284667985369,-2.930759708018862,-2.4500820400413947,-1.8222407670264864,0.07389066192844608,-1.8053108355450795,-1.6826779972429937,-1.4669829132429022,-0.36131478225280156,-2.8493836951916287,-0.5099166919639451,-2.0793412854692037,-2.65146109546677,-1.4010408771006144,-0.9466306809114742,-1.7389163562041676,-1.449269936132069,-0.3965360641902656,-0.3626316972554587,-0.8411297694247337,-2.8230155500693574,-2.65639181490538,0.9049576206755464,-1.7659727184662426,-2.771148796302946,2.0039135039994265,-0.7283473248893932,-2.7606596609673524,0.18867811442078436,-2.7548864536733966,0.10589547348999416,-2.2235437533576996,0.6074432818041039,-0.5546588760042317,0.8081403067633343,-0.5553070402712967,-1.4749490336327526,-1.7205102252634075,-2.1727831618521605,0.44020855849661694,0.5437587672421067,-1.0091593366774427,0.9621466493665891,-3.2347624273896485,-2.0365507445968016,-0.476910260301207,0.23537783111419391,0.05856159449999191,-2.7055487672155922,-3024,-2.941116590390522,0.7483912961550482,-2.441873632094617,-0.3613991517266262,-1.5365267212620606,-0.6886214079379495,0.0017051012066094174,0.5401789822532994,0.14106399083223428,-1.7776808121965397,-1.0595998675305656,-1.270597355142089,-0.042716531467815205,-0.27201862389093784,-0.02332518632129458,-1.0978397006685257,0.032163457908769455,-0.49518728440436105,-1.5789967301271597,-0.8268440598180898,-2.036142137363961,0.07732373738588334,-2.327892433076028,-0.22512679433915053,-0.1832362602622058,-1.719707491578399,-1.1560056187022136,0.18899014574716605,-0.5227241136221856,-1.1566138170148705,-3.1817018368726413,-2.9394025387465232,-2.4748733202103907,-0.4724655474663515,-0.3918136545882285,0.8103540991562441,-0.6341127493886441,-2.367379385559799,-1.7157717629708666,-0.6063537664443914,0.15724620788849017,-2.3414662358317355,-0.9720470106390238,-0.3492565843291706,-0.9008505623072396,-1.9845569126035705,1.0851672487650665,0.17181992859024495,-0.1534031632239297,-1.6257355413362646,-3.1583684782060684,-1.7538361552178645,-0.2865147627903352,-1.6476751271751051,-2.071989382084279,-0.9975199599680458,-2.0687146159075147,-1.2993157637765687,-2.0752854731484307,-0.40768706114196746,0.281067453991585,-3.1292663507475806,1.0,INT
689,0,1,1.3036134441800762,1.702847992708747,0,1,0,0,0,1,0,-0.6664077289167623,-0.8277916540595627,0.3013430339080966,-0.6093716926998313,-0.7779675415395119,-2.23247291098197,-0.18884930005283787,-0.6681527635311909,-0.3087730745885867,-0.4148235200150704,-0.17279241442197166,-0.7290550492999093,-0.383824243359097,-0.5983341036732649,-1.2610646438677828,-0.06236390362533956,-0.5914964822129565,-0.5020749722751765,-0.7963522918731438,-0.22960224525851833,0.07173504587105904,-0.34171528279938873,-0.24953593043213723,-0.08523573912059414,0.745395807582009,-0.6946500279539589,1.0342132078707014,-0.5717668276167507,-0.5433753051952541,-1.2370183880772032,1.0973715817413892,0.1419369241268697,-0.1934894836895238,0.8538868134261074,0.5751801354475452,-0.1278912906885059,-0.911798005063184,-0.6685841843949055,0.6951033548611419,0.25938138531839555,-0.9069113138630684,0.6195083190273645,0.507232633427885,-0.227976811503062,1.657046052358948,-0.9466602043818483,1.4660982825946554,-0.7641999359275007,1.0547424257535545,1.0481133384503796,0.4622974260749111,0.12532542541410935,-0.2572085891975637,-0.711740381645391,-0.731366223138576,-0.14128404187469065,0.06768246993566725,0.6264573829469547,1.5162213555496935,-0.3704403742540491,-0.4896030951286552,1.5152039892087876,-0.018684727533628015,0.38519864412732574,-0.32855438272168386,-1024,-0.6767971832827174,1.299820353959107,-0.27000703581943897,-0.30040004970302986,0.07667527490481073,0.06701770947500606,0.0017051012066094174,-0.06788377800437055,0.8591461464202819,0.46753750396646926,-0.29159967694855016,-0.14883949842031718,0.22682642857341342,1.4014623297110447,0.22907620149384264,-0.0806486477694181,0.0397588439950181,0.05149352551554894,-0.39297494184067105,0.25982408198590734,-0.189917997580065,0.07664184688843181,-0.7108280751930979,-0.33023742530319766,0.17597192385698693,0.23670923960359339,-0.4321569515809958,0.4060032263553855,-0.09428015510508829,-0.20642316824028664,-0.7880012855027447,-0.4859564843179849,-0.6487657173857272,0.722725676660195,-0.4102086690598991,0.26837006985201955,0.0869186796428494,-0.5410545283858432,-0.874917473539231,0.743279093255511,1.0936742576766656,0.19701328685708874,-0.7833728062888816,0.4049997385498062,-0.9109052592885809,-0.06381859739520941,1.586999950812088,-0.04139253958170478,1.1365223365864054,-0.16164621428073273,-0.56655244662425,0.16521352096799652,-0.1624842171578083,0.20026014316661422,0.33344212294500536,-0.3897524359549497,-0.2271858205746746,0.8924695104429192,0.11800772261867323,-0.38942264161645185,1.746725838121185,0.3970587151487564,0.0,INT
700,0,1,-0.6608329470861632,-0.5792639132654883,1,0,0,0,1,0,0,-1.9813826573789681,-2.1686748748221976,-0.19804596909415095,-1.8442979099597023,-1.9843828144093782,-2.23247291098197,-1.91791353421425,-1.994555179306347,-1.8918389376681701,-2.780085333618925,-1.1133744891201225,-2.685204812410465,-2.3143161679861297,-3.150818385165751,-1.8712804249132924,-1.208190797603741,-2.467607475019731,-2.54701974897045,-1.8802311498029889,-1.1591981434289307,0.07418810951802124,-1.413804829037382,-0.385073032227554,-1.1230348873769243,0.12016698465582536,-1.7434765139867188,0.44617586329039116,-1.0274954051343095,-1.6286651852878973,-1.3904771563433005,-0.47820350333035383,-1.7960565856545891,-1.2033136051924942,1.223772196397439,-0.022600379105248505,-0.9221055287603496,-2.0045656928946327,-1.9532714787785452,-1.6051657143114486,-2.0205579014379036,-2.2799645370889534,-0.13201616911530073,-0.17457985216466834,-2.26314191067569,0.34129946694695323,-2.061088307544433,-0.3424929208807455,-2.5607619092790506,1.553956700613581,-0.11380460250986618,0.37962705157382365,-2.4432531169753937,-2.3799322974574797,-1.8194507867932055,-1.9484359951857824,-0.6651042950249052,-1.0377485288567798,0.6322792572991929,0.23578221046957645,-2.153456747942505,-0.5565717512307866,0.24102753696808998,0.28953976549899424,-0.8936642521323803,-1.8322047833551174,-1024,-1.7287667809703051,0.928833438631555,-0.7479250563827263,-1.7886325538988808,-2.563400760477976,-0.4165969316955826,0.0017051012066094174,-0.5458861416384979,-0.47871880651189713,-1.995159222889441,-2.1348724444674483,-1.6181949119709562,-0.38773329900309056,-0.03092309242139642,-0.8025148041022241,-1.5304182712634167,0.032163457908769455,-0.3059608211593757,-2.074051263593724,-2.5487151680298292,-2.1387430842056703,0.07664184688843181,-1.951942624883035,-0.3749680358264157,0.007772863579789715,-0.44091260156586,-2.3456398354137424,0.6467293098618794,-1.4813985179827043,-0.916966292896884,-1.7167476198868725,-2.210118234786971,-1.6844209016063136,0.6772243519901181,-1.2049475366661446,-0.4722485448364947,-2.100965073758838,-2.4626265539400976,-1.50267423415122,-0.4734166066592389,0.9853902231413767,0.14407689347770547,-1.4776754745433873,-0.48673971718157444,-0.8899336384824056,-1.9544728498761872,0.8921911515428852,0.26529850972832025,0.016410675140942906,-3.230020973231222,-2.1706601820449527,-1.5649805682598672,-1.8154491651788822,-0.47367949239522206,-1.7223117361315614,-1.7921343071662024,-2.3096076415901927,-0.8354511545906304,-1.512574595296156,-1.1770692877651356,1.1789470642677757,-1.9420556837190603,1.0,INT
705,1,1,1.1730371187966053,-0.7226759380258918,0,1,0,1,0,0,0,-0.24208958573344386,-0.041227477466274164,-2.4122604705030652,0.3716060767461372,0.6392822704177077,0.6460204615364236,0.314097915161273,0.6289880844625206,0.6615041591778775,0.30563524441389006,0.8495919724865892,0.023188122244562574,0.6342797871281689,0.570304295864797,0.6596522647538906,0.7681647562164489,0.6256731807648127,0.45501410490620625,0.005463415031382514,0.649416865251464,0.07308194142548441,0.995196367953405,0.6048835965648709,1.4774134697308816,-2.0992000397916906,1.6279087116082693,-2.2739709562138675,0.7406183368396341,1.377464576268233,0.561148890872885,-0.497665747484579,-1.3133455062341397,-2.0796179524639276,0.33023233953269293,-2.0121266606224553,-2.6155697130869537,0.8258130657489864,0.60530447330804,-0.19323689540600653,0.7666741882330448,0.4610885385361598,-0.23130907805545783,-2.270439959875413,0.33681840746777214,-0.7779235151268151,0.395386958971651,-0.40094260571467233,1.0261897717044928,-1.8019297778928174,-0.43445397192347507,0.06855035228581821,0.007744139544888515,0.47975653257771245,0.07042755263829159,1.127639021330423,-0.5379075664071091,-0.1711524987716483,0.2730555902057913,-0.4331210076947139,1.033157262083741,0.631673906715904,-0.6795673138358835,0.09800465603850447,-0.10275222413029705,0.7724383358518574,-1024,0.9011483711527329,-0.6764840669754452,0.4811524095427495,-0.08640347349296176,0.6498862317253471,-2.979067466240335,-2.8132367822072126,-0.5071581961731533,-0.6360840056621716,-0.05017796812717272,-0.10079947894829287,-1.9320196305640378,0.0726022965542812,-0.6724386681191473,-2.511975773615284,0.014728425562453167,0.1772010584721081,0.15345189950302424,0.10834773464731665,0.191202512207901,0.07439091045377824,0.19850661576919823,0.18215150372068037,-0.35238779206913046,-0.42613951268056033,0.20273847425773872,0.3214928534933701,-2.8835236230641708,-0.3826804102427451,2.0287925558120086,0.28586406411925736,1.0468883930818849,0.29466527628638645,0.1077317375312899,-0.38873108099281534,-0.6711376766046118,0.27382375408824683,0.9448441729073529,1.008407156599327,-2.2511645096501876,-1.715229129928575,0.18312401018291366,0.4138187473974324,0.004353135979248088,0.3564906510844336,0.2945185216582961,-0.9563587613721225,0.09494129292931404,-0.36554696748042664,0.3933571669427036,0.9214719619880979,-0.9978743237688712,0.4734220307200466,0.41983027356019953,0.3033131659038872,-0.2213105972919848,0.38526453973511826,-0.4858711317288988,-0.7322397103563312,-0.3892173435132597,-1.4467977345640741,-2.5856769467730887,1.0,INT
706,1,1,-0.39823588696477935,-0.5543984695091114,0,1,0,0,0,0,1,-0.049192753647540666,0.2263817383620102,0.22735990110528315,-0.06831517244673121,0.2743096517084049,0.37632718713300567,-0.061144609659559375,-0.07787586012555447,0.12424181071924731,0.0001335660338121819,0.5790692783652959,0.07842348002541319,0.2897959711183852,0.3079109142599535,-0.21875349357098517,0.3789356782385155,0.40673385704242504,0.1545236554053322,-0.1703637895236617,-0.1627872475207887,0.07145303518305846,0.35143499932079975,-0.20998269418648502,0.47310314751632876,0.45848383155514405,0.2715238197793523,0.4943763165249822,-0.01828199164898812,-0.046522935763943084,-0.40175105791334104,0.354782062406963,0.25754115806222344,0.036149798864821045,0.6250147601064064,0.38123160431458775,0.03586327615400913,-0.0304240800398974,-0.03813429279863386,0.15631548524810063,-0.027475281458905067,-0.09740988712919323,0.6751106291203757,0.3877340764716034,0.3116556753592062,0.34789173272380647,-0.12295570864477243,-0.07530213530354145,0.07740004430141106,0.5565344198817037,0.3871007105228081,0.6296016321880517,0.002174000461636741,0.22759287517841156,0.5333038736218134,0.3266084145806536,-0.11975008936863495,0.5970709629650957,0.6325910627460372,0.15050507089807955,0.3627370947819779,-0.369865086230824,0.5660933541447711,0.015119132679849389,0.43942143773525355,0.322890778205583,-1024,-0.05717022271446293,0.47983199576724705,-0.13477015531448439,-0.03823856385993711,-0.2861558882338243,-0.08867872253798045,0.0017051012066094174,0.29342730603015094,0.7445647725554185,0.509692143422118,0.6088241608165472,0.050130385912809515,0.2767067893676603,-0.1263501831596358,0.19909234375102072,0.4619968494675079,0.04885488110261004,0.47014034195526316,0.21635996980897748,-0.17580774334422714,0.17785018615271334,0.07664184688843181,0.4793623807834024,-0.23906953264556852,0.12897257268933343,0.15670028522494672,0.04309341236794156,0.1429029201798421,0.5079051697473532,0.42671261982220865,-0.24544495519175247,0.1697882140830976,-0.2699955736351627,0.4499852458922662,0.1749638479532528,0.6354263678032304,0.2853018896776201,0.023014554259815714,0.1881417667746241,0.34588492304371504,0.5166303470049685,0.425741772825988,-0.2628570310568378,0.23369132580563007,-0.6611349417369832,0.309951958491236,0.3538519501565045,0.014662162882630472,0.7562652445924049,0.07359444384081164,0.13220979511834408,-0.3488677096332562,0.463652462104909,0.4599823490237686,0.488022255171488,0.39992598510377314,0.20332117815996895,-0.29544441273237887,-0.22429886027804471,0.23293744726524793,0.19700656939235678,-0.38301353620016154,1.0,INT
711,0,1,-0.5928299073626149,-0.6027453850412993,1,0,0,0,0,0,0,0.32757031300381956,0.35436852869383106,0.5701581139733282,0.27389460018647094,0.29147846538602007,0.5921944465673615,-0.0576716948969444,0.46490410850670766,0.7065030217021225,-0.26230560382640866,0.09563606140365871,-0.4522926122198526,-0.0515049808739315,-0.27520373920800734,0.5660055783293847,0.10029644925817816,-0.04446269907288006,-0.05887874202805206,0.44473248282558,0.7079446094342557,0.070430978101062,1.0215421508870843,0.8034140379985825,1.6760647528434311,0.26965150649257374,0.37434446862907694,-0.2918942850880108,0.7340213342599151,0.3596622448141845,0.4369387744560513,0.6845162232624734,0.38837968921040233,-0.08887292436766882,-0.2970692195916401,0.49725172087535663,-0.6523829513849574,0.9668312017523902,0.35042692679884563,-0.8363678243482913,0.141552373961886,0.10071355657614035,-0.4289840753085911,0.31534205471121673,0.18130476728449707,-0.12205038189545744,0.11432296990080996,-0.5719935391734596,1.1338232538485398,-0.4111053468067208,1.0562544083143692,-0.4712613053793438,-0.7975545757548983,0.007591475818199562,-0.7553627082400397,0.3662251879476068,-0.6226764598712627,-0.5497186573565941,-0.17780991310004512,-0.6351417332562748,0.5533174956212666,0.409208897432275,-0.9798174672998523,-0.09619145839399731,-0.557960743462249,0.24101283493103762,-1024,0.11116853832137565,0.28820801724653217,0.6752123952949424,-0.7156298989880436,-0.08856467971704766,0.09169675359140865,0.0017051012066094174,-0.7949009180726353,0.5868825190707097,0.5239353423688123,-0.08228239154970854,-0.344996183373838,-0.1124903337476191,-1.1900435181098068,-0.9773944909343877,-0.049189376788786834,0.0503640765370618,-0.3595764757524768,-0.028044247859874423,-0.7493406568330144,0.48814124051439367,0.07664184688843181,-0.6287167470904651,-0.36211751000029024,0.09608785192599302,0.28612187155433577,-0.13358674493426836,0.08553659716747447,-0.5435908558628963,1.7298854351678965,-0.2550371459887626,-0.04697222531577035,0.35661032838897405,0.019138383081981843,-0.3907169567692168,-0.8405466721149393,0.36306987476526664,0.9578016440771921,0.2487666054508561,0.13584847385567544,0.4070961853440633,0.1589489507335499,-0.029500688811774513,0.13434793109004084,0.18231356388801293,-0.24280345031005132,-0.35889130745134856,-0.12735100477798805,-0.8788639238613871,-0.4489997343356916,0.41871644935371777,-0.10641425511300628,-0.2567468871564648,0.011069804742483595,-0.5438031634915466,-0.20727900596247556,0.4420195337251377,-0.8835779299062523,-0.3626076665648335,-0.3916856583804737,-0.5234412806733001,0.5232114245173567,1.0,INT
713,1,0,-3.267343025189174,-0.831776404025949,0,1,0,1,0,0,0,0.7135720820542863,0.346427281323403,0.47545588356047813,0.8838981916297584,0.400120085898462,0.4563040391376552,1.249250433612315,0.4651853255930202,0.18218827205834615,1.2839227753772557,0.11300015712591138,1.2000112149957287,0.9099040041169982,0.9634188264389024,0.5864473748301489,0.5686270147544572,0.7334642001540368,1.190202381775706,0.40640642784288,-0.07114999396461946,0.07072956667290595,0.18963610313788806,-0.2453423942946718,0.27535179634036144,0.2756488592526762,0.3582579037983174,0.005869601146395067,0.16726115395930816,0.8134494064452708,0.48323816170341527,1.0461321385275362,0.4622505351438882,0.44992905808224515,-0.19563288619404717,0.3062664114927249,0.40384885939205584,0.4021454139227078,0.6013679623578576,1.1022594280477915,0.3703562383675403,0.839329567225277,1.2167743246575438,0.3771660700299874,0.8798741109703507,0.4016470311254153,0.6702379737247123,1.4306299829549447,0.20488874718308756,-0.13738179861231173,1.0433555909662457,1.0166062455763734,1.16500395123485,0.8983876337505952,1.6094722031949948,0.8026141286042927,0.6332319982081503,1.4088032298579316,0.07411708513329475,1.305269852005785,1.1703137353151645,-0.08506193857444315,0.37745138630206343,-0.10203557923045767,0.772647132561452,0.957411882292478,-3024,0.8443539495959487,0.5237645953922536,0.32999483831065024,0.65723756861435,0.42181089510181013,0.10035529040659893,0.0017051012066094174,0.8456081005622886,0.5033077191526595,0.5374600842976999,1.1789326070211747,0.6360558398573943,-0.2286885025253985,0.9572374166881776,0.607250250008681,1.0649089908471148,0.053325946362506996,1.145854548150346,0.9102118365247435,0.840482898317026,0.6188200103751288,0.07664184688843181,1.3791583374739955,0.15661335245635682,0.17748811887265933,0.5831933688346743,0.6930333882410922,0.1798186607506115,1.2538574061253407,0.19067586010375787,0.5778402405054636,0.9272631805450257,0.031221791394851556,0.3759421363646504,0.6477895297482966,1.1838205809790987,0.3803126803088159,0.34392667122476417,0.667931261864739,0.7448040306293874,0.34405334596614434,-2.433718058007061,-0.09173998938850543,0.3439697624472968,0.023871816217054573,0.890267403070207,-0.3017216057105416,-0.05500070231587196,0.6116015754227775,1.1934042464624848,1.079238039145328,0.40707024424816757,1.4300505005382995,0.3720566387335826,0.8278522993575754,0.9181453600233542,0.4527710722093249,0.8903931201823865,0.5386255261768107,0.7320876916752724,0.41726646191639327,0.5676374401921671,1.0,INT
714,1,1,0.026112916454967952,0.41386844286688923,0,1,0,2,0,0,0,0.19515452445626338,0.48727740354956334,-1.2089920555967972,0.5170197954346833,0.8737398640452271,0.5989202434156118,-0.1660563030068841,0.8813538717857826,0.5214828974882855,-0.2233567644162838,0.9242670208997638,-0.19701287197336548,0.1761151005533728,0.0683065324902474,0.7272911927977933,0.7794733165115926,0.6393120721953496,0.39847635835549805,0.6153800017521741,0.8429239211635812,0.07274601648049563,0.4395038403952052,1.36138973530377,-0.7504710027583674,-0.9282710432105842,1.1611832859618862,-0.5550578716781513,0.9107873923866179,0.832937038826189,0.9973110839169549,-0.6861080071640197,-0.5039079945584679,-0.468177748881927,0.02346997933527039,-0.899957872351859,-0.3726181998186357,0.5869540045793191,0.6986281352708225,-2.0849508798054956,-0.49187539694732485,0.5629107805183516,-2.1222311350401935,-1.2569641940626213,-0.18703388756904366,-0.8506680903024079,0.7959133353152276,-1.830226628039653,0.9656461170108359,-0.7740268097967419,-0.7495290987622079,-1.1943459184683438,-1.28759294048773,-0.8814937715080716,-0.2764096127542986,-0.20741700105251862,-0.6818538086809797,-1.29754492167231,0.09394887077633152,-2.0447307735443228,0.07237012779168296,0.7194900700521286,0.2401110867765486,0.11731261279011539,-0.6529440730674526,0.45757934969780606,-1024,0.5842199691310984,-0.9440586728967614,0.30765594568703963,-0.9855818150553259,-0.7901886762089608,-0.7222711352250206,-0.8374296101768218,-0.6125587479254155,0.1464302977797022,-0.013496149607912976,-0.09876659885254317,-0.4612949733588199,-0.16275521349892635,-1.0526930004408288,-0.6369994851838232,0.032049452401991495,0.10856103958584892,-0.7210871803731721,-0.46411083744459997,-1.2553928506689873,-0.1086551151483479,0.12267468816781629,-0.735826692939948,-0.36521315187910725,-0.2297633027221057,0.034119003750398606,-0.959000100140906,-1.6906698528569128,-1.2030771169062102,-0.6592681815188866,0.37599037741980823,0.6595174669352615,1.2818738833114187,-0.2859649997552826,-0.3829444291608818,-1.6970721570938687,0.1805113596022072,0.9627535554519363,-0.4463226309467324,-1.585089113457619,-1.2074616277443835,0.38620654227649137,0.258182273731972,-0.17440116685542542,0.5459778708602867,0.1600299696183176,-1.0275953312858779,0.12048185032984507,-1.0715049833080643,-1.48044670417011,-0.058439338220173276,0.1768303929208542,-1.0606539403992212,0.13290313482928967,-0.33880663296185193,-0.2193291641164521,0.5311708069242802,-0.7477273014957377,0.3054603256256217,-0.3928695577367125,-0.054027042333100905,0.11572204855921642,1.0,INT
717,1,1,0.4537168322205253,0.004623743386836362,1,0,0,1,1,0,0,0.8932291142068498,0.9133206933708836,0.3881260268769297,1.0911333417374967,1.0783129069927022,0.7106242052095969,1.004697907661591,0.7560785822710306,0.7916358808274425,0.7039451375065614,1.048647085684704,0.24762097651483075,1.120290930358917,0.7468801393331189,0.7236328138148412,1.2573593664362737,0.684451693473093,0.7552130603179529,0.5591113351512086,0.7577934101693129,0.07096560496836253,1.0453257762131467,0.8826200063201977,1.729322033529755,0.046611401013463574,0.8204356966307679,0.11575731573240798,0.7758922046831773,0.8418037976984442,0.5384596932458965,1.0832548165439986,0.6837846380672397,0.2871470914801812,0.552682966258469,-0.16244068310162021,-0.37068059524235625,0.9316962506094385,0.7878098463587178,0.26576505214130364,1.3475368543248474,0.6342531925608107,-0.18244794872713885,0.6243140400357481,0.65576880632552,0.36703317512497907,0.7366128743308091,1.0249829512680702,0.6965473554609005,-0.11157027685148019,1.0556464342519836,-0.2102306401917089,0.18743547341293448,-0.02023657332806065,0.0812996473888232,0.6985387782331234,-0.44875655932573205,-0.003923305673871318,0.6745061348129938,0.6137597266224026,1.5633139047040794,0.7897020551597682,0.6443661836552047,-0.11670743974438291,0.11534883196985221,1.1140266569658113,-1024,0.7307717519993575,0.4199253134065239,0.7856289594488431,-0.2816683069409153,1.2998828521865897,0.09790391104218574,0.0017051012066094174,-0.5863158989695834,-1.6730708912496237,0.6805407520570209,-0.07743593934651662,0.5151885952164371,-0.04469167459898125,0.8455007649517522,-0.16509381715313112,0.3133709955440791,0.06821485103043534,-0.017633730759682283,0.49597290043352604,0.7448887008524178,1.1632968617030002,0.07664184688843181,0.24253564856579896,-0.3492799171923531,0.22113935439694152,0.7090097920832493,-0.14676136275104698,0.4224817589342889,-0.05607747407473385,1.7530640272086238,0.5856314346417192,1.017444348659981,0.668716032755824,0.4613470877955266,-0.3913852293708255,-0.44795272340027004,0.5395680703106479,0.8815312597695697,0.6189226903942862,1.0749351472200368,0.056704691855734644,0.39859834238375286,0.30963324448057455,0.5447985412357492,0.10395066280733171,1.4634332093833045,-0.5754558951550881,-0.06313099979547009,0.5944326350453545,0.37773275478523494,1.4853296437162429,0.36904614847191597,0.7690774791402143,0.769377246830255,1.1632427026604746,-0.19874892812447348,0.5221935279177808,0.8580475765568378,0.5097079276182784,-0.39224448995886035,0.24234974254106603,0.5550509048894504,1.0,INT
720,1,0,0.5639650485879718,-0.6075454683296528,1,0,0,0,1,0,0,-1.2396551476123265,-0.6534130758710915,-0.5267392285597337,-1.1205382670893422,-0.3381580365767899,-0.2985945088321822,-0.9881029631894117,-1.8496418038247688,-1.4962621478537947,0.10751203135247547,0.2007534201359702,1.1118768039201863,-0.2950712591792248,0.8325173764207454,-1.535950152456086,-0.46497901320340507,1.1963975418185882,0.6284361537559108,-1.3944090193373708,-2.576908360656241,0.07310490479745878,-1.5954509168202948,-2.7536721705905935,-1.276955155622254,0.2674869208255598,-0.29748312527735715,0.9308104258797609,-2.4019851278655073,-1.0311852227162703,-0.9397559076492831,0.272791797456779,-0.6500369689146156,-0.24336860557010037,0.9121603938998015,-0.06152468021625901,0.4816642860701459,-1.272948133674715,-1.9597187397384312,2.0502182329633407,-1.1495237270394927,-0.6107739609474333,2.022436913931346,0.10520316216760861,-1.1493348208411105,0.9770498578714049,-1.0726083921101206,0.3551817790908509,-0.9815296641105155,1.1923203278860224,-0.15512557925177478,2.862878370772033,2.3039550199806587,0.2681016155058356,1.1342145112352444,-0.23617632772865024,3.4562045228481044,2.3959509846728055,0.9119631655082407,0.5862383042767976,0.042504766937097066,-2.3633716855282767,1.7880099461415055,0.06910746542870157,3.0093527631136188,-0.6371141498254013,-1024,-1.1038987715464783,0.7464696495941541,-0.13623437184784587,3.121912283025882,0.44384822643844385,-0.20655681775377618,-0.30539094071524037,3.2509794276034674,0.69838185551808,-1.2426127722728542,0.5820577426321327,0.15952787382444153,0.7818221037842048,1.2004443595701275,1.3207662545170697,2.793610499850697,0.06085915653227186,2.806305014913834,0.29805029253173715,1.4825811269572586,-0.749424066241578,0.09469794820009565,-0.2978438293186077,4.098929558183311,0.08068677871498646,0.41880776710449913,1.9281257237372642,-0.17347310691970838,1.414373522026208,-1.1704766908784658,-0.9812506313195802,-0.3367525055823366,-1.1431295569519353,1.0291293615918862,3.3598180305664913,2.2008540762077518,-0.18396610977908714,-0.09321267340906757,1.437620794333346,0.30027312965518643,0.5733516250420565,0.11204737550148973,-0.8294028049151813,0.06609813978829308,-0.9156031532956833,1.2164507875715644,0.9730146149896073,0.12302656775766549,2.167650982974143,1.4341033422873104,1.8388026553956989,-0.559344289755538,2.3315289991777126,0.6869182052264141,1.6921538906020144,2.0905695837186173,-0.4389050117514655,0.5978824426329339,0.46313623848209,2.901117379764052,1.8443528640879745,0.3740815688830107,1.0,MH
750,1,1,-0.18046680809156626,-0.28245748969363377,0,1,0,1,0,1,0,-0.9330623506992631,-0.33220339686282707,-1.7646421199413063,-0.21501826106681077,0.5797984465318994,0.13977273677218793,-0.8739185875511497,-0.289294095326895,-0.4927896794102566,-0.39015252510164494,0.6876815282716102,-0.108620749757417,-0.1644406354071866,0.28688964413651513,-0.4535424998643521,0.10751692783363181,0.5393837324433218,-0.07469036519931357,-0.8433065850945162,-0.49913638751351674,0.07299303661910503,0.1509283089865897,-0.486076084886906,0.22096366662691974,-1.0544429720829331,1.3834722055688362,-1.1524812246623535,-0.24393362111975447,0.6410442944765676,-0.3178056042197757,0.5471909992730065,-1.1733095289728384,-1.6911821701809915,0.4999058491516525,-1.0634360507213603,-1.789389951324881,-0.24277697628605632,-0.33818327190316533,-0.08707939460424692,0.05375270488964608,-0.34237117717487586,-1.23289842921477,-1.5062899834263306,-0.6700626387132763,0.8479599054580897,-0.2795961940513673,-1.7018178821422238,0.14089918155027958,-0.7127104931380323,0.39802717483826877,-0.6102621566929758,0.10368235845624112,0.05267114040631059,0.6460101838216843,-0.3304481132993966,-0.21449286523569866,-0.86685711256435,0.5631298387193375,-1.1575333094792524,0.43159714031546514,-0.6118199065113993,0.4303362254273533,-0.008967748794559213,0.41682648144640155,-0.1930488749504313,-1024,0.2116169054539305,0.6680325924564716,-0.1751069092047361,0.019209228911950232,-0.09955773280768315,-2.367853179198671,-2.190485864072704,0.6163854778431841,0.29103740214132323,-0.01906390005199043,0.46871408827896677,-1.8098109986659983,0.2111435553306347,-1.3588552840022223,-1.5567951229697157,0.5168008267885792,0.14268050568888568,-0.5522624367362053,-1.0605672849308885,0.1676801599409814,-0.32770448681216513,0.17856840420635142,0.5413794904507744,-0.11765794387689245,-0.3261199579455329,0.1095137130100997,-0.1099846702142387,-1.923866610276718,-0.9874848887733432,0.5568762261596422,-0.36903231222626354,0.23809303251402392,-0.04231027795436447,0.39237599736839157,0.19906489006953748,-0.6682649463714226,0.10914997180013403,-0.05899228137151382,-0.6435305052462575,-1.4778873932058345,-0.4964507782836041,0.20007644440953382,-0.7828764102376787,0.07565040161860458,-0.7995008210634051,0.02889875506667784,0.998719035591471,0.004227122868169128,0.4320539840653213,-0.2127673129147276,0.25409169947241295,-1.1954903065005518,-1.0843836742235586,0.2660372288616245,-0.004222584176354265,0.2701921929774871,-0.13386465013460153,-1.7364431338028607,-0.8183800230217064,0.24072942602849076,-0.23081532619091022,-2.2198315225583634,0.0,MH
918,1,1,-0.3086443070188845,-0.21518242062672574,0,0,1,1,0,0,1,0.30972157614818646,-0.4177416295068556,0.5990000961013052,0.2550992844775823,-0.6589373672789197,0.42631369172081707,0.5426954022250484,0.38616988077174497,0.13600033392881036,0.16887299669221817,-1.577321068644261,-0.2251815233283601,-0.33990188409821076,-0.6367858268130004,0.6660091907944021,-1.0482489095069487,-1.468562041208715,-0.8218275868497499,0.42968259935614683,0.7315086487120257,0.07031009572372596,0.9976934719793189,0.6876145525771531,1.3013289763288203,0.1642626291282739,-0.4581040883115349,-0.6304648668329504,0.5912999085205907,0.38990364538019257,0.31468277581259707,0.9430471373000054,0.4512441214538784,0.05524516867224164,-1.7211887779627275,0.3644341482800726,-0.5865319390428595,0.2163702113661068,0.34006189411528875,-0.14399476973505382,0.47449673146983407,0.02741066808505967,0.0027788184764468617,0.3970254793307629,0.3026143012401121,-0.1204346538103312,0.02754026171341617,1.1065688085942114,0.6701643487264117,-0.8075326869431072,1.2519899450024676,-1.4834163931896367,-0.7184604962037967,0.1268003694173632,-0.9298557076757609,-0.9344512191826189,-0.53028543591009,-0.5940048481414328,-1.8819184483484874,0.886707742887708,-0.8387628844494583,1.4951941583996602,-1.519413705370193,-0.148240534487591,-1.3988607407903286,-0.9342578987064593,-1024,0.01844813398693021,0.29917275511172325,-0.5035767529835949,-0.5348883103534142,0.2791457658552719,-0.007972597154451911,0.0017051012066094174,-1.5878453513597308,-0.7929629972469759,0.5047712002443407,-1.1572552906302898,-0.39264016898591264,-0.17224309645836877,-0.598774495794015,-1.103816061094946,-1.6770743264762447,0.04922783679446069,-1.835735279785002,0.079795050836967,-0.3678598218957233,0.6222183638815745,0.07664184688843181,-0.4341110560895299,-0.3575756796870803,0.10547262816936362,-1.5889995193292001,0.09288841566617839,0.06500088841529111,-0.5777293872868885,1.3339694305904937,-0.847711409969973,0.08234214386420718,0.36425897570260807,-2.0445700543831626,-1.2143759435992898,-0.7459240803132065,0.34648289709065877,0.19891162091761916,-1.211166741799381,0.2815646671363905,0.22131203757303716,0.3441895404523824,-0.11652182663698413,0.15320239256014284,1.5773227876228815,-0.8200720413758221,-0.9514020382839442,-0.15849684329333105,-1.6752306450068903,-0.8021049417739456,-1.036925741011838,-0.3023304358593552,-0.39376561408758554,-1.4900113588264372,-1.4768864767314906,-1.1533178576719294,0.5559621853846258,-0.09402590099484086,-0.9113315015746238,-1.2009543866247476,-1.262473037164431,0.017973104640624637,1.0,SZMC
920,0,1,-0.05607163765168216,-1.1101305901497904,0,0,1,1,0,0,1,-0.2351661491122795,-0.5355486305981814,0.589427903606878,-0.036825451492294256,-0.3948028560967849,0.2303587284219319,-0.16413329070674526,-0.129358561055828,-0.20573524977587798,0.03432270287106568,-1.24730422575906,-0.389044505691189,-0.5620849418061842,-0.2825931367126891,-0.12641345529483053,-1.1523778502999211,-1.181197687837726,-0.9719776548221277,-0.3991152403783235,0.30503403429074455,0.0726060559317824,0.16691524943214567,-0.00015048611710468296,0.7964389220115247,0.8025260074029374,-0.13501304259729818,0.061934014949923274,-0.3336439139727355,0.1951431607372853,-0.3626064954321358,1.5678223812507326,-0.06187615142833453,-0.6368547818265559,-1.0162331122361339,1.1749245997383084,-0.6994714163410393,-0.14467551958149524,-0.2855552668560764,0.7973163195399023,0.25151909714950277,-0.5482270875446227,0.4506812864389355,0.21687222818498514,0.3520761640377634,1.7058388869933805,-0.5200981429748466,-0.15839167790679104,-0.03720957456125763,0.03811867846462044,1.8910479279886392,-0.9994964749990484,0.2649469869035188,-0.08463187806521852,-1.1996680242668485,-0.5328735928686339,-0.3215893851253805,-0.11049086661983687,-1.3069097508971566,0.24605172221724733,-0.414228861138377,0.29869818439337437,0.1324024564411896,-0.06260737615590584,-0.8967739582818318,-1.0865337926825165,-1024,-0.10166138696396722,1.5616252904227172,-0.9032661883149322,-0.5144024133845961,0.035355962637940185,0.09913181813882194,0.0017051012066094174,-0.9496712804362641,0.8820748706098474,-1.4387789797610948,-1.2501760215681386,-0.652461362668958,-0.21029863838726137,-0.8484050679206426,-0.3975412744111163,-1.2239287653618396,0.03488367705372382,-1.1628666216385297,0.10154803214362614,0.13559093908758058,-0.7473616722028146,0.07664184688843181,-0.21987246300936134,-0.3557759773119234,0.15493073835547808,-1.0457054257345686,-0.20166667560059126,0.501691735800662,0.07096530994873979,0.7686036573888966,-1.0871511402997904,-0.08710235225701851,-0.41671089693154395,-1.1281266325990866,-0.7159403767927134,-0.04218095187224685,-0.0684729710986939,-0.8369191975231719,-0.8207183614376027,0.32391914562875185,1.3827326437738015,0.12886822919642507,-0.9017455076337471,0.3019629994345266,0.06038702113487846,-1.172504740005053,1.934437479883621,-0.10249212458381644,-0.3902704428433351,0.2581426265319719,-0.7162115112307363,0.40329491301742115,-0.4492471820071329,-1.1870521099940128,-1.3713385098463213,-1.266256502456981,-0.0014318701085820895,-0.6999866422858065,-0.2521970916245536,-1.1990456796956754,0.5248589331404876,0.5613546909338574,1.0,SZMC
921,1,1,-0.4813753937458014,2.2490213965046806,1,0,0,0,0,0,0,0.6833801631504252,-0.26504097454322934,0.011455432438946426,0.6913293464006642,-0.5118851154179493,0.6433226893837845,1.299690861681551,0.5801601573042701,0.6461067298261759,0.9774774087979536,-1.1380574556609775,0.9197741822263398,0.21705180377599392,-0.01466394194217959,0.6713298445699327,-0.27242462667057055,-0.21903135006140217,0.7566117777324092,0.6308071094864048,0.19650808905054706,0.07172207312396627,-0.2525277647973252,0.06682707811702894,0.10245542323509989,-0.6338614555262274,-0.6639149291480122,-0.4102310556204952,0.2663426008985184,0.45719688768732014,0.9193311202320573,-0.013175233088256817,0.7275043767361239,0.8891650041642292,-1.1639503570669976,-0.7656939595085348,0.6902203100674238,-0.23725971222959033,0.6175244190818459,0.6552873390125795,0.30988245502569006,0.6308797055613827,0.6372725855071208,-0.258934309133946,0.5403043046904276,-0.7361385316306451,0.7598843512840711,2.4011610958025766,-0.18045132399623823,-0.7101620715429571,0.11819451597094505,-0.3022247067806176,0.9834651361312109,0.3324277068413345,1.1754864906206184,0.7182282984431309,0.13442606708024019,0.8843153136444913,-0.6224000536683821,1.6296334176533276,-0.4219373653880482,0.1963156302885351,-0.39440019072657106,0.13333355861021673,-0.17397714312128193,0.2293747648771472,-1024,-0.09128402788485891,-0.36740720335698196,-0.4828686256025501,0.5078946484712126,0.48232002373843647,0.10035529040659893,0.0017051012066094174,0.3046674148935395,-1.3711637493288753,0.6476607857877821,0.8246556456889443,1.4499067303394186,-0.2007486373638107,1.3794342371410002,1.108402904379523,-0.19058858447643015,0.1606092272820425,0.15327807987635245,0.5365063597329601,0.9831393381851455,1.448214040314484,0.07664184688843181,1.366676631668728,-0.25096572022414065,0.2528299636795239,-0.2056436682663415,0.14174944011268514,0.2658647653775643,0.8466108079768525,-0.05715629112942866,-0.7390049761989559,0.6158408661197226,0.6798302432916181,-0.58178488802911,0.16905061660269755,0.485160911481547,0.497983206336048,0.23411619071767856,0.4984533417938725,0.09825095383826422,-0.6918757804567379,0.2018667349548934,1.865798151025387,0.6467690666920543,0.6616464367791476,0.8887710197856454,-0.9202774249568343,0.12827866236793126,0.5546171033027417,0.7910938307593324,-0.6420598878701518,0.369167945866855,1.0235447220882306,-0.2643845461458997,1.0354642213812362,0.6128856352938651,0.7163604969723958,1.3967762393256535,0.17909053265862393,0.23270626686368392,0.005390466669498837,0.5676374401921671,0.0,SZMC
923,0,1,-0.025332591509152624,-0.6308815955699867,0,1,0,2,0,0,1,-0.734465057994741,-1.114260243063501,-0.4267534528109499,-0.806059537513134,-1.2433446325440165,0.14518777593342114,-0.5717305117354431,-0.14065544756496082,-0.3047838368347851,-0.5020553330619697,-1.6342196388373305,-0.3928081467194907,-1.1003706256594021,-0.9322454861124955,-0.35863591392332844,-1.546880520163641,-1.7107235283833626,-1.4824923552375926,-0.4198535359130045,0.24594421375585673,0.07306596062333266,-0.6376834979887743,-0.2476445683227637,-0.8856374462381057,-0.06954664873942783,-0.946722403532537,-0.6456269141921256,-0.25422629844619316,-0.5489976570360999,-0.5640179666225428,-0.5604474937647884,-0.5000084555445002,-0.552751062957578,-1.6780496881607758,0.24394301094696452,-0.2875398421654126,-0.843636717653397,-0.47487674919780665,0.1582735532362808,0.060707897093058925,-0.6608804209195465,0.4404822631600757,-0.38107450761328415,0.5974809555874881,-0.45245237319245474,-0.6570169054851386,0.1742735002224822,-0.020967218800271924,-0.5050471503604238,-0.41112667105114553,-1.2608258866775703,-0.23767820799564082,-0.28269309707713597,-1.6466352869028937,-0.5356251513245308,-0.13753937500114866,0.3596671937964736,-2.196220317285068,0.36718344198512215,-0.9959611137786225,0.7720881867410803,-1.6162232351860106,0.09902165806628588,-1.3206457500784183,-1.467718771679973,-1024,-0.9140744879506668,-0.14446461672719985,-1.986687812926983,-0.220877343021243,-0.20957450132620664,-0.3851913690090773,-0.125263538015008,-0.8088223418805104,0.6056847515173823,-1.0319452120121069,-1.3353468398418702,-0.7244793765197315,-0.16922471424450558,-0.6772440908354813,-0.34541775769402916,-1.6674582727857012,0.055544876083878286,-1.5620984100023119,0.40181568228256154,-0.1927652399700992,-0.8810080599582432,0.08428909830762166,-0.2171842920620571,-0.3631634247684137,-0.10291644731021073,-2.467392434358245,-0.4075736832103044,-0.5415921378011957,0.3557151053142169,-0.8810096711809345,-1.2888558638346306,-0.6323214451595147,-0.4506586216630608,-2.0084769091177503,-1.2077311438320204,0.2949666689517105,0.0917196734630706,-0.810691938176079,-0.8681904421687027,-0.9358125139768149,-0.16534797770660756,0.02345594076661806,-0.24531804053575335,-0.18159404340903398,0.5651207601887593,-1.3699584558498874,-0.13904724095079307,0.08745667300062353,-1.3145126394225881,-0.43596631068936587,-1.3607031796117406,-1.1134013369981584,0.6983964800149194,-2.4968249925824715,-2.0531798771559,-1.359178506388986,0.2521287670332416,-0.4038253995896632,-1.6005559300085783,-1.1948001149206677,-1.6694873451668806,-1.2814218659148535,1.0,SZMC
928,1,0,-0.051646437377873895,-0.5495501919412155,1,0,0,0,1,0,0,0.17369429826848526,0.5858395146322825,0.49686826803816797,0.30775339493571985,0.8112351927132089,0.29085191416547634,0.01939361007395758,-0.05302648675598317,-0.1753611563877051,0.4139558434960368,0.7585448003700026,0.24904744800213618,0.5449605461127661,0.90108514247158,-0.1776918083031241,0.4531417887262445,0.84536713917202,0.49671231695986473,-0.12069781089965108,-0.1652645013561648,0.07079745580919652,0.0653382647377678,-0.15207341171296,0.3826832085016906,0.5257483205412352,0.7300129130145355,0.41118963016557614,-0.08954127103522644,0.26609623907499497,-0.181705941372769,1.3995167460915847,0.4422210716606184,0.22422544061540875,0.4331400844667052,0.45048327083386885,0.09960659523348056,-0.09747721498111796,0.09673237950586766,0.6484599054071476,0.07916119792318185,0.07302525574921596,0.5415521168790544,0.5796063708147619,0.20837135935091233,1.1911834458289576,0.08144171329019366,-0.5587388121399203,-0.12450198623977514,0.39639556216143496,1.4210517965561758,0.7821956725329058,0.4250243230296543,0.24904515125157364,0.68205830347871,0.9891183913202545,-5.5146484720457786e-05,0.6316692485789375,0.5041590136492724,-0.17059100418574313,0.7875196538987456,-0.25143332578568517,0.8969521430571931,-0.16079065059546557,0.679124367432406,0.5359818489195702,-1024,0.29497701245383473,1.0409436639015535,-0.10530494996259719,0.1204273701422468,-0.15535745765490663,0.04618844607274572,0.0017051012066094174,0.3903472636703022,0.7625989412416608,0.6068054593942415,0.5452020257889607,0.40346022955859256,0.09906563576273782,-0.5224479127242306,0.42286423391620126,0.5304705243060005,0.047031572258011745,0.7761269011458094,0.03556034339256369,-0.001969397628721605,0.4901500695894528,0.07664184688843181,0.5250022124488868,-0.12750534718457787,0.2103149033635847,0.2395083330670087,0.0439252895741151,0.373360523577179,0.24702653664179852,0.29172306632360406,0.37121475989693525,0.4306230403895543,-0.3266871931206231,0.49399580162897067,0.1770000329417612,0.48526339570666394,0.41364911735777166,0.12643958875987604,0.9049855513299401,0.969026073783238,0.7503739732648516,-0.05320192834452678,-0.3128500932219231,0.5007893921019634,-0.6509941691070144,0.8396174870653874,0.7491000133991808,-0.125202440944916,1.1612965105671151,0.6852537280637143,0.6069336674648104,0.2645550648933675,1.0191521070927194,0.43899895238957615,0.9421232654437448,0.3526448046688883,0.1070499404366068,-0.8320243601735693,0.3599398133887124,0.2391082193435276,0.5594690218594855,0.2911266131251247,0.0,SZMC
930,1,0,0.22148519819593962,-0.6026015146982915,0,1,0,0,0,0,0,0.661158866856894,-0.0017522247555075436,0.31825139404177455,0.47287826056206184,-0.3790806576247112,0.7702171834416925,0.813055940452631,0.6081477274005608,1.0151884599284864,0.9280763194742793,-1.281822578112337,1.023246860703054,0.03126948003936518,0.24851685068833676,0.8857594658277821,-0.7527427892709507,-0.37182161037417244,0.3036029796139142,0.8992603421597711,0.6180467560097935,0.07102827959884381,0.8552963421093288,-0.06481121782680792,0.3503090359109147,-0.2305635680072478,-0.3575305871125138,-0.5323781609001964,0.43934260381834267,0.43549917472715455,0.8870381502711663,-0.10503348064996816,0.4948265163970562,0.5695591461030206,-1.8704300545653354,-0.042484917742256434,0.38310988699932524,0.07611825761811862,0.7077531109733894,0.4356860249108896,-0.10403591970365535,0.743731086181827,0.8754462262287543,-0.04380132394792798,0.6483124038183984,-0.9031327656496763,0.8627745615091718,0.6636647307797322,0.4413248576540783,-0.7834489009122299,0.26432404379669366,-0.975741425434159,0.4249946455989553,1.1211202140225953,0.5356472762747548,0.18509952064030202,0.3470808698552715,0.8380872537738815,-1.7234562243205882,0.29983119810382186,-0.19080518158692084,0.7266780600616044,-1.254639551182583,0.09437404773441971,-0.8706286323405749,-0.3428727013498285,-1024,0.03702199073817536,-0.5453318340518233,-0.699748530452176,0.7260550707620451,-0.21369469336383676,0.10035529040659893,0.0017051012066094174,-0.050568910987433935,-1.0898660688103032,0.4997582715130494,-0.017433871332489064,0.7070966666171011,-0.15989430700441878,-0.21963114288666005,0.2730876764283224,-0.7096098886295553,0.08413908112672723,-0.722512034318669,0.5723937670548772,0.021484014994611986,0.8726669209874942,0.07664184688843181,1.349235980056929,-0.3447913141704525,0.12078583136543584,-1.1718913961474577,0.9432428853407612,-0.09638142086164327,0.6581246916213616,0.2931452433265563,-0.6997246869871679,0.057319573761555796,0.7811516549332362,-1.687943968644644,-0.3880336517154099,0.4193235977850305,0.3488077050561145,0.183756539010973,-0.06002758477730011,0.18772908629827673,-0.31823026392266707,0.4341715963360477,1.0100653853880046,0.16200443724429672,1.6407567174151974,-0.2980556861776208,-1.1162703592184067,0.0647880574390972,-0.9310862369617161,0.6855553948356907,-0.48222096557062955,0.375844016754146,1.1211940604151587,-1.4460562170339184,-0.2393771313869288,-0.1318855469740238,0.7148047182696842,-0.021760674138949478,-0.13896036239901205,-0.391044244678613,-0.6408632505651521,0.5676374401921671,1.0,SZMC
931,1,1,-0.4644216228677399,-0.4807285620446998,1,0,0,1,0,1,1,-0.10784440869344698,0.13535069521937743,0.21619896934625363,-0.4384423106093465,-0.1374713943319851,0.37243036893953463,-0.28513159368738655,0.23540863793577657,0.11535412610315147,0.0744107280247333,-0.09017511872340699,-0.15310276685340587,-0.0047456845687634,0.3565866768232914,0.4363358356890404,-0.37577994912798196,0.17594709523399177,-0.0625757888935183,0.12798380454066385,-0.01647012033760142,0.07125458834470644,0.721648227344899,-0.03499455780838473,0.8097925412915162,-0.22906911769659702,-0.11598806420969225,-0.27504169823598384,0.1733879307246273,-0.3983189008068228,0.10152157643866906,-0.04467936280602339,0.522904497212487,0.3027050752955152,-0.18902288072005216,-0.2982231378989016,-0.311304842330442,0.9154115359152242,-0.03700673853614418,0.6868585816597769,1.459555080562495,-0.18270550227215654,0.15344113093871337,0.3882588783873807,0.6741622970778235,-0.6586654821797604,-0.2991418895678395,0.29428915816954965,0.9588144787548304,-0.396900235892111,0.0701338136785034,-0.0012130506225606168,0.5633046410287161,0.3338149532779716,0.16308045398211116,1.2667701426107394,-0.14276364099902486,0.0356236163414916,-0.3884702619148066,0.1362445334667392,1.1805170639845433,-0.2430864082160209,-0.8956840339312905,0.05446150291002075,0.29796261155067244,-0.15980469589380836,-1024,-0.6038058760140461,-0.417679288331806,0.5126230766033849,-0.06060935938900651,1.4022559977999354,0.09169675359140865,0.0017051012066094174,-0.14635965211626448,-1.5900659722268289,0.5047712002443407,0.6657041539542217,0.026951465781214403,-0.13120824004326934,-0.6005501269014938,-0.7476691930514227,0.2665404021524175,0.07285808182011659,0.26633431598243984,0.5038159620098646,1.097327439253503,0.9313229799904785,0.07664184688843181,-0.04681840139234802,-0.2919732840140641,0.11438513287041617,-0.0501847075777103,0.15899883324221264,-0.03568509290628801,0.07739804408976626,0.8004654864874305,-0.43067951969875856,-0.5130037509981604,-0.13110663544748397,-0.21627340041034887,-0.05972238354739036,-0.13011175545282372,0.33945201011220716,0.8608191453870424,1.175796916980494,0.483842195052168,-0.41913418110238054,-0.07350862144873029,0.5677504220757476,0.17243140176194796,0.21546347893378004,0.1437463730390488,-1.2051425498398955,0.05113698377200468,-0.5991382248422311,0.9286930826019744,0.9749810541078361,-0.5446897007776661,0.5621947991435984,-0.1409359858188111,0.11881630924494965,0.4529008087836149,0.3829623088263469,-0.23144425562832538,-0.6031236172360479,0.22953019856984966,-0.7254541840270685,0.5232114245173567,0.0,SZMC
933,1,0,-0.6545381102426354,-0.7410059166610283,0,1,0,0,0,1,0,0.374880747513755,-0.027066995009767593,0.4627130416595707,0.6601830671585861,0.15027028856798846,-2.23247291098197,0.9705717221180266,0.22273493611796402,0.9011682798070674,0.8950884650928023,-0.3726405394259673,0.024402597800666368,0.5669379875437981,0.5164509100690358,-0.18520942563016818,0.01790973852119294,-0.6123153901558684,-0.23118503402092946,0.06372891764548996,0.9176061352029261,0.07208437575918772,-0.5201903582530568,0.1515530289787817,-0.24803762030098445,0.7122073899221457,0.2722386708832213,0.26367638507177005,-0.02355424847068593,0.7491313726384713,-0.40334938239414486,1.410642003843268,0.0349602427711026,-0.09577882350315393,-0.5289810498539986,0.9521481829208667,0.03948288841639395,-0.33685765662587414,0.32536462767438196,1.1524803658219684,0.6787527574941542,0.06997758589959514,0.6702356419865759,0.48144325317661696,0.284840685600776,1.4152378500088236,0.06184605677562896,0.8506804299380194,-0.8161356532117556,0.3213104157122739,1.6660560246013478,-1.1167136593560465,0.5228093136372871,1.8405392869071264,-1.0970288221132303,-0.4932567107451268,-0.37306396103399236,0.4718509973820924,-0.8565277358719853,1.0904609830063579,-0.3770059897825477,0.8232828057441257,0.3546867625979631,0.06042311279417966,-0.85603832243829,0.14848875670914402,-1024,0.7905468872505764,1.3526715890704872,-0.8915124158302127,-0.07107347196922074,0.598033509016198,0.10035529040659893,0.0017051012066094174,-1.316808874059917,0.8359144185454177,0.21014109554554802,-1.2872810577399112,0.12828948123624384,-0.180961196805765,1.039447741618257,0.517314985549726,-1.2783432582484417,0.04034884337508804,-1.4142754431733946,0.04212178739555624,0.7993417874091775,-0.3920030800617336,0.07664184688843181,-0.16371353543630587,-0.35080720840168206,0.2013828052260708,-0.7450382162772831,1.5891814354580238,0.34956832068088106,0.05515554117178427,-0.36286575007033617,0.42359156351842786,0.5476225902480847,-0.6502849536284804,-0.56182801639849,-0.7300345466035123,-0.055527964779408995,0.15200764859299767,-1.0216049652848354,-0.7804099082603695,0.8732363257187449,1.1640840076297068,0.2812113723186563,-0.6045894630310562,0.46768522523505546,-0.23727828181577662,-0.9443015490354492,1.154973028679029,0.030736857546875874,0.46232548091325154,0.35675507701483145,-0.6276071232108378,0.4206838795380863,1.8524531847046126,-0.922495301000852,-0.48429118854228875,-1.304694430295805,-0.0554832659811188,1.5658590759727018,-0.2832712416684838,-1.200322637298638,0.8134062557971592,0.5676374401921671,0.0,SZMC
935,1,0,0.06370806233183668,-0.08919169007990545,0,1,0,2,0,0,0,0.5960245014547446,0.3108731240643938,-0.3972863495140783,0.6782432269692759,0.29992828468084576,0.680238118528959,0.6934940991520651,0.9661043675939339,0.7034831620529131,0.7162048814940928,-0.6852603422784075,0.15504290347360677,0.3874895405539881,0.4379905517418103,1.0710909822800696,-0.46506551137181895,-0.5452603476712647,-0.2667616691160101,0.914878008630097,1.2402257592236967,0.07239672260877908,-0.03924203469208914,1.084591875238382,-0.7842728685755177,-0.27852255604295956,0.518035188377312,-0.1719747380175022,0.9262344238138547,0.8725964875313725,0.9921778198868815,-0.5285525279011196,-0.15176348709801613,-0.009283038281386137,-1.7172768742698186,-0.08663659446368213,0.1472493614548002,0.4067274629968377,0.8679045071894909,-0.11091227308690572,0.34535993385737895,0.6409223654979564,-0.9415461589852157,-0.4836564150365559,0.5452543865322336,-0.976396898055278,0.7873812042380266,-0.2648630935630964,0.35179058352980674,-0.45356585724357495,-0.17885184247495378,-1.6916157175811106,-0.31599888798858455,0.13128138525682623,-0.8716010105654924,-0.9319210841253153,-0.6133779344600959,-0.6629877466951517,-1.833419947859819,-0.40525245953946215,-0.8088737291117082,1.9649870764455384,-1.578659431626478,0.09829473215635467,-1.4705213008457851,-0.36422292243932947,-1024,0.6991233140194186,-0.6750107564692757,-0.22216288735904463,-0.5168129411877717,0.15275829696501173,0.06970137925187918,0.0017051012066094174,-1.5946652060212152,0.36366628797886313,-0.007337315147353155,-1.1674425357672986,-0.014046364204753988,-0.17379801092449995,-1.4877444696616196,-0.18608098091644484,-1.6649112640990054,0.060554714226882696,-1.8137648983410606,0.428270157280843,-0.353106965935716,-0.24294978082314475,0.07664184688843181,0.024431275276645553,-0.36063324430823607,-0.07408024942934528,-1.1935749409101115,0.12362542352085332,-0.9136655111408047,-0.3782546753414232,-0.8377783073619968,-0.2901070539323909,0.7258874455352348,0.8126124843215233,-1.9143819746164799,-1.21074014235888,-1.0240236929070874,0.14264647568482988,-0.24457418891510904,-1.1758095237461663,-0.7589338545407917,-0.604049782822883,0.2600407628402062,0.33942846489823797,-0.18244557740545728,1.9139280056126073,-1.164388888174326,-1.3031406938080148,0.06972149331324522,-2.02910884522293,0.15208189615914808,-0.9042373446145167,-0.09151020267694203,-0.37653002792351936,-1.5332005638077562,-1.772160345127736,-1.1440966172549742,0.6689521696095763,-1.028140894619122,-0.7444920567309781,-1.198696499799384,-0.7837159089561975,0.4107431115090147,1.0,SZMC
939,1,2,0.12857252529922772,0.27199739360533315,0,1,0,0,0,0,1,-0.7907225573232625,-1.0673459811716188,0.1691735332747619,-0.871167891471659,-1.178491172723936,0.02277478223867372,-0.8323794079811931,-0.6812973650057351,-0.5813996784207778,-0.6009291883592676,-1.8097579928258591,-0.48471698661490187,-1.2615411189697607,-0.9234273948257973,-0.46058759276196176,-1.868251116717992,-1.8351969663094596,-1.7226363570788648,-0.4757943625996322,0.047773749413859284,0.07298027042742651,-0.5838649539926096,-0.4632673902370955,-0.5139848280959112,0.4590321168271251,-0.8920771560397096,-0.26914131124069707,-0.46220002359442347,-0.6152364691379385,-0.5074944479517093,0.16724827807208248,-0.25926347489293755,-0.46507173189489137,-1.588346281932987,0.7988841073634537,-0.26271803344435724,-1.0627070291738667,-0.7009383900040433,0.5080045860254901,-0.353283289506111,-0.8576743774548149,-0.2535018059236667,0.09234757630664174,-1.0953511088111267,0.2821533814641615,-0.8310343894427387,-0.6656483426591935,-0.3859986431119886,-0.0272120144718634,0.4572025906219086,-1.4060708325668942,-0.06550750395847213,-0.3921728076802552,-1.6258937557023128,-1.1977245148040954,-0.054091001913268266,-0.5758377221311141,-2.162764500931634,-0.05699211332596485,-1.0118079222379792,-0.22436212248701792,-1.269472983358594,0.05927962024680001,-1.356599849942691,-1.9785634471278513,-1024,-1.0158007820266433,0.6266320121778901,-2.121601212092907,-0.18240295313165508,-0.611227911032473,-0.24840843313005503,0.0017051012066094174,-0.6473690367564163,0.7805087798476582,-1.3546610790619646,-0.16702233217532914,-0.7024226667519924,-0.15053833307254355,-1.3004704140905785,-0.2095920668815516,-1.6673562650004308,0.039573935151393264,-1.800148347279629,-1.3633060225091682,-0.3992857945015786,-0.8891835626926345,0.07664184688843181,-0.2593177325250352,-0.3643489658294365,0.05872062535787721,-2.203021997601219,-0.517178146994547,0.10997469624098993,-1.0239284101669959,-0.5936928381794966,-1.6956792652994856,-0.9377609424992438,-0.6531195060359676,-1.8868234159181214,-0.6933567831479064,-0.6154106960449476,-0.011222470229436501,-1.0375636129898909,-1.566965192337887,-0.32578746537219017,0.668595388826961,0.2565878291497625,-0.624194209678598,0.04854363472025239,0.3365393942750167,-1.2164829968886655,0.7897616387345752,0.03089478767515734,-0.5551053158385002,0.026590188879615395,-1.407416618298777,-1.188148172351394,-0.3080893372362198,-2.3958801887035306,-1.6216292025920314,-0.3262229891142178,0.11650006042189268,-1.3045770872477342,-1.5373841355439808,-0.39360550826745827,-1.3319769181480126,-1.1560499736341054,1.0,SZMC
941,1,1,-0.1377441699233625,-0.619151207919444,0,1,0,1,1,0,0,-1.108989319790426,-1.8747332866762416,-1.116580658341246,-0.5819377665397983,-1.4711798497013926,-0.14935857569586547,0.8331526421885718,-1.9428996591065197,-1.1628046396600955,1.2177304857921245,-1.4845483615283555,1.8252175804700892,0.030390642322758295,0.5456659463436588,-1.2802520545152747,-0.9710621969605965,-0.052443757881204464,0.6640253966719106,-1.3675541265979017,-2.0174905320612004,0.07310353874005647,-1.5625221670119427,-2.7658703826399864,-1.2838269300816796,-0.22281668979648772,-0.9530243723623056,0.33049436392575915,-2.6525851910043503,-0.13589423473820794,-1.3896539567286494,1.384039581564695,-1.0360831020106318,-0.7848168343117479,-0.25260879618825294,-0.5362408201472575,-0.18997147965840816,-1.5573311978517854,-1.5426078252577837,3.8324365450341773,-0.1746871771538789,-0.2379517427995062,3.8954816232528033,-0.46879430961860863,-0.6650855682936617,1.8038567423184029,-1.374340038379208,3.691982627373325,-1.3782941611672264,0.7424639626684252,0.7844266328587775,3.0511189458006736,3.876962861510628,0.6553845019721988,1.3431620740885273,-0.1294192330415913,4.5158682473171385,3.87345774954257,-0.2707007677361806,3.7273889699972185,-0.7726258564272841,-2.203408160315338,1.9370055361045329,-0.10507482108301255,2.472641958923673,-0.43119814017826796,-2048,-0.06901134772158427,1.3695383709754783,-1.1245493132836293,3.612918111682406,2.0748686403948873,-1.166257138830783,-1.3029809674039279,2.936229909179177,0.5550740856336437,-0.980667272964444,0.8786201011075812,-0.17371602950177797,-0.29238516569159384,3.6657788605878343,0.9281017657416514,2.166784188488401,0.10740794482196726,2.548455387020385,1.5798798379149073,3.229163915875444,-0.5526086460195948,0.14414012698599526,0.03181683265700279,3.5110438906813384,-0.03943079099564233,-0.4942422584075495,2.549155954653214,-0.8432030555279765,2.820532163437373,-1.1150481329108468,-0.12262420397504277,0.29906262424952024,-1.7251255982063058,0.17094010222707956,3.0582871771972187,3.4081487936724675,-0.1329828721611778,-0.30369664101324767,1.3832277937461528,0.19986930165069336,0.5091430940211871,-0.9308976028486777,-1.156131225169393,0.21703502899294294,-0.8970088465101819,0.9522323831811844,1.5082214725351477,0.07788405241220728,2.2944156157325533,3.394771336510882,0.787855673779385,0.019039118545106648,2.564513950342922,-0.6091264951304042,1.6517434373023518,2.1155750794269865,-0.9414447537375905,2.5908600187978807,0.7537085601333359,2.873392497878201,2.0931539940764154,-0.07851236178319178,1.0,SZMC
946,1,1,-0.5042445713868849,0.46100673198762143,0,1,0,2,1,0,1,1.5026913928976795,1.4975559682840294,0.3330566931248061,1.5079305324267787,1.4337297197608811,1.1011254403822706,1.1725099472861726,1.2105275082841502,1.6698670909527689,1.4248847766290067,0.07955686127621707,1.4044759982835961,1.2420075186369794,1.477188893178287,1.4417757686467343,0.1769367854971865,0.365179032249833,0.4683695485646593,1.5243038475892559,1.7276572108524733,0.07091856806284483,1.6498474172836353,0.7901699820389649,1.7486162505953502,-0.173788244407383,1.4068385981647018,-0.7220242634184154,1.2660113116446832,1.487008482713598,1.6965591412801626,-0.24088308824384855,0.3945772093745027,0.2770611929386685,-1.9569224530201763,0.1340171534202874,-0.12583202530661017,0.38352030465245124,1.5395043688478003,-0.16378338760007982,0.8998742301246471,1.5358994344601602,0.18713513471816892,0.03857263179733557,0.8365326627334325,-1.031553888472988,1.3051935347949186,-1.1137347560383546,0.7485195787219643,-1.0646601369335325,0.11638219099324024,-1.2646174205072525,0.17355702917594865,1.0205014556979015,-0.45434777151187844,-0.00010984785591854228,-0.18191051040388473,0.3738086518196583,-1.7891896283048672,-1.2970460222593019,-0.26335541603376544,1.4386681778337658,-1.423634495064078,0.06793156515691466,-1.4467768755634995,0.48856891872839425,-1024,1.4275468118191426,-0.7535243252472857,-0.2588742716857549,0.24506484868356598,0.8059565321843911,0.10035529040659893,0.0017051012066094174,-1.0628366861497365,-0.9717416050020051,0.44984864033672006,0.0809276100493246,0.020647738178792032,-0.15533390041397274,-1.3907432366580434,-0.7038160178406896,-1.203144934517062,0.07503933542932079,-0.9587571683846939,0.7623162940933124,0.3526040778070006,0.6554635470257785,0.07664184688843181,1.6806677841333246,-0.36318306644603465,0.05573066368547426,-1.2907252217115324,0.9665732755126271,-0.2510397491339683,0.4157710750861953,1.824087511670308,0.45673126988518914,1.2720202903922473,1.4466905823009801,-1.9970304666277896,-0.39936930008427757,-0.0005765917144650366,0.30583378132634875,0.3742533716678789,-0.18708788178583327,-0.18751540332285213,-0.32549281580299644,0.14031022983209857,0.8163402739653393,0.022171334007766264,2.5555742323089063,-0.6916226825365052,-1.1700028310480888,0.03774790633920485,-1.8642432350236349,0.569016399297216,-0.48549314955820405,0.4522703725070255,0.6998597522764777,-1.3826200821444368,-1.2335813758105167,-0.022553097796310588,0.7702347570592316,-0.45421278248338165,-0.1549634791599212,-0.3925475556422706,-0.9542897607176899,0.5676374401921671,0.0,SZMC
948,0,1,-0.22839825051750443,-0.1672989808494634,0,1,0,2,0,0,1,0.5024227332843104,0.31038372104413614,-0.10215957864437016,0.04092232707922771,-0.22552406836993552,0.6150771731394299,0.2123518918122075,0.9812599670074721,0.5755258762857041,0.2125830473805771,-1.019952077324875,0.2700063647057565,-0.03664901494531688,-0.006115567136816068,1.0051133310743132,-0.9645643467612964,-0.9409396293796058,-0.7887827674430208,0.921251491605954,1.0970037773455765,0.0718095491880513,1.071049953468503,0.5575065888734312,0.6987982946072321,-0.867845288143576,-0.301843049086416,-0.9311572412917445,0.8959597788617546,-0.05419428452029957,0.9905122839158,-1.3567737930326678,0.5613236456597016,0.6025885407103682,-1.8546880777543961,-0.7968527342251014,0.05273439639116749,0.2245688416172093,0.6142585329017616,0.10687390986346378,1.3800086654144526,0.4155012791798555,0.708893368773092,-0.3150159233258045,1.5168276498512392,-1.4571967802818004,0.5385728409402191,0.439777614987648,0.7443967186127236,-1.3065057635382582,-1.0913079644566783,-1.106222561792166,0.10272597088190245,1.078313682749981,-1.0430268280809571,0.03274161627625063,-0.2634829852387896,0.2806785295503675,-2.2504390487365806,-0.5294287672650246,-0.25229281965362815,0.912605061349313,-1.4769581831215959,0.19589012124565142,-1.4591092301178425,-0.9665488151469991,-1024,-0.5717939850479011,-1.6087283135599966,-0.4226797034658472,0.21911370820592688,1.41735734230218,0.09790391104218574,0.0017051012066094174,-1.326860432276822,-1.4030590347149008,0.47318368890378143,0.054616745269513975,0.6414974694374682,-0.17219958776173444,-0.8784977526017421,-0.5369653681380636,-1.0252433136854828,0.15325150438193796,-0.81458985961298,1.5949646701456817,0.759030815549471,1.122717983947993,0.07664184688843181,-0.24687953290718923,-0.36359925857862846,0.10317253796899899,-1.7125115324624374,1.0175510355518609,-0.28889099137662866,0.8780388139467988,0.6807025029495006,-0.8497251548830521,-0.3103473424236649,0.8310832357417953,-2.5532285081567947,-0.697442757477573,0.03670778716934228,0.31922897884306034,0.5182025302270475,-0.15421310562430662,0.06366477481121201,-1.3042027354925951,0.30346591286176916,1.8530468608092991,0.13754510374757156,2.179777779383254,-0.3687277854724128,-1.237696364500766,0.16944930905035616,-1.6441397717399113,0.2493468466336456,-0.4167386263271136,0.5852541910187687,0.33717628585274684,-1.9063245971516765,-0.29422909839792727,-0.057462257132079246,0.7767565449856805,0.09739915309061929,0.010135398018051274,-0.39317746463831166,-1.444933614806314,0.5550509048894504,1.0,SZMC
952,0,0,-0.4200149581492167,-0.18806827985105284,1,0,0,0,0,0,0,0.7445167241775825,0.36019146180401806,-0.04444780440746994,0.9374332232964798,0.4313282181721426,0.6261938444569092,0.884765171552221,0.7894266854716498,0.5738053585813382,1.2138821136422844,-0.5175889675317166,1.1729080286969993,0.46877251558586197,0.8659687709139363,0.7345805731537245,-0.15251046436135324,0.2897056087334597,0.7341446404008044,0.7322508850137817,0.5636840267508008,0.07230083250037844,-0.06468950263192196,-0.3204382607029664,-0.8125716769578035,0.16720698381945406,0.5986189937355326,-0.17727024778070846,0.25187591024789197,1.0738176153668813,0.9006993935455798,0.09518774814465515,-0.1511420367948242,0.0079960335244127,-1.499914201814872,0.46657010571392876,0.24508578531978364,-0.12149816642501639,0.8501657537708296,0.3293434493823969,-0.34159202255777255,0.9498790795876871,0.096742809498089,-0.09497750702541181,0.7934663939796086,-0.44033392829463325,0.9631623570315777,-0.11492649552131012,0.09261184342703582,-0.34556833462219516,0.3277725530762446,-1.106017673498187,0.912539068637091,2.2051642426467004,0.7861959175182682,0.23205023884698953,0.4767552603928627,0.4868723932873809,-1.4816628524224773,-0.22348412583118998,0.6078807704050917,0.3987965219218969,-0.5701729513026301,0.021222678848146197,-0.461639727992542,0.21726882623537827,-1024,1.0484428508536088,-0.04320246689733745,-0.9327724036971305,1.1447763174846655,-0.1946371156980066,0.10035529040659893,0.0017051012066094174,-0.09835385713670132,0.6390452086586129,-0.007337315147353155,0.79705823109128,0.061040599205182254,-0.17455328567015818,0.1596798812190973,0.23194099997338696,-0.05766662884207497,0.04885488110261004,-0.747781403624469,0.6939582391726292,0.337206350559196,-0.44635233333758334,0.07664184688843181,1.6622091176648461,-0.3147145683915223,0.007772863579789715,-1.3138928316554084,1.9648184754864046,-0.3525257610186334,0.6470546242076948,-0.8184293133364069,0.3413055223396267,0.8871755620150875,0.6090104748258857,-1.551180798105295,0.16742972253977106,0.2463030508087804,0.15943603789224461,-0.3158168914560248,-0.030014271232971994,-0.38186887989478097,0.08856204535225545,0.27027909798236643,-0.17849753539261368,-0.09688520460711182,1.502767442952183,-0.7132337451994464,-0.5326982267014038,0.011176882466105978,-1.0822133599024741,0.7870387865783658,0.4071423900062673,0.573757173751166,0.5073322011686265,-1.2772673719327352,-1.181016712972245,0.6008302053103824,0.5465341974027456,0.377399774108795,0.18009643483205653,0.22987147044588152,0.003580444764210639,0.5676374401921671,1.0,SZMC
955,0,1,-0.03843899995035122,-0.5350885681736501,1,0,0,2,0,0,0,0.05681234795971468,-0.6298853007183334,-0.03948741785709722,-0.25816108407286253,-1.113947276459766,-2.23247291098197,0.7289804634670117,0.12208094825094146,0.7276059324731863,0.8283971459397824,-1.0654425929697713,0.40615739820699814,-0.05841004407740816,0.14479645168796873,0.48866244119205016,-0.5037976993300374,-0.5833946942972693,0.07210344210680412,0.1861017517595542,0.24654835708419925,0.07168858272515209,-0.07437589338277038,0.07936390569131614,-0.22570175604649384,-0.22524669056448987,-1.067937720978283,-0.038959807461328724,-0.13965277195766748,-0.27694677876287693,-0.22063781937987156,-0.7249255314219339,0.3892053688209852,0.5088059924552845,-0.6356350895802121,-0.25602839362064417,0.49933846352315936,0.3730278540925508,0.17380228117587285,1.4411085272196396,0.6999386530464782,0.059914615637434346,0.7379975200900402,-0.06223489884348134,0.3735402847230379,-0.8819932227614797,0.19281053437011014,2.137241753534519,0.09481649969267013,-0.12689676319645923,-0.6215410675709779,-0.12263099586337407,0.6282618815593767,0.38084061853112733,0.12398284169090797,-0.048778215710795214,0.3735798917210759,0.210874438283558,-0.5921551837456877,1.8010742603734966,0.35205110286828273,0.2527301076441522,-0.2791467327254979,0.1581502936541981,0.04191182036799976,-0.2358702862225966,-1024,-0.5539374233586667,-0.681246038878283,-0.05119369313066942,0.09329790094629489,0.5179292360441511,0.10035529040659893,0.0017051012066094174,-0.06180229203216803,-0.8021516323335635,0.43737272210926736,-0.11852330334354406,0.6994899054128259,-0.22421753108828676,0.8479194173191367,0.46581098665375825,0.10526205158783063,0.08530977338093865,-0.5282992123613893,0.11778053121819076,0.5678518355089314,0.7254020514933681,0.07664184688843181,0.01437707299448767,-0.2965769079006525,0.10547262816936362,-0.0616261691495477,0.19119407814685002,-0.235879900660578,0.07703095978562746,-0.3418667934077477,-0.3281205310973595,0.21640887482772603,-0.5009248198667423,-0.4243919982907769,-0.3966863395622352,0.11178840561633242,0.29432143058315063,-0.1587990320040629,-0.3446173894101785,0.1098160067850027,-0.453220805400579,0.29137972350253616,0.9009070238036454,0.16943688821966832,0.29482129390233824,-0.4263702606488804,-1.0615006023092401,0.14778652177285387,-0.14192843247841597,0.5433418001734962,0.07835287691045208,0.5401730088139124,0.2812125938218009,-0.26583873824027104,0.13504648310799677,-0.27382088543294064,0.4207490184423937,0.6702767544708629,0.01106309771744747,-0.3964023632309791,-0.04531343445696456,0.5676374401921671,1.0,SZMC
956,1,2,1.3630450862123582,-0.38732937379915894,1,0,0,0,1,0,1,-1.2329371217927383,-1.711537950770546,-0.1219218633610996,-1.2059247370685233,-1.7414667733270919,-2.23247291098197,-0.9603874083615861,-1.100988389470979,-0.9630111028503174,-1.2895405908457989,-1.7529519334320356,-1.5337162912232762,-1.642141772624554,-1.8787249766813388,-1.538018258854539,-1.604963661555594,-2.5426817364810446,-2.297035642481963,-0.9910391937668834,-0.4137431800096575,0.07474885624958842,-1.6436517278440177,0.013454213003629024,-1.4682271027368794,-0.3657816025714685,-1.4360642068185239,0.013578609813641392,-0.6604798932896798,-0.9503048166343386,-1.0616717219200218,-0.7615724260523613,-1.7061056629049383,-1.3659150469646366,-0.6066462410988255,-0.03750958909775659,-0.9157526089195323,-2.141374320937705,-1.196665501121941,-0.29394801590499214,-1.0076028963386066,-1.6642388639978585,0.1819096100829603,-0.5234596254911071,-1.1554184623099628,-0.012168121115412836,-1.3753764762557463,-0.4955495099651489,-2.4155509783623295,0.3165267409153269,-0.4604906156415687,-0.860819213162738,-1.1147861854437031,-0.7928820513871496,-1.8194507867932055,-1.3485434742909377,-0.521611634734581,-0.5106353791944098,-1.2777100607608576,0.16281219346824996,-1.5852618431077208,0.17405207747695295,-0.5576120301836895,0.271599334024571,-1.4154790268120518,-1.8026189166097117,-1024,-1.338030916784213,0.42292071131134296,-2.2573848471604294,-1.1009549411476744,-1.267861318871481,-0.22703747747771974,0.0017051012066094174,-1.2996512402376723,-0.5391541432960762,-1.8978338200113314,-1.3072026937152494,-1.380812191000001,-0.12674895454076113,-0.5156880015895938,-0.5164674496784759,-2.3486651534822913,0.03601511238035971,-1.890146869280627,-1.1217887266733295,-0.9536123295506671,-2.247976721346519,0.07675480546309033,-1.9171957885203899,-0.3433747082528177,-0.12132985517339966,-1.7789933976187615,-0.9233164679449322,0.42425637035066216,-0.5400691929373971,-1.0002849188214367,-1.8097213660145592,-1.704489814572935,-1.1844170086174377,-1.001615024080502,-1.232661417120803,-0.04341895311306078,-0.8414669051004746,-2.6411101774976027,-1.651534711545079,-0.8037047627866478,0.2187074721934215,0.2812113723186563,-0.897143960619165,-0.24394344724493597,-0.8094123724449108,-2.1181350808405655,0.8521756655426957,0.23476400021932936,-0.5356255324227587,-1.7510502319076044,-1.9922830972213437,-1.0635702837777352,-1.0200586363174193,-1.734588076472584,-2.4084159703901435,-1.3092796048198725,-0.5329815543747225,-0.775021279517591,-1.6710951404820618,-1.2136435244280463,0.007199662581011379,-1.0494293157351826,0.0,SZMC
961,1,1,0.1679002183231999,0.46239027123860377,1,0,0,2,0,0,1,0.7176856962461488,0.5359093952449604,0.13096863695802993,0.45237529499255064,0.19157982403844445,0.7530752282217497,0.5475586289136807,0.8078099415697227,0.9379723798808973,0.696025321188921,-0.5816453837202414,0.5682356034058303,0.3468383452147015,0.5239191761800833,0.9126113715736605,-0.4492340561240307,-0.45474897375904355,-0.2684686555230907,0.9025051757393856,1.3081392049505527,0.07148343937605539,1.2038686134448597,0.41019131161038586,1.4634013942568855,-0.6532332138650208,-0.011892599714199231,-0.7024597550932704,0.7862443677344392,0.2342511630301448,0.8579005886406895,-0.5763142446460752,0.6510375191389332,0.5053794251115354,-1.4881429654199487,-0.6432202660268136,-0.29080294887754865,0.3626018328260598,0.7251865936358431,0.4854283594668609,1.3665962627983521,0.5914384432347907,0.5006267873426806,0.2080166759164732,0.9247750653048359,-1.157097502028202,0.6649372567943698,0.5416079331106403,0.6791365186364423,-0.9355160114269169,-0.27567354934840277,-1.1374634972697117,0.5477256745856787,0.9874195926552392,-1.038829818214105,-0.018235890056372616,-0.01758058824793302,0.2869869179283977,-1.6747731989554986,-0.12350738792053018,0.5404517920019929,0.7281189079861139,-1.6699416084269918,0.12144358828588944,-1.1509051409485291,-0.3071629337832869,-1024,-0.20735583583131564,-1.0203600689054202,-0.30924360314480054,0.37979667734983674,1.3552472589045321,-0.030466588738999083,0.0017051012066094174,-1.10316683581036,-1.6146255802307348,0.5781720096298206,0.026103017007572497,0.3906666725780871,-0.18436962104271926,-0.2883671053020337,-0.7337906227788497,-0.9759942297916722,0.12593097337842896,-1.1273953962019536,0.8382929220741447,0.7535788117638421,1.2825738374575624,0.07664184688843181,0.5166673647884387,-0.3637504564441286,0.15145210436208406,-1.4680733404268982,0.8872082284040193,0.05108133322151114,0.39057446327277334,1.4819002980847218,-0.44678290257046804,0.08681952080241269,0.6166469921139408,-1.940482055531633,-0.3986942244617179,-0.12453394454631521,0.4141989548307591,0.47793657434806347,-0.19925357133280544,0.42270484004670206,-0.8689832670870297,-0.10438862645504307,1.5507367795253542,0.2845611524461028,1.8520889598071766,-0.1871348657343633,-1.1422538738834325,0.09751641987802644,-1.3981937695303246,1.4581855198723748,0.338423717979098,-0.3564511299359296,0.8622011175616522,-1.2890446025731834,-0.3725188496075125,-0.09992843341698403,0.7040667343341014,0.40457078612680286,-0.8038148304203541,-0.39258000822277067,-1.49367653668216,-0.09450836559057237,1.0,SZMC
962,0,0,0.4927561482542203,1.1783646261823157,0,0,1,0,0,0,0,1.0334587446451537,0.7163600018378776,-0.30860939493801287,1.2369286739358105,0.8010130037353871,0.6151395932917001,2.098294673999316,0.28500966642851067,0.539580516076495,1.4779106456827342,1.6785774932531297,1.3786055282879752,1.9262782600650825,1.2146344906380828,-0.7414687787443812,2.371526248556782,1.738143941632938,2.230245320146978,0.6543902909115583,-0.0999694956167959,0.07214800819347393,-1.155851797831982,-0.07679328917732453,-0.8145507012309086,-0.07011897815961671,0.5113180633955586,0.4959092460326692,0.060504091744750785,0.9260723187525377,0.5310477534148574,0.10904990348988512,0.39834144869885946,0.7017603737277692,1.6571024204279146,-0.4073340041948566,1.1041901816577397,-0.2556162477458945,0.877423651652343,0.25289232169459724,-0.7287436863013679,1.2627915226062274,-0.2926265213748135,-0.12099343206971128,-0.8977846219863221,-0.04656682685042363,0.9819673562858652,2.4258646039341043,-0.458133461437581,0.5611859350808139,-0.4707859568465026,1.1495734379505396,0.899735010085109,0.883367097844752,2.2396584085866684,-0.1379232957289183,0.1620183018413345,0.3235082181161507,1.7558508261831591,1.8958505890637953,0.0028207994722977696,-0.21816716543375722,1.7340967508368468,0.08815344520601338,1.6187380829120126,1.9921958621973317,-1024,1.4989800642693552,-0.26813933242173266,0.9037890340928618,0.4884390819131594,-0.2554588218390291,0.10035529040659893,0.0017051012066094174,1.1977692604586179,-0.2873625357425149,0.5145244161151588,1.7479679992513388,1.2423905939369857,1.7083967377097193,3.6247285466578116,1.7832567978429927,1.9872485429428655,0.09738740240054734,1.5261141497311883,-0.6915443849937196,0.49448005806076545,0.7914139578335154,0.07664184688843181,2.1156887674465485,0.5681311025074562,0.2000670719339302,1.437004816799631,0.6632312131407557,-0.02807805973685164,-0.016032686821278404,-1.0108073396050596,2.1819899514207948,1.6580957182021498,1.023411979412037,1.523316142703214,1.3484239666506237,0.3085240988607846,0.3218736741689021,0.4297127499734208,0.4190896820182878,-0.16126792442086585,-0.18112803928339957,0.29919835834930514,0.45823658255990635,0.34326906167117655,-0.9113978814120992,2.095118970910589,-0.11684971064967914,0.14578924349967384,1.9119823968548366,0.6584924558351305,0.7972830601741422,0.5164798616703611,-0.009102566317645555,1.6388601071044566,2.0078859331418433,1.5030876710082959,0.3405713884840777,3.090494751547994,1.2177078667969612,1.4795420519115217,1.1060150741025812,0.5676374401921671,1.0,SZMC
969,0,2,-0.2530738062429409,0.09184710979487706,1,0,0,2,0,0,0,0.9471837868956697,0.5348951789610241,0.06832954773577851,0.692353645674188,0.136370184599392,0.8282977022739224,0.5539898908575033,1.336951561831177,1.04863300266461,0.48106014658192364,-1.0138723219774868,0.5084835531542639,0.04165129301406543,0.02085399761122063,1.2891894023689079,-0.6951344905514529,-0.7411672086274717,-0.33107072895790846,1.2866918400400262,1.435334337625498,0.07154146385921252,1.3664874689783526,1.1136009577912938,0.8100980182391349,-0.8131720090104378,0.1716590488375942,-1.1977575894726236,1.2423015908560566,0.6919410236988317,1.4559814063295564,-0.5558412580494716,0.5068950894508979,0.572934984775409,-2.199760935073345,-0.573567506310014,-0.013134679530691997,0.03150990607445619,1.0601824574757963,-0.6429300970618992,1.1981171793556558,0.9482110624338009,-0.6322325981557384,-0.3945676933497204,1.1145196442843321,-1.3430611619816395,0.9885310214832462,-0.3536128770415426,1.0273721330171,-1.6711257353008677,-0.21344271798821268,-1.7165891025100923,-0.00460138770041527,-0.009388726941699479,-0.9110328726548063,-0.9967475401473799,-0.5582278944616338,-0.20118580973190012,-2.138098696542087,-1.1665621613015194,-0.8699564916928866,2.141251209612164,-2.026614471036532,0.14640454775086995,-1.5371763957784388,-0.808007731943812,-1024,0.16987605825952062,-1.3158043615808237,-0.6236831183075275,-0.24708059737631421,1.2375576666623656,0.10035529040659893,0.0017051012066094174,-1.462505029558621,-1.4345337388173787,0.4033799580664711,-1.207315432650663,0.5639552644595655,-0.1640132481358448,-1.3585221869833415,-0.7468248875060495,-1.3854610074845148,0.13881301838184526,-1.51929784697726,1.1636862072238412,0.5018290136047076,1.0085589176698007,0.07664184688843181,0.4763803695500731,-0.3661294289811405,0.08618078910695685,-2.037962638632935,0.009580582643480119,-0.40168670983415283,0.4120369101029059,0.8400112605360683,-0.23819189212780537,0.37626233413179416,1.1293061163881843,-2.9305054363510967,-1.2039943103173898,-0.6497590516813803,0.2733921804521423,0.8817185184594714,-1.2931619594399355,0.1260385619832125,-1.0837278958904428,-0.07995994097942324,1.7830210498103058,0.10545488676978469,2.830038971790363,-0.4621942573994364,-1.3414680720340397,0.11652765062210658,-2.012952443118799,0.39263824418150467,-1.0914907168894736,0.48416707064725567,-0.09909952599530152,-1.7267417541123131,-0.4738885017111963,-1.1761741636370253,0.776135253531018,-0.30725487907571747,-0.07236091386888828,-1.1984164416917276,-1.7171785675582436,0.5676374401921671,1.0,SZMC
971,0,1,-0.18485846777540432,0.4132619727460137,0,1,0,2,1,0,0,-1.3248476489396956,-1.5059216297880278,-0.7571466841182157,-1.317203202071893,-1.4810554696363136,-0.18000332221869117,-0.9374533998333963,-0.9943141218549646,-1.039991237430011,-0.6044438820629053,-1.4817695263055883,-0.37472223456600906,-1.2251051759701874,-0.7932716474446597,-0.8047144347127583,-1.6140780243672004,-1.0563092921158985,-1.0113314728133997,-1.0441220597357896,-0.94497763906523,0.07346192577674954,-1.1513521386915202,-1.1257063961393863,-1.2702830259166278,-0.30052166381878137,-1.2727828738250655,-0.4973470744516278,-0.994663494056479,-1.1318385374841866,-1.2889417359149251,-0.3676228393073808,-0.9179672432000562,-0.9255516667788869,-0.5555135102838277,-0.09363387159611322,-0.40976214080189255,-0.773454425565414,-1.1277791322568615,0.7971212254808308,-0.5386255031698529,-1.1417906042240005,0.8611447974990852,-0.5850169769487668,-0.26306065066159023,0.08722993979092675,-1.3827104301048323,0.4511583284706671,0.33302608776945086,-0.06669580315313171,-0.694728078359905,0.5578507180892637,0.23350087989615215,0.33179192540432073,-0.059344928404149934,0.1888200180437058,0.7338494501316805,0.26072806709402335,-1.0470703838088282,1.098965623794848,-0.4618752155422887,-1.2894529007220161,-0.5919200489739792,0.0871141752593812,0.19977658889648775,-1.3983077689253507,-1024,-1.5404305311399416,0.09027936515160859,-1.5657409694573903,0.43463317590440026,-0.6050016958305351,-0.6429292647553884,0.0017051012066094174,0.6372680626563604,0.5392017985442262,-1.4058990134918559,0.541633041979482,-0.9240250016737316,-0.11353937502896268,-0.5760786329217781,-0.16234171004010683,-0.1991646260932069,0.040302056966086186,0.40725621025215747,-0.510867443666082,-0.14252861480764653,-1.4714173233374819,0.07664184688843181,-0.7865160602073347,-0.06369829411458247,-0.21677182106320467,-1.46132515501709,0.20881341726158306,-0.35970011285421244,-0.15254346617824038,-1.0985856710863027,-2.128109714116949,-1.142249950452232,-0.9501865710869377,-0.7768615561676101,0.197987158276658,0.5136250896884023,-0.013721075445623385,-0.4224861887222764,-0.04869252723105723,-1.0242513593500855,-0.30157506054252264,-0.3386842930589519,-0.7779389598961121,-0.2886819056103158,-0.55894555023839,-0.9197940186794282,0.5672001117360991,0.10946252868102582,-0.29225232274888163,-0.3355009946433103,-0.6865585348425642,-1.6259140126520413,0.006077104701149201,-1.4123546227327222,-0.9908659172787448,0.2941920967768024,0.09596235789628042,-1.0569553302462087,-1.5660756821785422,0.23816984865006854,-1.4998700182781162,-2.9583731135427387,1.0,SZMC
974,0,1,0.7009547433678059,0.662462707245646,0,1,0,2,0,0,0,1.6463680661547793,1.0959056610428377,-0.2880657583698367,1.4127349539810603,0.6546284367836537,1.2885654918804959,1.4932099413094317,1.8083576874959488,2.105776728993373,1.4461876237135212,-0.10385302656788024,1.4123892091779842,0.894145085116132,0.8890719967289292,1.558562586043232,0.5611043936090968,0.5775069967301111,1.253413519263397,1.9894365905023514,1.696444477621207,0.07215120061824824,0.40186526032851116,1.133345644468272,-0.6771535318670427,-0.3314439531063587,0.5927942516476816,-0.2705458645722565,1.5769566943441424,1.3062908803652176,2.1568903550440104,-1.8501062666538604,0.03641699812715836,0.24407920937353006,-1.885413276339294,0.01761240286108485,0.3967207373833299,0.24349388895016785,1.8282999167038456,-0.6799278027574138,0.891441117740228,1.8051792975476433,-0.2966278055460535,-0.5913200671233675,1.639145483273567,-1.6708473264328474,2.1562628328028666,-0.8012054311292419,0.30633391528409365,-0.6185443818150925,-1.3941137296031156,-1.054278613835522,-0.09109834224606779,1.493361163724065,0.37655358365559366,0.5340638304810726,-0.35800234057066227,0.5359911301237601,-1.0316246154597772,-1.6336657916130326,0.39482922652764224,1.7021281456310757,-1.784953251837979,0.21248982133070335,-1.2021021794127915,1.1439051488489966,-1024,1.1689332951777176,-2.0340677487581487,-0.3045704448732563,0.46911327420557397,0.7816944335269991,0.10035529040659893,0.0017051012066094174,-0.4766838583923209,0.40520515260579576,0.1948121304249255,0.01826095957762866,0.4471037098291653,-0.15105945250733105,0.4764456728730456,0.20573004828690375,-0.49286847727487904,0.1016491951471392,-0.3315077414571938,1.6998916722229729,0.3628865417666919,0.12391336325884623,0.07664184688843181,1.5268843899317988,-0.365179766489027,-0.0043406283310091975,-0.5234837876829906,1.3619861350467244,-0.833625423779175,1.3840811488174363,-0.7634242871834246,1.3552626452582366,0.9842791239850854,1.4895210644312515,-1.2494944666577343,-0.38635067704040565,0.21990234685424356,0.18543674173528532,-0.028557300832624696,0.38446125994433067,-1.5665465162065955,-0.7940589191437825,0.31540125083840637,1.4199995661589169,-0.10412586898032998,2.2125304156266585,-0.6666826336389995,-1.204799665804035,0.17495007872463977,-1.7545106848805256,0.09128200409149559,0.20893826658971265,0.8292440846696789,0.33423230419125366,-0.5148176189076695,-0.7065585479902875,-0.07167346437931844,0.8237764587724526,1.31157041032008,0.2707679015614148,-0.3926820413419171,-1.355071512076,0.5676374401921671,1.0,SZMC
976,0,0,-0.49849859703960125,-0.52755412304469,1,0,0,2,0,0,0,-0.13979612051802007,-0.1183058029883973,-0.6767123801174869,-0.7693577787792472,-0.7451189587305868,-2.23247291098197,-0.2977465570233022,0.062308174116474116,0.6943022616372372,-0.10902640014600216,-0.40062868875391433,0.5590198562125623,-0.3041868844019483,-0.08835535940897596,0.4513595351382577,-0.5016149508947542,0.29885905797184564,0.29139198047289244,0.30702094822948084,-0.3615539615754529,0.07243469441623557,-0.7480945998006092,-0.5142713233241981,-0.8396777256648271,-0.6274650900289891,-0.738284981723268,-0.0031289137932212336,0.21687878156551182,-0.7665304172039125,0.6173100398234586,-1.8891622146524356,0.222978309796081,0.4598724673101555,-0.5700696913744887,-0.7488030428477376,0.8352721314882559,-0.05433252876798974,0.0702555690656818,-0.3837967267005855,-0.36137972885484315,0.20898391769070376,0.6546341949529602,-0.7245903380914084,-0.08849845921010044,-1.570453731668197,0.5220058152778299,0.0106798479292444,0.33410529637886094,-0.1072287712826734,-2.129141266615988,0.7594609265426558,-0.002050697175011544,0.8839452648821503,1.2272517657297097,0.6060475349227775,0.38570968119690713,0.5718890685650332,-0.3379156110978936,-0.6096286837248527,0.9266878840706502,-0.5410411201580334,-1.6149431060180086,0.21002881712375268,0.4376027736407882,-0.14787141795454,-3024,-1.0177167749556228,-2.152456199887961,-0.3967190565820096,0.6521556294896815,-0.5673492454360485,-0.19918368211446494,0.0017051012066094174,0.8888011538813845,-0.2570080611038987,0.2872927895514396,1.1265910419410612,0.7572274529501755,-0.15477944457315332,-0.0637165401753887,0.9520231698021409,0.7898616660318861,0.14006848501681615,0.8257241805981398,-0.13279416987260875,-0.3342990959387169,0.5228239783917613,0.07664184688843181,1.0300340507639618,0.19840698911358376,0.029867739350366913,-0.21234323816415177,0.6697277893862058,-0.8251687767190358,0.2671552977193154,-0.983103509344748,-0.5421572067967191,-0.17684902222020238,0.08870488837911122,-0.4509858266087657,0.6555902672216374,0.38394544308482764,0.23080545949877943,0.2555412968774457,0.5349607063948271,-1.5461205697641316,-1.3491855361413345,-1.7156442578078117,1.616695641575589,-0.08255821800036993,0.3457229871802677,0.05826499664418931,-1.3684709518361537,0.20352451916171846,-0.9155146406659005,0.2818483033637287,0.7658492089472745,-1.253055602044396,0.6084169269648906,0.01919445399081292,0.1386645862669926,0.8655002354168003,0.5563112220259353,0.22120490091266173,-1.1041820742060078,0.7356833357875774,-1.4111857447170442,-0.9206630743602335,1.0,SZMC
981,1,2,0.030331123446757303,-0.734393977867617,0,1,0,0,0,0,0,1.1203472878725378,1.3777160254670697,-0.11995341816316019,1.0313228893783066,1.2976164751931365,0.8850477243008841,0.5954954741928431,1.3391570309150072,1.162439146462205,0.7669858031574266,0.676577374916724,1.1506012511876413,0.9452725491400252,1.066763161085304,1.6787720771719425,0.5739229010281723,1.015658785480446,0.8809050786508696,1.2971098116555104,0.7491063024749881,0.07180829229281654,1.2623568491213892,0.4011255853976075,0.5195231503502015,-0.7348298300335933,1.3134503932466817,-0.6777003064167988,1.2776476725242163,1.0742632235108311,1.598854858573057,-0.5259231510462078,0.376866911729847,0.5216543709502125,-0.8200350275673468,-0.6240208937805339,0.2813636247578593,1.927817094522838,1.2802431057938561,-0.5214144197295351,1.1285608589619462,1.2873370197441316,-0.18462272499457566,-0.6708588250892883,1.0398910433167716,-1.2632543640230154,0.9668013904427725,-0.8362010268908368,1.4236659980049586,-1.2167369848252447,-0.3848568994144358,-0.20569837851979836,0.20901541465234122,1.932595159189606,1.1920745388146938,1.5181347102719018,0.045769507521988856,0.30115245428052945,-0.23656803598568849,-1.6999860233782886,1.238665117472519,0.2580281684111825,-0.9062881209147046,0.1259395718717466,-0.4040852511952102,0.9288172238772917,-1024,0.9132844672531053,-1.2934564630731613,2.0146757958781154,0.8543480431524029,1.1145836481728164,0.10035529040659893,0.0017051012066094174,0.007252756145156004,-1.1318809943539292,0.3188803008919989,1.9597850313871756,0.4968330400756174,-0.1926066694260975,-0.9627728542453284,-0.4019685472875581,0.2789081874846274,0.11979594797732405,0.6821997469182551,1.0325634629852594,0.4998833505477099,0.7410666489783294,0.07664184688843181,1.3040289331989998,-0.17698798663208515,0.029867739350366913,1.067780388160723,1.747578689533609,-0.6766684450289595,0.4100979074861815,0.5395175791326663,0.5400968502962192,0.8989115158433079,1.3306048732222695,-0.1656859660986459,0.9162449947058485,-0.37192344990358384,0.2260515027938041,1.6647201425548135,1.464915495263585,-0.2624648339808518,-1.142224492386581,0.05798116755722171,1.480188278742629,-0.019668187225359235,1.2891345531899843,0.2761258137775829,-1.3781343203823473,0.11216736999460208,-1.6286057936374454,0.9719150440393217,1.122034316414004,1.1871827542872468,0.9493892374073809,0.6756582768812893,0.09472974954805342,1.7121582400251831,0.7458254543781868,0.23925367040394777,1.0380214981593208,1.1264393624248563,-1.0064672270989845,0.5676374401921671,1.0,SZMC
993,1,0,-0.3554910576376477,2.1629726364930533,0,1,0,0,0,0,0,1.1844876545800325,0.5702564910182194,0.011690429722311662,1.0394875850822898,0.22464556403215086,0.8920152550825637,1.5017552353310717,0.7958422752894633,1.1894846750524062,1.85936873258601,-0.9025151687178548,1.9811838818117116,0.8498807082175769,1.2958423428662675,1.1412732750613126,-0.3325568092219143,0.2280984472493606,0.9216562990702089,1.1979745886274682,0.6004577163517203,0.07166327009084768,0.06017653437890262,-0.4021906431398939,-0.40624280474231184,-0.5996685775466917,0.0903129383086945,-0.2819283564230872,0.4390209956354014,0.853982233698367,1.4376422360122145,-0.6771171154048132,0.5730285858806834,0.7840247723966827,-2.0849351002546754,-0.6167563145864876,0.8010483636720314,-0.05823411388182694,1.1905154133704832,1.2745510849124344,0.5113111148268257,1.6233090817748332,0.9407061186136447,-0.4562804471582244,0.3813207712130355,-1.2016580843007334,1.4263659776770339,0.9882614539941156,0.1728774382538101,-0.6325923718070358,-0.4130166723200032,-0.8102562507366443,1.899387568561919,1.6983985984399812,1.6231081885345509,-0.03402602145808348,1.075650091835981,1.6548974330139012,-1.8977229573203385,0.4102866267502853,0.09935421342085396,0.9759647024996035,-0.9458320472171038,0.1384962679302077,-0.809023543891644,0.20633721046775969,-1024,0.6499553535878698,-1.0161844004012153,-0.9162532177495264,1.5485033982483296,0.9564299446113137,0.10035529040659893,0.0017051012066094174,0.2609762907095582,-1.238455515287457,0.528519793810297,-0.027912064701461334,1.155750589069012,-0.15944360387929254,0.4224250369930325,0.9662115313850793,-0.38315082887270324,0.13192425109117567,-0.357750648554111,0.7942166297990048,1.5919961132294538,1.1342719593829504,0.07664184688843181,1.9351615306055818,-0.30718585645275964,0.15320018743586103,-1.425060982255651,1.6267366130592924,-0.09522824006517054,1.4546801178633326,-0.5976057318897161,0.15397271518719352,0.8104198464871405,1.0168950679430873,-1.9493264433496564,-0.05593441879598041,1.2404091384475622,0.3721765029116407,0.20848469326290386,-0.3267820731200205,-0.34783597285824913,-0.8291442649246699,0.21260383424095725,1.622035903361316,0.22359899103173878,2.1936565908959396,0.24685092616651858,-1.2136053687400574,0.11883324780537445,-0.513308291259624,1.8944654114056776,-0.20686885425930424,0.14522615004968922,1.948101659219679,-1.6054540986427273,0.2798928658168482,-0.14818714209856135,0.7709589662634454,0.668455142989799,-0.09206712866425568,-0.38864809075893375,-0.039002271568430245,0.5676374401921671,1.0,SZMC
995,0,2,-0.22839825051750443,-0.5860776018372735,0,0,1,2,0,0,0,0.5241604663996109,-0.1611062145003467,0.10645790002853943,0.6774504978867599,-0.1912605592922557,0.5965034542015546,1.2309318842679797,0.29934814564993445,0.5283837319501457,1.0228003349976893,-0.8051650109046183,0.5720831929807108,0.48884983998089787,0.3348465822365532,0.4156818583992812,-0.17513306046834248,-0.6479123164519374,0.02412042892316745,0.4213853889371151,0.8525161381837547,0.07180647257946499,0.0013367459357380511,0.3490952922985633,-0.5540564174956422,0.29318593309076413,-0.003981559041876933,-0.22276017265276576,0.255166329614744,0.8052417966736822,0.0951348387820094,-0.11127022759327615,-0.010621886161434894,-0.07846281811715368,-1.2183440722772634,0.48700617435309906,0.06318888993395595,-0.2144635685075039,0.60736504185413,0.7469978708581093,0.6210555242693541,0.47274564713033795,0.4695921382607797,0.11852486356756978,0.08828921917345896,-0.22510300616102896,0.4515861354467311,1.2336007658965815,-0.05785722321398883,-0.08452055598273642,0.17533116449054575,-1.0464680721779238,0.5584919591434152,0.5404426360049293,-0.5164848494157576,-0.5484657237973675,-0.16615425290586353,0.1279121409822638,-1.4211251670529343,1.3499546843574772,-0.4386892981046986,1.7266440763830921,-1.1452281120999461,0.0482629029281998,-0.9366021586050799,0.1929750498026531,-1024,0.9126581419508965,0.16553428408147522,-1.1079693578734642,-0.12178004421875986,0.5345853537528316,-0.23546283751722438,0.0017051012066094174,-0.9174995846049832,0.70559844631802,0.21014109554554802,-1.223771049368779,-0.36676179425311056,-0.1802215627323011,0.5211273649205713,-0.1500787664632384,-1.2101660879781524,0.046320837278922666,-1.3525658503663143,-0.14932283100849705,0.7047028012980925,-0.2937164243892242,0.07664184688843181,0.6646733889439513,-0.3570413075753556,0.026363248496552073,-1.3750839633087517,0.4013390101604046,-0.18629002379590714,-0.08805681876215089,-0.6509794673797281,0.48396233350893314,0.655147549008514,0.04213045045967003,-1.2888471680187317,-1.215212888233188,-0.006516461980340156,0.18700060173167316,-0.6131841179340204,-0.8586518760536213,-0.24077841574024778,0.25453824456584595,0.18184938885107227,-0.2830418763988889,-0.021582919872403298,1.0381349488172076,-0.9674869220442115,-0.025402745415768,0.02495151694069081,-0.6613655254795938,0.5270497000801107,-0.7270145984331152,-1.0629065321015736,0.32910120176550783,-1.3421268838445803,-1.1571482327490807,-1.2225539686327869,0.3753594826202816,0.39235012640678246,-1.3768973555748736,-1.1995142594554815,-1.3939914310558927,-1.0943863801057114,1.0,SZMC
1002,0,1,-0.09642131449761207,-0.9805442120440361,1,0,0,2,0,0,0,0.04339764122021301,-0.08916331777208929,4.417583877373433,-1.4656340940674724,-1.652192110922509,-2.23247291098197,-0.9717733925925227,-0.9534292074546108,-0.8608515714102113,-1.4409666584739271,-0.8651853140347061,-1.7344401246458392,-1.2860091219532235,-1.728929276426302,-1.4318803236980822,-0.8709809929389144,-1.232853397844844,-1.1833773243348942,0.45349505530387413,-0.40015322204781106,0.01889188778249388,-0.8090972826559897,0.0809314459455855,-0.13478837129901342,3.8456162144285915,-3.19249860865176,3.865296937184873,-0.5912251817664804,-3.022539905014409,-1.1332990966354024,0.9305916053013772,3.127873736127001,3.7407616524639713,0.7568962160638334,3.6265157702568627,4.153022953472896,-1.3918284893853279,-1.1149962155965836,-0.46135528262245695,-0.9993901466704425,-1.5282146202832338,-0.1354920721249052,4.231220821806913,-0.9190532963879591,0.855363151350022,-1.2877065598950879,0.8186922809516962,-0.9043939166608197,3.2901214153103,1.236449751378736,0.17555264947763347,-1.1495996065531786,-0.8690187154905208,-1.1660900574240733,-0.6776624967681532,-0.6298899216907712,-0.8531968541984065,0.4612852334420525,1.0382250818515104,-0.4463938304223912,-0.39759310061970443,0.7144149577592197,0.000606216453347498,0.0012969026197955603,-1.0303542302171256,-8192,-2.3259741326794896,1.020152827349543,-0.9829251383621112,-1.067074841093679,-1.4177036608870481,4.631913729091553,4.621517361346077,-0.45778811049211277,1.8047050779376983,2.7458191747062486,-1.575027386769147,3.4721183558820234,0.651269318711755,0.19895184400436966,3.9146319930289835,-0.38106728479415586,-0.5355787550199539,-0.26834876733792273,-1.2586443953078033,-1.356893675610612,1.8856846479682068,-0.5431574711657005,-2.043501299127057,-0.3623176869580003,1.4360650528925585,-0.5052167087573711,-1.0220705574437379,4.601855447944989,-1.0400892325713842,-1.0675661509371583,-1.6067110749896851,-3.2004989188239015,-0.9095959229158548,0.29256203771817574,-0.6959128776330823,-0.5127990577860558,0.3521095775111395,-0.36039726408780953,-0.8151450001721626,4.046855551795778,2.9823928659014713,0.38063719332760393,0.01656836550063516,0.6118650500096202,-0.904482646665516,0.35698979258079383,0.6398679074583481,-0.039766187027943704,1.4353296893868381,-1.299812964867434,-0.590229945314034,0.2499178480808356,-1.0116782659461145,0.03490902531317114,0.7905457647263887,-1.5127454683673713,0.16815756210176316,-0.16048677510857037,0.0754536122460579,-1.193899991074839,0.8651100123307545,2.805110884455029,1.0,SZMC
1005,1,1,-0.07837071463447888,0.3161032636562473,0,1,0,2,0,0,0,0.7599800413980348,-0.05111770138649086,-0.14248837993801733,0.9819355565204391,-0.05204366577676507,0.388173750536628,1.6466627005027823,-0.17014674026573962,0.02250386448735154,2.0345855533109654,-1.5221738340697673,2.697511356084973,0.7870270460366637,1.2923504873098972,0.7644320123279331,-0.8692438548398602,0.05961426505020709,0.9197781812122492,0.46197864913249337,-0.28325243308329767,0.07321216543331763,-1.415837934082889,-1.936625500395349,-1.1223565591827938,0.37059159639587075,0.073059800118316,0.6449446333429928,-0.8411924725106594,1.0380530568028317,0.8370855264104262,0.23920935606043373,-0.4310866680846438,-0.04360604608108516,-2.378602288668096,0.3538242199933684,0.5002250890552177,-0.5339741150367796,0.5049944739782907,2.112779338069691,0.21783830811697957,1.4783978399008926,2.4667846021870763,0.1848270403627843,0.20620248379629152,-0.047961491435322155,0.7275790446899048,1.6623431655697,-0.5892691244533819,0.866747256055773,0.19897515995819695,-0.08833916985068767,2.6619276403087913,0.8591817107445605,2.031375813164859,-0.27500890248425963,3.129515418955716,3.0009080956317926,-2.100755181626534,1.4014554439075748,-0.2190342357663326,-0.25204015671840135,0.8087604235678657,0.058300779017604325,-0.24401755345943626,-0.020011362953283842,-1024,1.330291455398372,0.36267637267563363,-1.4454340509522028,3.051517779005835,1.5367714503143683,0.10035529040659893,0.0017051012066094174,1.5218388703985004,0.7125289914592551,-1.231421916607855,0.909093403970972,0.37513029189014135,-0.1620812631052159,1.7652171035780402,1.1778559378176428,0.20049911706795753,0.0484847465044334,0.3811417581960201,1.59234459461167,2.5350340386008012,-0.7309593731707006,0.07664184688843181,1.8481457182844316,0.9587656736333836,0.13096080510805844,-1.5740389739456082,2.016599949258243,-0.048518106570819085,2.6563229668158916,-1.089758808359899,1.2260828661092489,1.0208216857340762,0.1791521825533866,-1.878296128668208,1.1947314613933877,2.7798888161362627,0.0748400100829108,-0.18236635496723663,-0.3580090901729111,0.1362856299450789,0.45645023818724156,0.09656564475941563,-0.290076819336797,0.05770987833069173,1.7345059833073275,0.42760825057513174,-0.431159236010097,0.10286208576826474,0.8304951922863842,1.9404260864666252,-0.4132432205323032,0.9079013438049666,2.2712591208930566,-2.1178265255440865,0.6751582782977109,0.8339755825349684,0.45488523876672443,1.4996918838684534,1.0940643012062552,1.1509374697490156,1.085835241241074,0.5676374401921671,1.0,SZMC
1008,0,1,-0.2333050142724587,-0.494990310594239,1,0,0,1,0,0,0,1.0981272717017498,0.47136472223825215,0.38525232602004433,1.0904294582289737,0.2658855638639419,1.0099412594201789,1.446440378870071,1.0158946116275318,1.6513994671050014,1.193842654790168,-0.7227759963760574,0.9190127547072948,0.7757072222322353,0.5568575045956183,1.1977313637056837,-0.11209214103362021,-0.41905551692006243,0.2375816164356285,1.1515377650471552,1.628445684354629,0.07083989307688836,1.3636921722671034,0.7414394291796681,1.6003088204004943,-0.08685269044847048,0.2980055175814045,-0.7027562904817983,0.9276776150329877,1.0701831157037496,0.9661351283281716,0.0018228386913246757,0.45385400793856245,0.23353681183944613,-1.7345330121171794,0.10155202723067963,-0.21825790297583017,0.5694488284793595,1.123273437471095,0.17153039110676904,0.7140072200394207,1.0281961702265383,0.15372767812605148,0.19604643681070702,0.9353002603105949,-0.7351512646422108,1.0392592268553116,1.0549690193761596,0.7689682308990289,-0.9060791145426731,0.29077473054270764,-1.2401846576987445,0.23320863565089536,0.5932871925387222,-0.9814601529808618,-0.02219264289640031,-0.3298539766639569,0.3223894484202342,-1.574893962931311,0.7067467419704515,-0.320804883723052,1.0735903765478143,-1.5742121115185224,0.0438598146471014,-1.2986687095677552,0.24198199354015051,-1024,1.0048298103265259,-0.38633112748934156,-0.019671038899840863,-0.09176480573337853,0.5436344365875676,0.0019369278137998875,0.0017051012066094174,-0.9295175873434264,-0.9501329070633941,0.4841314897281263,0.07820464153499915,-0.050180431646971946,-0.16856048904651502,-0.45758480770911947,-0.7202791696381818,-1.1948706464340568,0.06849231633286361,-1.1158437940980868,0.8544520535535987,0.1694521228029057,0.7202623505010072,0.07664184688843181,1.192150829889584,-0.3629845400278203,0.0936621719022667,-0.9605186762860976,0.5425898353324738,-0.10809947386629577,0.3798940973990461,1.652067578495206,-0.17413433264736933,0.794285730482576,1.1288644002145982,-1.6095082547461639,-0.40101987475974155,-0.11205824381319826,0.33220790035125153,0.43091670329029247,-0.2413050360773381,0.09407739876052802,-0.22035222791431747,0.33856591655779106,0.5694181196129079,0.11348423830061023,1.94840690473487,-0.5120912557482309,-1.1040118166251642,0.024194218450729325,-1.512504056753415,0.6933615266332389,-0.5840138628092816,-0.2514092765450848,0.9426873526859152,-1.2332698352678537,-0.97363858651269,-0.02286148046453713,0.7366987770686384,0.043965999875699754,-0.7099145023039751,-0.39294231031569027,-1.2930634690960532,0.06770437663086111,1.0,SZMC
1019,0,2,-0.7520216097678192,-0.1857937411505793,0,0,0,0,1,0,1,0.10545368640689157,-0.8942665822554376,0.2056360384471852,-0.002342928977325316,-1.2444394619753096,0.4952655400468346,0.9618237200841744,-0.22966337300825926,0.4871078096804987,0.9449050954598195,-1.3729821290312059,1.081627656260724,-0.2002171108787259,-0.07667183811138144,0.07721955671704889,-0.5228378583850617,-0.20819469250148834,0.7921977784311641,0.17411416779307962,-0.45223526521445084,0.07148003162860471,-1.1321816317012634,-0.7972433162090242,-0.8453666194118159,0.2782241198689566,-1.0932035945495895,0.2858102904626035,-0.6896509241808821,0.0571906881408576,0.27547754768728255,0.2931373282822808,0.24004120556807892,0.4667152695420896,-0.975742072100777,0.3012375772523509,0.8429825115475047,-0.7582583691070081,0.05285850442734419,1.3127128206778569,-0.5649906532750097,0.4955514502849893,1.3708548665856615,0.1681097298479381,-0.38485687520149586,-0.20405787792056584,0.08482439761001792,2.1071997002097893,-0.5448931881252163,0.30120802104971267,0.42844036046942546,0.29200126162346074,1.539388337788956,0.4037633186372806,1.3037127442627476,-0.14650866975289123,1.1841483039480272,1.4239319811899187,-0.8590768296505379,1.835707525531749,-0.5104641280857903,-0.23291130096733703,0.24077470340284673,0.01364496172531905,0.7889044866685646,0.03093693797895782,-1024,-0.1659478091147091,0.22648230935932218,-0.9811098468596425,1.0969177766283245,0.2254034895368546,0.09790391104218574,0.0017051012066094174,0.9981832164096084,0.6438858524786809,0.417498158698788,0.38113669379763876,0.8362359263271868,-0.18796749501930932,1.6583279622676599,1.3186786796611405,0.7683947180327727,0.05713529759929853,0.3159800561066858,0.14802801143329147,1.082954000996235,0.2889549717937946,0.07664184688843181,0.7754767983919014,0.2525273617677243,0.16333181539731462,-0.5797307239993076,0.5124891322314244,-0.021029993356551327,0.9658418480914442,-1.0025858070825735,-0.6450467186919526,-0.05792335824001594,-0.11234214705419365,-0.4749733479135522,0.23422083615946288,1.2628063299726626,0.3016957011339133,-0.22838183296646597,-0.13108246561355977,0.28970997363789086,0.2922957052819229,0.44583927869304796,0.1184066378660765,0.22912101644666888,0.04455600669093304,0.23250673682523915,-0.6046939453936288,0.029465102728801613,0.6914688469154896,1.4676366537859444,-0.2049186697964437,0.4516394018665184,1.3798912465393958,-0.7170040146930611,0.516455869889384,0.18858500745639709,0.46703511760318983,1.4320979308859887,0.35286607371572254,0.2567153849058075,0.5534297492035749,0.5550509048894504,0.0,SZMC
1021,1,1,-0.5274231238702503,-0.7463895608412858,0,1,0,2,0,0,0,2.061091980917041,1.041806540809446,-0.3053378657772009,1.9528324191727628,0.5981447541789228,1.282422789529146,2.4516751818576945,1.7806861028062775,2.053873781825428,1.9761449824928023,-0.9869789587514537,1.7723191140370094,1.3582087401876757,0.9290414363538329,1.9583311799314729,0.0535285902007512,-0.3975561297943482,0.7034981306088635,2.1108844527789676,2.167666669133632,0.0721095465837279,1.8877588588551322,1.4077489375410905,0.4915403723644491,-1.2977553759139417,0.5254398589459823,-1.026527591601006,1.7758234305698397,1.7959481418086989,2.327141525226155,-1.3420794982774034,0.49963580825607395,0.635845637705456,-2.892299690157105,-1.1435790966156896,0.2053599675295998,0.08790806441900945,2.146504904631172,-0.1286066784241668,1.4080467065837292,2.1465312343694105,0.36576568313171576,-0.9955871875394043,1.261817039292643,-1.6423667087279943,2.5096878881889713,1.3860969270686927,0.5954093721313125,-1.6593998620072767,-1.0672422390818126,-1.5680271899701617,0.2944057349501539,1.1750477540810904,-0.27415560687153606,-0.3502608980702202,-0.3456608341386595,0.5300186985599106,-2.4934494214402445,0.15847120636944126,-0.7601940309246888,3.0782987272129296,-1.8637287295596716,0.18936569256891175,-1.6397019255519139,0.548843512027189,-1024,1.838534342797191,-2.0770964673251613,-0.5702601905735486,0.20535833606518286,1.4699501769559522,0.024814049187534572,-0.07603503912245754,-1.4309218923453182,-1.4145320530409862,0.4003936339099039,-1.0980355688986108,0.5863768497801778,-0.15658263682599974,0.4215080711599388,-0.6132432691117743,-1.402616209490517,0.2628843390677213,-1.3351800516279169,1.3000032219304023,0.7611609384260115,1.1068266405202518,0.08135527457329808,1.629966655113429,-0.36259162583224996,0.060401383325990675,-2.0183137583683775,1.2088958485555792,-0.5698201195585101,0.7687557083217896,0.46068728202718257,0.7157277055165067,1.8288261715428455,2.39090704487581,-3.0678078175208623,-1.2081551370515051,-0.056718444322175376,0.28008814024874545,0.34865270259873465,-0.48648405066732225,-0.6215468182413312,-1.6991658611959366,0.39009667174962986,2.152221800689761,0.07429951901647665,3.825507937150135,-0.539101755552986,-1.3161701495053817,0.1615515911269207,-2.5781879669211922,0.8416842928241024,-0.9551714779643179,0.5535063086077425,1.0455169965979159,-2.086044454070136,-1.0328250718896341,-1.053511807532835,0.9232063863362439,1.1038755325796428,-0.08968964748999267,-1.1982789661842643,-1.526814655387329,0.5298851199267572,1.0,SZMC
1028,1,0,-0.2984055997713439,-0.5775168566803419,1,0,0,0,0,0,1,0.2693190538999044,0.9097170638769357,0.05866163197629459,0.6514309400528575,1.436162096772461,0.42922031748540806,0.1330890040077418,0.3012552861067765,0.14260867339918576,0.38675222751587446,1.4792716656164664,0.26536986047767935,0.9645875583751132,1.1189751795426772,-0.003448510752911677,1.0575320141165485,1.3674909952966208,0.8295041657203988,-0.03791515500082513,0.00439544045584406,0.07191292719223688,0.1648077652221927,0.06794526567274739,-0.3381496710403436,0.364881972527194,1.3409007030639049,0.2790026532267863,0.1455319705536341,0.6189561396674104,-0.05969819049108277,0.5291168395012846,-0.00534377944319199,-0.15579777530266395,0.9320251256510523,0.4167831260636459,-0.01334916347599914,0.3463988378449159,0.31856939813477814,0.011114019584656434,0.20461037930903384,0.30576896549178545,-0.17017018694699965,0.18388436358744714,0.547391530996395,0.6820610757290042,0.23073363973300903,-0.8427171812939163,0.38407809245570323,0.24653029720002184,0.2175501820079957,0.5117054265033856,0.011139813150794011,0.24998950684770796,0.8398384046870078,0.9434019396569107,-0.2886323087420321,-0.010524218084713937,1.0966109264250092,-0.42527832972544655,0.7700383613454227,-0.05575051475979937,0.8531280447695957,-0.002884890640434855,0.8000735583532134,0.9550922694701833,-1024,0.9062616062742059,0.45545291149260797,0.3256320105851723,-0.0593841173374268,-0.03712181948701987,0.02094234507775726,0.0017051012066094174,0.31843104111837184,0.7346286330525423,0.17855358420498868,0.5339352735159552,-0.4901810661877829,0.5381124555009859,-0.37788962616109284,-0.22034240239272565,0.9953127387099469,0.04193625339269786,0.6792928083932819,0.3760759017118354,-0.010474675220901243,-0.3929921177912202,0.07664184688843181,0.7291644118876494,-0.19898068762597523,0.02279107595480475,0.5180690400471056,0.07853042196102196,-0.0984759150707659,0.3738660667924741,-0.4136649299595362,0.9146605560122419,0.8092134566337629,0.003915106010290977,0.7975472390413701,0.1802095492625422,0.2977259973884125,0.08488519120923725,0.2775627822225323,0.8053191882362268,-0.05486830883833537,0.3741879219795726,-0.08144999769683696,-0.7385542289318331,0.006207820126628423,-0.6310180179890729,0.4610691131531081,0.8458182826568361,0.029747060114624743,0.7195453253745685,0.024539971410127974,0.6048939232172962,-0.2505453991271758,-0.15079164388008534,0.9338548746794303,0.4657028571782305,0.35349537799421044,0.028207327111336663,-0.6913747180973117,0.20418174586405982,0.23373756393669406,0.6632029097486183,0.16339109519325956,1.0,SZMC
1029,1,1,-0.3397327273170021,-0.11599644929286847,1,0,0,2,0,0,0,0.2693190538999044,0.9097170638769357,0.05866163197629459,0.6514309400528575,1.436162096772461,0.42922031748540806,0.1330890040077418,0.3012552861067765,0.14260867339918576,0.38675222751587446,1.4792716656164664,0.26536986047767935,0.9645875583751132,1.1189751795426772,-0.003448510752911677,1.0575320141165485,1.3674909952966208,0.8295041657203988,-0.03791515500082513,0.00439544045584406,0.07191292719223688,0.1648077652221927,0.06794526567274739,-0.3381496710403436,0.364881972527194,1.3409007030639049,0.2790026532267863,0.1455319705536341,0.6189561396674104,-0.05969819049108277,0.5291168395012846,-0.00534377944319199,-0.15579777530266395,0.9320251256510523,0.4167831260636459,-0.01334916347599914,0.3463988378449159,0.31856939813477814,0.011114019584656434,0.20461037930903384,0.30576896549178545,-0.17017018694699965,0.18388436358744714,0.547391530996395,0.6820610757290042,0.23073363973300903,-0.8427171812939163,0.38407809245570323,0.24653029720002184,0.2175501820079957,0.5117054265033856,0.011139813150794011,0.24998950684770796,0.8398384046870078,0.9434019396569107,-0.2886323087420321,-0.010524218084713937,1.0966109264250092,-0.42527832972544655,0.7700383613454227,-0.05575051475979937,0.8531280447695957,-0.002884890640434855,0.8000735583532134,0.9550922694701833,-1024,0.9062616062742059,0.45545291149260797,0.3256320105851723,-0.0593841173374268,-0.03712181948701987,0.02094234507775726,0.0017051012066094174,0.31843104111837184,0.7346286330525423,0.17855358420498868,0.5339352735159552,-0.4901810661877829,0.5381124555009859,-0.37788962616109284,-0.22034240239272565,0.9953127387099469,0.04193625339269786,0.6792928083932819,0.3760759017118354,-0.010474675220901243,-0.3929921177912202,0.07664184688843181,0.7291644118876494,-0.19898068762597523,0.02279107595480475,0.5180690400471056,0.07853042196102196,-0.0984759150707659,0.3738660667924741,-0.4136649299595362,0.9146605560122419,0.8092134566337629,0.003915106010290977,0.7975472390413701,0.1802095492625422,0.2977259973884125,0.08488519120923725,0.2775627822225323,0.8053191882362268,-0.05486830883833537,0.3741879219795726,-0.08144999769683696,-0.7385542289318331,0.006207820126628423,-0.6310180179890729,0.4610691131531081,0.8458182826568361,0.029747060114624743,0.7195453253745685,0.024539971410127974,0.6048939232172962,-0.2505453991271758,-0.15079164388008534,0.9338548746794303,0.4657028571782305,0.35349537799421044,0.028207327111336663,-0.6913747180973117,0.20418174586405982,0.23373756393669406,0.6632029097486183,0.16339109519325956,0.0,SZMC
1033,0,1,-0.431009194175384,-0.027416393457698213,1,0,0,0,1,0,0,-0.42928266854186586,-0.2918850619091529,-0.21756705554581393,-0.07775218333124194,0.11633037314956138,0.12029307001960449,-0.7243691688972721,-1.1767665493341124,-0.4547807600508405,-0.43629233345050084,-0.36739981578234526,-0.16572429129068467,-0.624358370851794,-0.3035245300701994,-1.557444409490882,-0.6034441880584919,-0.1665233846941443,-0.33768621760494066,-0.7686231780945312,-0.5161131546096179,0.07476748518317554,-1.700986056357749,-0.4679435624765611,-1.5862285603853086,-0.8115464377434612,0.3399041120561935,-0.40312584112691296,-0.7148948084686441,0.1582835812983007,-0.28613259571072036,-0.5713533018653604,-2.2812523168157317,-1.6911764228140607,-0.16083137831910072,-0.42755210796510634,-1.33044744882614,-1.446209756792474,-0.5241205209453037,0.04800510695963113,-1.2998964498990384,-0.46521643504839955,0.15519289896321667,-0.8091235649510494,-1.613083175732172,-0.16685627081688958,-0.3995836895458187,-1.7652560317378516,-2.2107186094462654,-0.24424977855075422,-0.19266991124204577,0.18831927261623363,-0.07708489293428612,-0.7631205252656768,0.26170729549182803,-1.051787783056394,0.10982647372108514,-0.171810378834936,-0.07018195251599241,-1.154610908621535,-0.9492622055875521,-0.5064402837737733,-0.7680032458011974,0.3139062902503218,0.1680896864820581,-0.29031350966841046,-1024,0.10169653882752551,0.3786577884551064,-0.8401523551351604,-0.17936926774146478,-1.1987741729197785,-0.20207189033646,0.0017051012066094174,0.5072976558479023,-0.9559747380139426,-1.96211021540525,-0.5448792584426472,-1.7431260832175224,-0.1326840730455559,-0.5951295802590096,-0.885745573301901,-0.009947473410433769,0.032829617667781655,-0.26417799560357386,-1.4970076892429807,-0.5843117799607581,-2.5805448705157437,0.07664184688843181,0.1506039706782156,-0.15804604013400547,-0.34559322008990906,-0.1971330727563935,-0.8429961280288236,0.5847606257599404,-0.7824268028217676,-0.7940878777624982,-0.152529023351974,-0.10822495202757436,-1.136653120673715,0.2594962645696014,-0.05444438259320874,-0.04019954222077689,-1.232436921725741,-2.4289352765268584,-1.0738726796487774,-1.0819063459486409,-0.11957509238835211,0.14979218822305027,-1.0154959817625695,-0.44958422746836696,-0.9119413574325383,-2.016048927535949,0.638087248771892,0.27393540547933,-0.4244958707044245,-0.29450441516400133,-0.9594014973294991,-1.0281286668069358,-0.37908883611793504,-0.3287284518691159,-2.0930664512765396,-0.6471234749245336,-1.0828506023360656,-1.029494522248799,-1.3024581492042657,-0.37769101861305937,-0.16499149071847943,-0.9345430499907649,1.0,SZMC
1034,1,0,1.0106630012475337,-0.25235109160771835,1,0,0,1,0,1,1,-0.5256440079902341,-0.36669528365277887,-0.4804878961403658,-1.2184544872667389,-1.0077178899501638,0.2104270740583687,-1.0936170489152501,-0.1216362765516254,-0.14738424198059794,-0.5864986633868422,-0.5845439139454266,-0.5068046638411207,-1.0129468435083715,-0.4392544332870618,0.08423352807571731,-0.8871474726927195,-0.2927147997040244,-0.4991464752466025,0.002542548214681775,0.05827307108561505,0.07224194224600497,-0.6331088172919999,-0.23572972661907837,-0.5355866837441658,-0.8550990396509276,-1.219956268021531,-0.34322861489479395,-0.21774770991321546,-1.4232669235687234,-0.018630247018037237,-1.9076504831489833,0.5194807951216664,0.7602133790293011,-0.3312648388916176,-0.9547845675438081,0.8583474021181515,0.20542379341806769,-0.34433077123307587,-0.2845389190074232,-0.9470797214933953,-0.498383079599558,-0.38429896649684986,-0.7265934788380016,-0.1452430308645502,-1.4367031108218693,-0.033721479923288895,-0.7345652934705384,-0.19084040793984292,-0.5812079908832962,-1.8484289369971294,-0.23987376762055143,-0.37245412234503916,0.7165539162757235,-0.7681813259888166,0.30273473987347693,-0.05612558839953323,-0.7416883448392874,-0.3866259677948659,-1.0671144799522947,-0.8390661105666134,-0.5134870919670915,-0.5760128183762143,0.2402474762966464,-0.37714714602780486,-0.6552102799999923,-1024,-0.9735984943708583,-1.8031974164607583,0.09849726449198569,0.24096482269850478,-1.0584285377231608,0.09851688982155861,0.0017051012066094174,-0.2968258491027478,-1.1851974583350215,0.47318368890378143,0.5145995991656039,1.1937955788636014,-0.19930313388796272,-0.5383780231437205,1.0374041582427487,-0.4109941005506675,0.16479077954412988,-0.42952353294819307,-0.49071435902478494,-0.7333886640709344,1.0928017178052531,0.0768680381570161,-0.6131558765293574,-0.32794353164075274,0.12492700151119214,0.2628189551296454,0.47762678464308833,-0.32011711454868264,-0.7160536718229049,-0.7328323374055111,-0.17680712866464515,-0.8225029277217036,-0.710435608107542,-0.022239519262943777,-0.06285440139517594,-0.6228320503932777,0.3173731558080451,-0.21849878294201605,0.07339539908980304,-0.943754499132655,-1.3198494598878183,0.03022813372221243,1.7864406811669349,0.2055230472116946,-0.3949877240738801,-0.3482663617759833,-1.1375416534180944,0.2094351780661535,0.019753327857241564,-0.3786308652527356,-0.9694935098271609,1.1796475065533845,-0.6486875023941819,-0.1924961320939727,0.5712114139535168,0.3030820606564261,0.1488674814153797,-0.48700636982322115,0.47432635110602017,0.2317284663516469,-0.5037189205908242,0.5676374401921671,1.0,SZMC
1035,1,0,-0.45880744087266917,-0.37048369477004245,0,1,0,0,0,0,0,-0.036827228330427016,0.18776924679156584,0.16983884900071514,-0.2850410462922542,-0.009140301359238854,0.31020689893652775,-0.2569319251053194,0.07393359646321199,-0.06524644136574893,-0.046868274524751355,0.20522514430475952,0.056946298633822674,-0.0009415794350939329,0.1992740242289413,0.13725954552623365,-0.004588240423689476,0.24096802376372073,0.029217467959256536,-0.022326297506777806,-0.0657044655417882,0.07135693854449632,-0.15308601642755174,-0.1661915261280268,-0.007342144403834701,-0.10928503967328887,-0.1393759972626351,-0.02017289697413766,0.046154768255679476,-0.396538375105345,0.03359988012910396,0.03275398638283302,0.5299766913461625,0.5883594129157234,0.17788799995593896,-0.24807565382844893,0.5010833707710939,0.2120641688780728,0.007624351095642623,0.17240827261211922,0.45952803402211256,-0.06554701980958827,0.17877332432748888,0.14427328059940356,0.21688878241365098,-0.4603055701097223,0.17577988421621082,-0.01690931895592487,0.14438475107409884,-0.18663947795062627,-0.030815286011850348,0.11388485565922735,0.27275412648597774,0.23586030348028114,0.2700411118770597,0.3412399419503872,-0.21902480026650867,0.39009862138540785,0.2275596853308948,-0.16851625651943017,1.2752636405113664,-0.32922332911049484,-0.3339585161786029,0.05287329902401273,0.3164672248186603,0.014302171205792073,-1024,-0.2959150098648508,-0.292611423755888,0.03308514587584452,-0.04104698396964305,0.2823423727710005,0.06836218448001262,0.0017051012066094174,0.1786963468634308,-1.071924724210826,0.5374600842976999,0.5821472771341547,0.8022857058549911,0.0010006930431758975,0.12462132704175122,0.5921006567458038,0.4579654852083276,0.07472160311388773,0.21156851304793062,0.07026655541956167,0.33709529652006065,0.9082731484360214,0.07664184688843181,0.349636354995348,-0.29053154902527323,0.1649638349672262,0.19598588723638213,0.05561092009446449,0.04561240952056234,0.24609794661006457,-0.13322043202692493,0.24080442460883453,-0.07167513099153053,0.011179953234592577,0.1647468866342949,0.17398788169081486,0.16746661176835573,0.37355236852987295,0.1071742028044049,0.14802644453524766,0.4083398963120925,-0.278432846726286,0.22400842990577657,0.5543054352018553,0.3194213415165095,-0.33389027283719797,0.15662277337337108,-0.9138227530787743,0.07099265211309916,0.0201495449116437,0.5097045796237022,1.085989917632558,0.1234511087427612,1.0996032494898904,0.3418817761440319,0.24241901467526417,0.39202032866543307,0.28830764188758956,0.06966347804493084,-0.09917297876184784,0.2299676424015545,0.17134672676450008,0.4039133469553954,0.0,SZMC
1037,0,0,1.3638930552298554,0.36280233714060356,0,0,1,2,0,0,0,-0.6919300080325084,-0.69724861593325,-2.463378311264502,-0.1299905723129147,-0.09757119986057605,0.4884266623315122,-0.0794992481847599,0.999887350520594,0.3780168283500667,-0.2970592865919847,0.13934986635764057,-0.25655160709350633,-0.05513375015408731,-0.29504818294506263,0.23261351967813565,0.13378171041879286,-0.19267960985334162,-0.23415470763116109,-0.2923584491286652,0.5451216444488447,0.07311012056391557,0.5448641316524337,0.2988585262536191,0.3507475455481954,-1.8560234237657056,0.777619041919504,-1.95426008476129,0.47293275296950515,0.7420585147879307,0.13500617745289845,-1.1745951546004154,-1.4416970689046076,-2.0119114052268383,-0.15774709408228602,-1.8082629194883229,-2.1001919756673457,0.2835780587960052,0.19037293946673967,-0.7003248042815696,0.7800040087289593,-0.007611776412359343,-0.1871977135393278,-2.252004985015259,2.331628371886405,-0.7683820051619985,0.06478312088839146,-0.4094206014582464,0.7286621497698423,-1.6184704627961681,-1.2363251165639697,-0.6929230680729086,-0.28725965841811113,0.9266143626270855,-0.6572817551124084,-0.3239653608149108,-0.5980553924071496,0.13033626822433586,-0.1767748774933803,-0.28397379594128,0.5009855953015337,0.27230565004965285,-0.5482381686682564,0.14760965302554976,-0.6844372319848837,0.09769205281268614,-1024,0.37869168523078917,-0.7624921956817031,-0.209886728206548,0.002325150231012567,0.6470414015971894,-2.613418013945004,-2.5754922290243405,-0.39101681391236154,-0.026810704893294797,-0.1304743687256697,-0.10850963670638168,-2.170029077274208,-0.08819477305450807,-0.03891520300595588,-2.1984703407228015,-0.39036720045481804,0.1660345725556292,-0.5018936547654025,2.525495293032262,0.3286413145462064,-0.20223115638956246,0.19289422420563035,-0.39011779078713704,-0.364766333976068,-0.4512152278042152,-0.38919458488168435,0.7571296222554865,-2.898996555610703,2.1776959714301527,0.8137450489832599,-0.487317963665258,0.6293139929347236,0.4867776474141311,-0.3045307625206306,-0.3867271922599697,0.9468766016528614,0.21138024802149863,0.2996010530458043,-0.5828194001811166,-2.6125342295072036,-1.689350159916422,0.008224538236814401,0.10209478176306018,-0.1293190137830134,0.09207620886155335,-0.623436478550253,-0.5655106873027532,0.14513884718778977,-0.8925693842866657,-0.9325987213299233,0.30570637704712567,-0.40145963797533574,2.32631086816479,-0.3499786827039072,-0.8425937288452034,-0.21634113680127254,0.38503295711044483,0.0884400377051649,-0.6486106075025929,-0.3912337680484094,-0.9433055941388927,-1.676059607398866,1.0,SZMC
1047,0,0,0.24022369172953556,-0.5079755945785696,0,1,0,0,0,1,0,-0.2511897100420913,-0.15413244514097874,-0.02398554735275661,-0.6841681826414637,-0.5587787885223137,0.28519136911003273,-0.3797488291938726,0.041598297093344457,-0.07892758857747571,-0.17830324564224276,-0.28564075334391154,-0.0814356596873536,-0.293309755123855,-0.07474607820886454,0.23493992774419345,-0.4542744427172795,-0.07195157739078643,-0.18714741145423225,-0.16907055980893354,-0.28302962323599107,0.0716482719392482,0.7925050649973774,-0.3944741230515396,1.367148512643901,-0.17723841153385772,-0.8222033050249754,-0.03858713261385585,0.017324657393880147,-0.9421578706308116,-0.21050413996442957,-0.9149941560877382,0.5525152245090837,0.16098836217215223,-0.11279489594443651,-0.49231419772547197,-0.31386545774204544,0.7044343947150465,-0.2139941537705622,0.2706224268169957,0.9726331289163126,-0.3185358757503406,0.21112197396841909,0.33418375616105356,0.6406027634661758,-0.7691600843712137,-0.50265937056894,0.20705999868303213,0.8443927101683336,-0.13956839939772012,-1.0481449910606018,0.38459187566273967,0.12413185879075538,0.7631005361507308,0.3405646648294654,0.7676251855140762,0.039310231383117365,-0.05443809785094105,-0.1206202250533185,0.27848329499231894,0.946956752470534,-0.8128005221481189,-0.7226456008027937,0.13369066028905033,0.2136329198240096,-0.2619541680983989,-3024,-1.0131339514423532,-0.7957296870497143,0.2644764874146508,0.15219454397171495,0.8333043782451875,-0.22674319607742902,0.0017051012066094174,0.3339308143867565,-1.6193721598081912,0.5705090917818908,1.2796918915601616,-0.03316771088209062,-0.0741577573786811,-0.5513612072337275,-0.6071720131499131,0.16538238768916022,0.08224953016233448,0.21066403225124034,0.44552748212504434,0.5992897988045198,0.9611717660002199,0.07979209516514624,0.014544659012728035,-0.10504387735194722,0.11438513287041617,-0.08562893008627312,0.5419236676960939,0.03869063400575261,0.2259112351828358,1.3950092856781837,-0.7236511235767816,0.21518516570794322,0.06508535708257385,-0.12078742960595326,0.6026814593534308,0.19754426382564264,0.4105299222129706,0.6006665536680212,0.577866874954791,0.10822763258595601,-0.6116052192679418,-2.4593624251219324,0.6772241826064931,0.19588763552975694,-0.0531636221625149,-0.12988353252614848,-0.9000039453746433,0.1393763512783747,-0.5028356287169644,0.11736397007278851,0.7398531651950876,-0.9052238997497204,-0.12069503816718458,0.10386924600027075,-0.12688639679803798,1.0157550414582412,0.48228281982516524,-0.5160694352678039,-1.1513748669164283,0.7277019737398266,-1.3427835782021789,-0.9206630743602335,1.0,SZMC
1051,1,1,0.6581962368688774,-0.4829042846745742,1,0,0,0,0,0,1,0.0936175395886233,-0.6066997112198821,-0.2170870448501714,-0.7209596299532298,-1.6021075630925385,-2.23247291098197,-0.5047784655704162,0.7123413951695199,0.8578661049312039,-0.1605815013202978,-2.7781182121344026,-0.1577118769470655,-1.4897711350823264,-0.9565217478601573,0.708965822234309,-2.5007412230704738,-1.9897737083558595,-1.4174521103356899,1.0103779829560031,-1.7133426807113041,0.07202820464153249,1.108710902456395,0.7556890023202043,0.33021092770920857,-1.4927273755802137,-1.6391418323952207,-1.2510480915687052,0.755878332870561,-0.8276704695936565,0.9149082684143852,-1.7422055400341265,0.5548215011607746,0.7659501785947629,-3.5953523615008596,-1.2164783721024985,0.23123095063985183,-1.2435918078947776,0.28998262709888156,0.012163424934664838,0.9478715475851852,0.041499118925315104,-0.45873154777562986,-1.070462821274022,0.5915187150550031,-1.792761718033651,0.36081431882035153,-0.5009216955165386,0.7424140778698564,-2.015788911585322,-1.299131107831371,-1.7923224550683055,-0.2764513747248888,-0.011021938842051196,-1.8194507867932055,-1.7827959613875246,-0.42518224766368146,-0.7199761182451225,-3.4711855440381516,-1.3995034620312974,-1.6650055589555752,1.473467228656873,-2.7230860843322846,0.21556918308919829,-1.6905102415885034,-2.3184227189446207,-1024,-1.6516460597411553,-2.485174924304593,-2.5004631573882343,-0.25719698523830103,0.9076617905594675,0.09943733731087546,0.0017051012066094174,-1.3237878171924704,-1.8180771412295196,0.417498158698788,-1.2329972600947154,0.898059074529596,-0.15508560267798596,-0.9342864237105962,-0.5548220009601347,-1.8650814755726315,0.38045919037091014,-2.3621088176756047,0.5286872989873456,0.21153625485830505,1.2136649908790504,0.07675480546309033,-0.7017868184409347,-0.36598954962801955,0.03999846375754595,-3.7281646086041342,0.0012967229228451858,-0.5068629827838446,-0.18856892288521077,0.2988245756038667,-1.2915603662776391,-1.3295200676972976,0.5104429780992024,-3.8185075443784524,-1.2040082991440773,-1.0148745778955697,0.2792524278265436,0.3950117295007846,-2.151013913708362,-0.46200662612198373,-1.8536483770455274,0.20195113532215223,2.2341014817002374,-0.005828028826279798,3.146921750041202,-0.9086250037258415,-1.4516571952835708,0.17920919645725,-2.445290984256275,0.043732456472017275,-1.9700768174509495,0.27064176162645864,-1.1419507637876287,-3.9093816258965908,-0.645323971091284,-1.2203971808405152,0.7602689118783189,-0.0014648489723134474,-0.5654356651366524,-1.2004685906124677,-2.0577334125308457,0.5676374401921671,0.0,SZMC
1054,0,0,0.26611799388266044,0.36005053013510147,0,1,0,0,0,0,1,0.5121872077254566,0.20440938761779473,0.01789099430129992,0.12382114943375343,-0.2851379387376361,0.6779061021636033,0.1216483381286783,0.698853371403882,0.8131824443826481,0.0017033764804673427,-1.145440282398065,0.09435913287639232,-0.29083506237179413,-0.36600212332721516,0.8836297509641589,-0.9858763556041208,-1.0825343569290056,-0.8229248050294028,0.955347414077659,1.2623818749510578,0.0716569325676302,0.7860570619812138,0.8684466454152956,0.8793547468166224,-0.8036417660757446,-0.6512724764432535,-0.9338964628820023,0.8211747792151576,-0.26941710831031385,0.9046600070529299,-1.4286877213114093,0.6261791320742278,0.6338521109426136,-1.9522519572996713,-0.7064450685557409,0.008090855110982747,0.07918386260708896,0.5573223986891161,-0.6204465991937357,0.45609159615883077,0.3567775173618313,-0.1786707980369246,-0.22166626667268674,0.5021771934959857,-1.3958882053725268,0.7824751839854888,0.08324763082900677,0.24645588915378075,-1.2733401886980653,-1.1198333427640006,-1.3994863034539078,-0.5072797859755386,-0.004769304212358713,-1.8194507867932055,-1.0248169743870952,-0.6125724978843613,-0.4882406010124057,-2.096056032161917,-0.7278845622011207,-0.8947307605934036,1.7033500175225802,-1.905368869628917,0.20065338868033555,-1.5723400755864352,-0.9329001861841114,-1024,-0.8490517955701806,-1.4512728049453523,-0.6913878692604717,-0.48868176175814715,0.24382592173550605,0.17216765646006102,0.0017051012066094174,-1.334090973125226,-1.3722270522790034,0.5461119274557181,-1.2517629135111614,0.6159976385905042,-0.17629183998838602,-0.21338610686676815,-0.511658315167966,-1.6465334715518352,0.15498221939411744,-1.5421506101609297,0.3039292395262374,-0.14057796146739332,1.2826361991440862,0.07979209516514624,-0.14844675854127562,-0.3639994162118713,0.1697686438320606,-1.7402472209769937,-0.054932073852153734,-0.04010880173315987,-0.19500488722838774,0.8499061578906133,-0.34371455781466875,-0.04161822624668711,0.5456336643696684,-2.4460447371110847,-1.20642050617264,-0.7042433599385391,0.38207903988718145,-0.14479596874955225,-1.3586185305395597,0.00932694602462578,-1.0728434453231457,0.278151753975066,1.8123465597976214,0.3381821004554278,2.001079071343823,-0.8183651437424199,-1.047983766537706,0.17285903904112704,-1.907484778570557,-0.3557977704040708,-1.1568755741816519,0.6545123436679178,-0.3824225867265708,-1.7570824274849228,-1.1172778481512535,-1.2481337464417386,0.6871544182105678,0.3630931699445931,-0.36273628723099366,-1.1998903061704769,-1.0473316604727265,1.070982412244206,0.0,SZMC
1055,1,1,0.8694896754244643,0.5925622885290744,1,0,0,0,1,0,0,-0.35677581655367757,0.3353912815997901,-0.18500633816822673,-0.714166315779769,0.15270578314187727,-2.23247291098197,-0.9473241296339174,-0.04497124291223578,0.32619923234061,-0.5272973442662185,0.6350421982065828,-0.14008436377666356,-0.16579095904625385,0.20721566102856556,0.23723998663772303,-0.023712601705702312,0.6723630770705686,0.003136978896238246,-0.006814669591119306,-0.31860494305912845,0.07184103488093309,0.463331773222595,-0.3490277781257389,0.1605306256545732,-0.15605016827127272,0.009946564402713354,0.08545692789206474,0.08576226376090358,-0.7980777850815978,0.030524121287813996,-1.357386836307196,0.24609964358065073,0.20269121665768894,0.38738454940052575,-0.31101584312902464,0.192324628557915,1.0274700078627765,-0.18804920147692114,-0.6711080418680674,-0.13259518999638795,-0.2657964480438608,-0.15558638872285244,-0.015116285601308507,0.05709310790003546,-0.9334328403197034,-0.2975258961305274,-1.4592467445287995,0.803407030050934,-0.05593635121302964,-1.4126103547822015,0.6026680557738908,-0.5168668784726538,0.6889354141239444,0.4615707548851952,1.121968850062976,-0.1986795766219733,-0.06784348297531936,0.3844677433128994,-1.2233717577771221,0.5732343361803599,-0.6994234689136127,-0.157366929635541,0.16778450060239464,0.5141131218052344,-0.11714577911994234,-1024,-0.9583845516548941,-1.0306652439211437,0.904870126383698,0.16541463312514568,-0.40952612811743694,0.03009970025734857,0.0017051012066094174,0.44094016451646545,0.1720684816719803,0.3471362926368373,1.2270731008345352,-0.20139150589472907,0.10813628676314678,-1.3460919850924147,-0.38249154486440573,0.6233865227141516,0.07106404308884348,0.7410035005004156,-0.23872786005933172,-0.5461498837429188,0.38367679086936596,0.07979209516514624,0.20008790084879619,-0.06826219814476216,-0.008558527128646302,0.6751029735287067,0.48199376051202375,-0.456861574357901,-0.3674443260411356,0.14460701230059333,-0.6229219742982318,-0.004098698820423009,0.12654257441337896,0.49879809722363716,0.43548791948173476,-0.2167866911995052,0.23998601033002218,0.6152735756831096,0.9492970543482968,-0.3630646747378032,-0.6346275095518976,-0.333953984687097,0.4311994162071781,-0.03937625752040964,-0.46306993910279104,-0.20492469287470144,-0.721207122938124,0.15806678654126663,-0.3718427914178337,-0.32461489639959723,0.36293845002697367,0.2806061030877563,0.0715297523413685,0.5529234310644464,-0.12337437644581536,0.9705279207697404,0.4170029427398837,-1.1693360651062004,0.09362874583211005,0.729149953425214,-0.4170804914629981,0.34130419945286117,1.0,SZMC
1057,0,0,-0.051646437377873895,-0.5184134709031327,0,1,0,2,0,0,0,0.641478122401923,-0.009060572259306236,1.0170513750950423,0.7621623312154441,-0.06936893962309183,0.34168825415391263,1.2210426773613434,-0.5319392229001916,-0.0636428503025547,1.0957360338546445,-0.7657374943639889,0.8083182179777341,0.5152492461911328,0.44707508007704333,-0.22704429591972064,-0.1604249889952819,-0.41307136267823413,0.2460115339924244,-0.1562834637983183,0.22220010587802938,0.0762704899930892,-1.0768599430316887,-0.4375282776635767,-1.073057052056173,0.7381911851983874,-0.4047382123216303,0.7416066882615627,-0.6066835029400572,0.3733715616181321,-1.104847832705428,-0.26020967521279426,-0.4199687074264482,-0.36761785862489776,-0.7412995724149443,1.139294869480289,0.12498989596500011,-0.485626144389656,0.25968635638420506,1.3432747165645669,0.016770708599167544,0.3726263000594386,1.771899376735154,0.5209926596348603,0.22353626168282464,0.2783111604891976,-0.11172038358946204,1.2128121751783842,-0.7139934019296038,0.664182683450385,-0.240677381511664,0.30248661246812397,0.7983747287051557,0.8978757409748865,0.2862051981073056,-0.16483936534636814,0.699206776644022,1.446796514964978,-0.728502601746277,1.7016377035510548,-0.1601584172113193,0.30737487987312995,-0.3041704026957915,0.162078528512599,-0.08824363218806609,0.34570484676286234,-2048,0.75071269400013,0.48556828380162986,-1.0219576531090238,0.45073826943458145,-0.012735614157870006,1.1791907729333835,1.4693019664650806,-0.003047431627178097,0.28980034974777347,-2.2682935789024326,-0.20401572978339846,-0.7034561772326939,-0.18261601840836694,0.9879154727036105,0.12229216961235975,-0.5204304872809948,-0.07932543240902146,-0.12272855530695381,0.38734445655668126,0.4850029061095269,-2.6152461756771475,-0.03444086309816947,0.6051195621816396,-0.3274312234525801,0.09878745514627985,-0.756464518569065,0.6820375259852638,1.5178480402695695,1.0585733518937317,-1.0618992760750243,0.8853576531288642,1.3328559467468646,-1.0673503168599698,-0.41785814912405356,-0.42353683904700795,1.543318058721061,-0.5607402479576118,-1.5113705139348943,-0.37463084578640604,-0.09000924263596512,0.8056998512096177,-0.657989688614535,-0.9915319624680619,-0.2530395114906532,-0.2703128652942413,-1.5029565312546804,1.1267440973516583,0.1351947065965162,-0.2889677941827066,0.46494936515189345,-0.4781649014155594,-1.0975226602531578,0.8305359363047936,-0.7235994979795184,-1.6657067155607357,-0.34527163518948994,-0.09617879023011537,0.35890350586183956,-1.2758002543618954,-0.3893264708369528,-0.40432833946259567,-0.45945800133628295,1.0,SZMC
1079,1,1,-0.5042445713868849,-0.5637856065228724,0,1,0,0,0,0,0,-0.5003290027446194,-0.26230797695435887,0.04687843915011639,-0.8329553451002579,-0.520667441423514,0.1269350863920187,-0.5912461278598029,-0.21139178042258486,-0.472282493019524,-0.31297074294332305,0.03448185804205678,-0.27245440039193386,-0.33742701396743885,-0.0531377918108935,-0.35495140802213704,-0.24392250433478194,0.22811888270305405,-0.02041822330366767,-0.448450845381392,-0.5320609877749594,0.07153352329034038,0.5000770149188539,-0.5742574905629545,0.8767194286838467,0.004273607150340525,-0.5612877823710192,0.14800531344023557,-0.3229891437272922,-0.8567307200459092,-0.6083090251440626,-0.11460450036738268,0.4810917780407423,0.17250184976229221,0.36160247694549685,-0.2586842730847467,-0.18475753000576842,0.10035333416980692,-0.4668797252018098,0.530058219297936,0.2560900768471552,-0.48192298463789623,0.5470794343301321,0.3573822312246712,0.4347100119257621,-0.3108724306729798,-0.48676112410402883,0.3762040611836723,0.4156660281828549,0.12391308037515551,-0.09257346984649288,0.8995266916240738,0.24306568567064543,0.5494110233495809,0.25507141088409296,0.9544068149604386,0.08853602732486952,0.3195386393155135,0.222642747220176,0.4147424445389085,0.9212037598161983,-0.7251885895897675,0.3359248775044493,0.06271591963067771,0.8997819853766241,-0.1627703606668863,-1024,-0.5229112071539704,-0.16712836858003327,-0.22750905773640306,0.14650583878021484,0.06610100425495863,-0.14882228373007894,-0.07088927740888075,0.5521517651049758,-1.0700595016708228,0.5595766497341885,0.39083345015432747,0.16712073551526932,0.10112615256335336,0.048238204868397895,-0.16774567703220392,0.696139844461059,0.07238359650121293,0.5880727342981683,0.26512972216270075,0.16678960273311222,0.7959575552674018,0.08104634513983919,-0.07157571471611444,-0.004857559824452873,0.11429169292286225,-0.08319497858078442,0.33752450818309415,0.04642129301924369,0.37831469476670254,0.8671055998681121,-0.016504979979210268,-0.27027812155682146,-0.33320424463349224,0.2822598958550668,0.1889102766195302,0.5184367656201526,0.41950259907233584,0.4447944706199989,0.8634779262820379,0.37067689228033507,-0.17141486573690523,0.03635395823234364,0.3490462207022763,0.25885863110979335,-0.694833964787112,0.6691951015156541,-0.39379772052498446,0.06383394026200644,0.7355945259801672,0.38187308732093483,0.8024995164226787,-0.27364092713728133,0.4832848372255484,0.18933293776538454,0.953682933958847,0.20661893814473095,0.016871302756758473,-0.20475161383919027,-0.15639095700529404,0.2432546015885538,-0.379652205200598,-0.3669966871831242,1.0,SZMC
1084,1,0,0.21014293884901655,-0.3977074176938122,1,0,0,1,0,0,0,0.8457963300300944,0.5125350406251586,0.5634778015067782,0.9989781204707165,0.5508744096601607,0.8300083106911487,1.0962414040550281,0.5629075990805327,1.2443674021462598,0.9110749607549365,-0.3566468778365091,0.5593417012049743,0.7705566682348718,0.5851786101103587,0.6718538489399479,-0.013509793382084728,-0.39415919431129015,-0.04442489762674304,0.7456876472482215,1.2392120440144405,0.07076022100155897,0.5227961099608744,0.6937736882985444,0.9133724094785888,0.48594918198163783,0.5484496749913286,-0.07807020236307902,0.6247656160182086,0.9712321257327132,0.5576287364091039,0.9366231929151024,0.33763301621498404,0.11104927650617884,-1.160087500635266,0.7396823742332528,-0.07633473570740633,0.2257411843951095,0.7907089916165153,0.24442986409596726,0.8193880724416432,0.5964905350148615,0.6062875079441015,0.4222056886652524,0.653949189056761,0.3030301936321054,0.6492435066779967,0.3527825940996621,-0.1642283369177674,-0.06353196541024238,1.3381882200111452,-1.038524694956302,0.12204263683775604,0.07622063698547295,-1.0008255711581258,-0.4670365198941264,-0.3674085121363358,0.4803649584812454,-1.2029947079175407,0.3768670091850859,-0.26503384328893015,1.8827801920921714,-0.572480391590523,-0.05311825055050837,-1.23339639538842,0.17762654329681715,-1024,0.8170037994549961,0.7223061928710547,-0.47695790494033913,-0.310206133174626,0.6533990204396862,0.10035529040659893,0.0017051012066094174,-1.1907984982639643,0.7508049817830155,0.5418208938538334,-1.162983739159778,0.2793230865703529,-0.15571370554649344,0.0790313650806736,0.1520383026424765,-1.4391700951793436,0.0521195545276571,-1.3590392972160426,0.5169597883170626,0.4789131282627088,0.35386979049342226,0.07664184688843181,0.88260892232236,-0.3575621976821435,0.19469878377619126,-0.8591671400550626,-0.015300843236429072,0.25551509708536924,0.5177808325086474,0.8815785053195747,0.03411394849928403,0.614842739228134,0.44699124973418924,-1.116749099722659,-1.2141001745756739,0.30651380517935867,0.3682511693821264,-0.5115110786379957,-0.6876679245052448,0.6080416764033449,0.7822176350396646,0.04289034425559316,0.054842851885991396,0.43329214458720394,1.0984507879160557,-0.7076443227230218,0.14383296283023733,-0.0912267591555976,-0.17286726448270823,0.2863522823168575,-0.4951206736391486,0.4600606096470852,0.7146079239196421,-0.9279466678514032,-0.5784542349704825,-1.1662782846700566,0.5057445326378017,0.22723460669108023,-0.275449992045919,-1.198739775970954,-0.14244045668428057,0.5676374401921671,1.0,SZMC
1098,0,0,0.14834920556173997,-0.1899399812840453,0,0,1,0,1,0,0,0.2074685147545671,0.2069411292662506,0.663256755004508,0.3032110069142309,0.2944960361845968,0.4854420331325822,-0.017456502035513355,0.07382407635352471,0.37098067183580613,0.651556482830615,-0.9645366322881634,0.7775256008751099,-0.03345680049119948,0.7028139466202532,0.3336019472639678,-1.1227173648264797,-0.24293280522215666,-0.24945831431444992,0.15073728805549408,0.306340745018825,0.07045509108236081,0.6475946284145861,-0.598065455816786,1.190833712868389,0.5847243345372091,0.4121100788923944,-0.3676530470909516,-0.0774635445059494,0.4218406366357321,0.21302831801364183,1.3719906884244395,0.3247306793266422,-0.1466553760035967,-1.8386857263575527,0.865966601785698,-0.38253433720657515,-0.0872654958463383,0.1808833338169929,0.9505633667290939,0.4158899215229119,0.2757476497238219,0.7743436226604224,0.4139976747131685,0.36806304433232806,0.7726860512594339,-0.027847405662835754,-0.7258752005823755,0.5790305884024725,-0.4824881608414119,1.6469819789378393,-0.9291166723205393,0.9630904790908623,1.2087873330086154,0.02959162187634518,0.21370380484492604,0.7412567068617075,0.957883169230368,-1.9410474284522385,-0.38635362707473736,-0.5954957365718812,0.26133637920954733,-0.554868955626973,-0.23152858228037432,-0.6674490246173803,-0.7674189460036244,-1024,0.2380521064763619,0.9714121742272996,-1.001449905455703,0.9313733806635611,0.35072377563637414,0.07103533360725749,0.0017051012066094174,-0.16041267870778025,0.8014213520647879,0.5418208938538334,-0.06389593400153544,-0.28970793535823014,-0.159806195037196,-1.100680343333817,-0.39630903065585016,-0.9155924631152375,0.04193625339269786,-0.8826279725977617,0.1956406327972371,0.5904279768711566,0.15434554753713187,0.07664184688843181,0.6803175599670128,-0.34424852394149597,0.14609919741687477,-1.6057661066715332,1.0565197052213857,0.2879462218656498,0.25768966115445524,1.1915848354406438,-0.6148145560330636,0.225385224352359,0.0829423059166822,-1.7251065853743868,-0.39378096624745296,0.3906465946361647,0.38798467930359004,0.15927397159637424,-0.07563848057938652,0.42638874913608565,0.8615541887588927,-0.25812542562730917,-0.489480325991942,0.2629501119802347,1.104108289295738,-0.32117482116581586,0.5884182516108323,-0.2273732977524583,-0.49868751062306294,1.3994604593492406,-0.9266921715156816,0.2452429719433278,1.44224109351695,-1.7992793709693038,-0.7153029060924491,-0.19597862929178106,0.4011547795559415,-0.7983010844610677,-0.10856903054771362,-0.389547687005337,-0.14853088786472957,0.417548188608859,1.0,SZMC
1106,1,1,2.197478299967965,-0.7122077186057179,0,1,0,1,0,0,0,0.00512725685747221,0.11809881651577661,-0.14942930546333433,-0.19681488433834526,-0.06016523908099554,0.4728120415624124,-0.15800095129189354,0.15371370956104108,0.30396178074970714,-0.04737362649748613,-0.11855943317541726,0.7475763529174991,-0.034840962530147374,0.07289312277735514,0.4111487391303786,-0.26184493739337905,0.21090665871508893,0.11183127764864771,0.25325119013164776,-0.35158441424010267,0.07197057038451125,0.08374340015675351,-0.6006942388330099,-0.7145021535769565,-0.013000616327289286,-0.01207593586747735,-0.31677219023610004,0.2806716481655748,-0.14044476352615715,0.4015589809909577,-0.6570242373768109,0.07145277428630455,0.18815399799915147,-0.5177012353599239,0.1817016959286433,0.4447730181810201,0.241076277855537,0.10266680090754723,-0.19325815050774614,0.6149539919066053,0.31399214250347596,0.897151261406903,-0.15567704711080999,0.3568855395798308,-0.8694941478839833,0.36472700000555536,-0.30393514764364277,0.798867719297742,-0.3706139003350933,-0.8434118195232694,0.7912908153206775,0.393181759922328,1.1211203245306498,1.161159488381509,0.8671787290855839,0.7556675083453189,0.7081168723440712,-0.49123971738031436,-0.4261393716611465,0.16993030718403745,-0.5775355429239311,-1.3382359604480847,0.1180618018673969,-0.1595905263368469,-0.0485175842266576,-1024,-0.3634407391470643,-0.8378248773915739,-0.2066338341444654,1.031976890758926,0.5133248426863488,-0.17150744521282393,0.0017051012066094174,0.9609456069873755,0.5556532931852483,0.2514818227569255,1.083628209021316,0.27222090168200647,-0.21041389597701946,-0.9201225935524185,0.4055931794115752,0.09996180396062614,0.07399891169032648,0.8967466399940343,0.264694648396182,0.6241394967876028,0.0003457580028989315,0.07664184688843181,0.9617519959403384,0.30139705064938815,0.01543344000585233,-0.2325296226980604,0.9174951310178656,-0.5066695012619763,0.5250332865960083,-0.8152618290614346,-0.5517301411032428,-0.10680413101444176,0.14440932049398905,-0.39001172415700536,0.8605742788090227,0.5989772492755902,0.22682335841265447,0.6583691393279814,0.7201927675095103,-0.564127499760659,-0.4126848554315814,-0.23991913200419995,0.5027768632097441,-0.08397683145532467,0.2896381719830104,0.274942145058,-0.8363841710603225,0.13013336953053245,-0.643719372410958,0.5919412991117341,-0.11133690541196498,-1.310087883683661,0.617721079712969,-0.32559508421008565,0.061623280038461827,0.8443052385936942,0.5391335177430346,-0.8564864044800452,-0.9562328624855038,0.7388525377148629,-1.3658908236877738,-0.7872181513962241,1.0,SZMC
1109,0,1,1.0889006639489875,-6.831323971550978,0,0,1,0,1,1,1,0.6897762044015086,0.3062036737786366,0.3032294764095856,0.898595699792992,0.39611400182684386,0.6327847795238324,0.936077088611671,0.6468484118765054,0.6003899679253616,0.5172159474311384,0.013211324701096845,0.3006141218751374,0.5318275253989521,0.10588395043416919,0.7083549876334658,0.4679147663650796,0.12243352590038185,0.5517356824998728,0.5621207042669233,0.7221201171621312,0.07125716594584697,0.27063277017242315,0.6346270621852759,-0.4987815930384177,0.29596632813256063,0.5338977671234338,-0.19778730660022528,0.6709340810568045,1.0056013918119289,0.5418935761995612,0.6687399682376193,0.16865968267124878,0.21448779899441098,-0.32481535405473133,0.4816839354787384,0.28398578515739015,0.6556248090015349,0.7411663388524046,-0.4290690158134419,0.3401178506712576,0.5951998918769431,-0.07621275242036853,0.17500353060136414,0.4777530689829168,0.05876581301037036,0.6928882906907529,0.41387150429757474,0.3993495861858647,-0.2746375449560663,0.8842775785971607,-0.27917409699729756,-0.26610045285036327,0.5479733862254722,0.13261328717580875,0.9037737606693153,-0.5275954700085262,-0.1503417377978059,-0.11146496934163284,0.3121979578445005,0.03476249083345618,0.7532266726705185,-0.03867600345190833,-0.024129003081528183,-0.5481183284437915,0.7182298202852305,-1024,1.098068967629281,0.4187417495706285,0.44256040608660413,-0.267643069872663,0.15072532156121438,0.10035529040659893,0.0017051012066094174,-0.390845719144837,0.6758407627873371,0.3087589533523372,-0.08928336349738222,0.1864520268068014,-0.25521609283115587,0.2321821576046029,0.22250443471215955,-0.3522103121788026,0.046497557069551824,0.08171118136583276,0.27259956246439554,0.01598043446710116,0.026257927174363132,0.07664184688843181,0.41125149011171835,-0.35885949533712463,0.08361579812892701,0.4747317898080492,0.39348613839462,-0.11362778163932039,-0.05416463212563082,-0.6081890734402174,0.6361890482823643,0.7786587274057253,0.3440182849860194,0.07692506257030358,-0.38853765402785834,-0.32991822753105343,0.2298070743680975,0.17605604622916324,0.7524397944301374,0.3337057656940567,0.33740589358052436,0.4992929771037492,-0.2910679772001594,0.07613133816537881,0.2629213910254935,-0.032193811986271754,-0.32994301069307863,-0.02606415481396438,-0.09009823170029387,-0.26242712277918,-0.1779301846440051,0.5656830164612074,0.017402928525264028,0.08344750340089487,0.05386633466470446,-0.21568114427141336,0.44323558234375604,0.36751389463056794,0.4431901862710322,-0.39277256439527697,0.1100268473162326,0.5676374401921671,0.0,SZMC
1407,1,0,-0.06941622840159589,-0.37940918138814356,1,0,0,0,0,0,0,-2.0876781783131806,-2.525680087471073,-0.14059068260375576,-2.085777923560175,-2.5328408151028214,-0.6656741242610952,-1.741800771971146,-1.9709361187863734,-2.137787920854691,-2.020310147827735,-1.8689307319594612,-1.7741241977820732,-2.43080359502147,-2.589838870653345,-1.9295924580833625,-1.829689533025208,-2.6591774292922157,-2.503886770320373,-1.9668157780278015,-1.2014131549872893,0.07457801901473311,-1.637213452104192,-1.1730012888887937,-1.494756816487811,-0.23099504811099328,-2.155246651361905,-0.07317645464535165,-1.5031704821894192,-1.7584363401809338,-1.3610501821045575,0.049226658705462605,-1.4382704727182272,-1.3010180413154568,0.5817160389053723,0.1268778955340453,-0.677234540454738,-2.2755998312407697,-1.9809960993977285,-0.04984987001017435,-2.3424604818530965,-2.2630690553130743,1.433977833535034,-0.43966735522551337,-2.220449243538588,0.6305742733942556,-2.1262930988986914,-0.8686780198555571,-2.6144894677957886,0.5603161245915709,-0.15920930759043747,1.4141361315001761,-1.1003499077609036,-0.5524439830742965,-1.4835163643052975,-0.7130973569697279,-0.10073971582739769,0.12682422321673523,-0.0503953175684695,0.2478866271476106,-1.4578656257297091,-1.5956710501507332,0.30652474839405397,0.27689443573715866,-0.7191772081592303,-2.07364486775715,-1024,-2.087396681986958,0.7597355389276076,-1.6057531867277508,-0.5433526448867703,-2.364844963017936,-0.4393392874509466,-0.12005204890524368,0.04460069831006061,-0.39548605962180117,-1.8438673546689217,-0.6203831044525268,-1.422267112715438,0.6364886595104639,-0.07057952834135384,-0.23788644466247552,-1.2545653939712715,0.040367965172249914,0.5296597078055997,-1.7934513009071378,-1.7938425954862962,-2.0798407050042154,0.08398035952147945,-1.8205536093590584,-0.31553940988767615,-0.07899800420562485,-1.2257171485905827,-0.7398863331087797,0.3289023216123301,-0.911256229300816,-1.1443049802126488,-2.2585028388388677,-2.1748402533987834,-1.9034660253994646,-0.028914349662291065,-0.42389940279524113,0.3255505536242456,-1.0034815821524823,-2.1394018969853414,-0.5363980317624243,-0.6373444539068003,0.4898824131652742,0.28919016952555127,-1.171065560201096,-0.18685059268841261,-0.8968737827650215,-1.653164975978993,1.1364612067864448,0.2137968758538403,0.4499095506410687,-1.026634332404533,-1.6593808796302392,-1.1030983198228523,0.46119907052522335,-0.7772623346488629,-1.2235049567955933,-0.7021385101590738,-1.4891438455037653,0.9183585497424721,-1.2101473748568028,-0.38257346780434826,0.39685925115490517,-1.5579700446112192,1.0,VHIO
1421,1,2,-0.20407302120854834,0.3366680952249869,0,1,0,1,1,0,1,1.0487566316833454,0.3499546495562038,2.965477721098719,0.27707212099210393,-0.6447875759487673,0.5088383991696234,0.8099272055879582,0.1793002123096738,0.36442475150075215,0.6488250730148153,-1.4029956795366072,0.2539111159805676,-0.04268760907975985,-0.11785589348290691,0.30375003290272345,-0.8361499449174745,-1.0766056071672754,-0.39572188528829605,1.8257086086677932,0.9086226239801563,0.05585866874975291,-0.18852604210499727,0.39792683676784774,-0.12684958222135836,2.485466493880504,-1.521655556523357,1.8778352347645353,0.13223409212798273,-0.6606400324965607,6.526656780946929e-05,0.48185616166711076,1.9946575323288092,2.3063490234983783,-1.555364616318604,2.612622037060849,2.4733953217296722,-0.5005106492496046,0.3162234876682656,0.6728017161719584,0.729409213384455,0.10224792915405292,0.5015364519817666,2.7092524369933364,0.4187902671784059,0.008187154414206456,0.1617561001916485,1.1295555532642287,-0.07643496963490937,1.497105049671883,0.7938799160092986,-1.0257699479121787,0.19984967803772669,0.007247769707210741,-1.1179033445338902,-0.6166778652851739,-0.16050079288791377,0.2816304754617046,-1.732596306312201,1.2558310078824033,-0.4794856916841682,1.479578641819097,-1.1734744237377344,-0.031135446101338803,-1.0728650486375597,-0.5358533673072456,-2048,-1.2433124218367737,0.4101724571698391,-1.481503161511187,-0.31048521404545887,0.5405725138143473,2.813239120988711,2.9541111374158344,-0.8486401952288934,1.3713291392008995,1.408693728592944,-1.2601229256031303,1.7442931149208005,-0.17596829856127058,-0.04593333312548096,1.7702253704806432,-1.1780158045187057,-0.2267059265529384,-1.1083688082818346,0.21848679591486567,0.43440890363993107,0.6954782865878403,-0.20851796913827286,0.21645900860130565,-0.360541571143342,0.8110571335636475,-1.7637436605563925,-0.10246545719898331,2.7553314544275915,0.23183271374361428,-0.7609282193899191,-0.35434532758342097,-2.347995620007351,-0.14657129017604312,-1.7642383992279578,-1.2108157355323883,0.2118195483707392,0.30123765044899736,-0.5935951974568161,-0.9271310625880578,2.337023173986127,1.8416540035698457,-0.49531907764456085,-0.16062125727013615,0.19930305246307453,1.1540275920446332,-0.9371544285919087,-0.06112881141271852,-0.05145995325875129,-0.7980681273499473,0.057822522565572784,-0.7789626248613539,-0.5440372273994322,0.37083421778778564,-1.6918083259604577,-1.3167176782942822,-1.270990618432642,0.6247007396551916,0.02198203590114644,-1.1114368283889893,-1.1993165343046317,-0.9687371577834482,1.1219070309747088,0.0,VHIO
1433,1,1,-0.3449756313657029,0.6863752936712083,1,0,0,0,0,0,0,-0.6252136579910318,-1.0048551158506451,0.4708924901287969,-0.6615250448654036,-1.103073884298721,0.03820365301509098,-0.04790811644109165,-0.6307083534394157,-0.6774725382843334,0.29550226388616546,-1.411035695245694,0.3430390326937972,-0.5076440011891609,-0.06341977244784977,-0.34899769545075454,-1.2789855853750394,-0.6932802533620703,-0.38853290666790324,-0.7248905391627187,-0.7101863238104951,0.07093469369776641,-0.5653967543381979,-1.2667182155549874,-0.33904094479905833,0.6034263848211018,-0.9223121568587628,0.4229931359678874,-0.9945439195691513,-0.5189550540179406,-0.8140065733514236,1.1177172702969398,0.29152153887215226,0.14586233929708864,-0.7349090047474963,0.5746145623143302,0.24464778681142488,-0.4486619082939444,-0.6719932969657608,1.6718298845636563,0.2254618370329166,-0.5219668067087935,1.4611948449824104,0.538317757441174,0.5158173698054712,1.1200517407163006,-0.8328234555130108,1.4624446135634792,-0.457070179744226,0.35406039742437906,1.1607032408973745,0.547674010933077,1.4488465331098308,1.294890611009852,0.21805650729107684,0.10721049020100246,1.3910424992274832,1.1730559606305855,-0.7756096557168279,1.7700594812339006,0.1177334105559591,-0.9909871375652224,0.46449155571540945,-0.13112707769868945,0.4556164792502947,-0.9179213477864235,-1024,-0.7159334289440141,1.069734713455236,-0.9523583903975303,1.102663538423287,0.6310660653698973,0.09169675359140865,0.0017051012066094174,0.8176910019883586,0.815498023144656,0.4558754979832879,0.5119727765589838,0.13939573183942958,-0.2074671514197574,1.2248036179415616,0.44208699040585364,0.2047809246907929,0.04129512970870799,0.35158517834500247,0.5200222495581727,1.3154974848375012,0.051114969049523645,0.07664184688843181,-0.2950044746849806,0.11131553229299733,0.17289846261819355,-0.7065509419330062,1.1092096879888493,0.2771234516106417,1.0147620481564752,-0.4871599721980423,-1.2931574740645748,-0.5200514522057347,-0.7486956300106706,-0.5311736598724838,0.45241909510838124,1.421388374410768,0.2933576234902809,-0.46736725884712804,-0.11770281397980589,0.8139602326710319,0.7683595096134268,-0.18937044405392123,-0.6183737443567019,0.35223869326917057,-0.4245403892691943,-0.15695944141926446,0.9276545234604096,-0.09783976410542439,0.4807758105031802,1.0765658357547598,-0.04838205645777619,0.39259623751286016,0.6228679978633235,-0.7990534236063355,-0.10081532390450616,0.29075845081178153,0.18220951709044947,0.844495261786545,0.1080037338364699,0.24811286729044502,0.6974466296027779,0.5232114245173567,1.0,VHIO
1489,1,0,-0.16113938285993226,-0.12439790861346751,0,1,0,1,0,0,0,-3.189131684336078,-3.05835542977459,-1.7933827579403692,-2.938752173240269,-2.629493930964202,-1.2605700354642444,-2.6398049819213916,-2.821873777318093,-3.4739476008653094,-2.2553651795553353,-2.4558435871176725,-1.0619401125626058,-2.653933540460263,-2.159540079865697,-2.0234677387062776,-3.1946237395833377,-1.5505808797364813,-1.9451142798263337,-3.099262190917836,-3.2973212589887395,0.07369934386186254,-2.017582093631788,-2.7298769635599376,-1.8359001182396673,-1.04371541754275,-3.0435786407323886,-1.6742981805432235,-2.8066181407512967,-3.3499817125737628,-2.1010220602316076,-3.718141609055861,-3.821506641263464,-2.022836838063474,0.7883464278119231,-1.724676294973247,-1.2016110072514632,-2.4063196453337206,-3.6370203213859753,1.2355267144370783,-3.6610597018651023,-2.8844797855494453,2.015880439812331,-1.104938512658275,-3.0670978322792593,-0.6414090512901786,-3.164944275077972,1.8870750031887655,-3.511546939430892,0.48594855415030114,-2.788967405808783,2.6915414425641546,0.798213161277429,-2.997894432365947,-0.571503831776893,-3.2986363997463917,2.8089634940541015,1.211852902619553,-0.5180110042079179,2.780078196548029,-2.800964025185223,-2.6327468363008126,-1.8490936011877743,0.30325385202390354,2.3091171692701558,-3.1159188790432797,-1024,-2.798190358125881,0.07283161823865364,-1.0136559333006936,1.7941826522570017,-1.5114645786464513,-0.22789069129191813,0.0017051012066094174,2.586978842099884,-1.118787438170883,-1.9078486787735929,-2.4120531615552583,-1.7780014226561127,-0.5662437984775579,1.6391184785966006,-0.2666900850044458,1.1318396237443173,0.03502369730266256,1.5165411881236615,-1.026213421435341,-0.6488539586726316,-2.614591611516559,0.07755326744218864,-2.1048473555145453,3.187477932923535,-1.7508854546647294,-0.5507005475265017,-0.22389957984989164,0.5332341571047914,0.19026063967574788,-1.1113094538519508,-2.4446927410304196,-2.381021112314897,-2.7859861291395203,0.659625913066641,1.6501582103654675,1.7509653013794073,-3.937323815436393,-2.960017625198331,-0.6926063804277115,-1.1913401334399178,-0.3890692752289716,0.2943770199419056,-2.555004434497614,-5.9161776063227824,-0.8798059362781528,-2.18885143651968,-0.1556343990479569,0.28221321301785,0.24459051540467963,0.3696247857573461,-0.08502153517783943,-2.611380478096708,-0.2727877249949012,-0.5713784302042645,-1.694167234151449,0.09156194080348391,-4.755959293959903,1.284123913860627,-1.8122416927455425,1.2637712479457048,0.07232697435265473,-1.0200436545271705,1.0,GHD
1552,1,0,-0.3035173055123908,-0.27446760749580906,1,0,0,2,0,0,0,-0.1744208732148818,0.1403795151286209,-0.3380722157808704,-0.533624048351328,-0.14151851641799093,0.2511931903430265,0.17113037011965873,-1.4181363609906055,-0.2409571515923776,1.0707325490908766,-0.02418419125714365,1.8995080592649112,0.6140293049716217,1.5317400874238984,-0.34844026456231114,-0.3794223113904825,1.8851341799758998,1.6910284297699778,-0.20583718827142786,-2.080259612999501,0.0727167295862907,-1.4591979044027767,-2.700379903487449,-1.091141920222102,0.3732750899294198,-0.0499648605728009,1.0697826336420277,-2.297119188098617,-0.41783532753519786,0.03644592916541512,-0.5653140105558,-0.10619889611893948,0.3870953758702048,-0.2802522437804238,-0.012889553075883884,1.0515805014378508,-0.8354668041233296,-0.9925807329192426,1.753115541074583,-1.0635725275226302,0.4850757171276747,1.0441117903041683,0.24988552169480469,-0.7418755728229236,-0.6641184005411731,-0.048420521627019375,0.5837906686523191,-0.3829189027445184,1.288779140378247,-0.5897563697353633,1.9768201358055908,2.3232224625777587,0.05424628350102452,1.9732765067064442,-0.2738803169948093,3.1927756273554966,1.9354153627446433,0.20993715571214744,0.3063566472996807,-0.10945155408752259,-1.8094408108926923,0.6550342073832959,0.12173793771053415,3.002225497293598,0.08617900895082264,-1024,-0.43689990361598774,0.1102036940581157,-0.4974769681769722,2.9752352714602863,0.4652387341890524,0.09299065786734034,-0.005872700701582387,3.181306610336125,0.7116165122849897,0.2858347434865767,0.8278495455088453,0.9439105964168438,-0.17279631698428166,2.218307144063085,1.966280479654477,3.028225363644512,0.07176248214333647,2.051653320279878,0.5717116699633881,1.5074489394424273,0.001599348171102334,0.07710567965007743,0.8652946291538718,3.983755344485583,0.1997908682418367,0.08400410699426661,1.5585168764540083,-0.025184806157778256,1.6442632588091248,-1.1537600928084832,0.09251554647665594,0.2385222383148852,0.06635885906781336,0.22756975846482536,3.38275915404066,2.139005801528537,0.25213940650063293,0.3204135619855417,1.1031549546864674,0.19607892602082644,0.4611874844989687,0.3479470770216407,0.5535607058758741,0.1106138788854788,-0.7135739886397882,1.5404366320542542,-0.8738920710608441,0.1635775338481421,1.5249166321461203,1.2894724176643677,1.6349806903214315,-0.46904205013629807,0.75380240433567,0.34229298997559593,1.7244104037997277,2.273228685200919,0.202626738174906,1.7381085500915183,0.26171024364462325,3.0417421802888764,1.7188606573571525,0.5639574866088158,1.0,GHD
1555,1,1,0.1165960119140673,0.8201779241810124,0,1,0,1,1,0,1,-1.9151492450020422,-1.6348053966235163,-0.09954768783034132,-1.8078287070725563,-1.3732268294864916,-2.23247291098197,-1.902264539919119,-1.5442536926959927,-1.7338081742565388,-1.6923778642038327,-0.5127893473742894,-1.5445700325381468,-1.695178995110887,-1.443924510667462,-1.725378148617421,-1.0066096027787725,-0.8822627422637686,-1.3196274517952005,-1.81174031601904,-1.43815862469449,0.07410228146450668,-1.5968948852485814,-1.26761536628184,-1.3161129335463038,0.26661764446567787,-1.3383704541117998,0.658920639390409,-1.930383288510683,-1.7548460306756088,-1.8615041493697142,0.09567333972843173,-1.1336442019112773,-0.6826916081720539,1.4364570613980385,0.2554892877426181,-0.13276568946282036,-1.4743683008681474,-1.886206800975736,0.4091703476312945,-1.8865764995967695,-1.9166378420411945,0.2479760759647097,0.11729507854459112,-1.1733365076829068,0.5834056497010388,-1.952676617311243,-0.35986095896679443,-2.452356552807594,1.311195751455783,-0.2139370254437028,0.4576323249165988,0.0912846100409085,-1.1099772860293935,-0.5382845623051927,-1.301135590553451,-0.13802802941841538,-0.5090259770793354,1.0739157050847683,0.5088821755210132,-1.8538014671251315,-1.4537764407767366,0.8240608017056974,0.3032352999731257,0.9543749058903718,-1.52211124138772,-1024,-1.6346661150609938,0.8351248354084615,0.052230857997484254,-0.4189789859127548,-1.4142169589440192,-0.1974232300388934,0.0017051012066094174,0.7293840729732736,0.7288459447385581,-1.819434750133025,-1.2276429279787928,-0.6977929028362548,-0.8479466819661816,0.3140729042119473,0.24004081831031845,0.19667676730118158,0.03308514541691746,-0.17795195924889348,-0.8493123222347776,-0.652117520183391,-1.7127648610484907,0.0770953313343879,-1.2976422275882251,-0.03508724412334025,0.026363248496552073,0.48084625329609293,-1.04407833400935,0.3938657584160734,-0.10065120126505042,-1.0946756682751668,-1.471951863541043,-1.6416877871460422,-1.5644520274398477,1.281261294838391,-0.39179471235448526,0.49154074275533055,-1.3373352379071783,-1.6947726054443872,-1.0285195534938374,0.07569718240444953,0.8996733898605122,0.40055984642386466,-1.176108649419806,-0.3454834948437143,-0.9150741489590012,-1.1513104283641498,0.8112888316894117,0.21790427596783654,1.1230941921992974,-0.015027965489294056,-1.052103664438954,-0.9138372301403256,-0.6502961018784421,0.4506815710032321,-0.1828509826443066,-1.0301299490910703,-1.7966793173232178,-0.48445837843518363,-0.6012236457527314,-0.3765214366939958,0.9770554524924094,-0.8932064683590947,1.0,GHD
1573,0,0,0.1640078222499053,0.09549710969568234,0,0,1,0,0,1,1,0.14996233812933552,0.35867797601109863,-0.10148895299289055,0.11654756653544811,0.3673233353073434,0.2240918838248058,0.93006457341272,-1.5521985634762538,-0.3386953150648974,1.5199373593102548,1.0097676046384751,2.173788023386855,1.3249370383122312,1.8896351444883466,-1.010351674155724,0.9682605390660068,2.1363512890707774,2.0826679347868295,-0.21278928506766603,-1.8490064525007837,0.07260345640296964,-1.4589930895073338,-2.6894589109781086,-1.0754608854332532,0.5475425180100029,0.44405814632769314,1.1240651481136776,-2.4710124222904772,0.2121063551680628,-0.5901699887402975,0.2846799367900822,-0.0945541886002529,0.3963908257117173,1.1901692921294054,0.2143266332724169,1.033428901742882,-0.5800137877630929,-0.733276544315474,2.1695033822154146,-0.7121841434223791,0.7839621061655676,1.7154434764456667,0.4312925217979542,-0.3140467780046378,0.19419713136577688,0.03989460757939976,1.5361444137075,-0.7617493135996203,1.3630991488106892,0.36392558839011035,2.588454903933468,2.8144623117061696,-0.02407005031273228,2.248748026716503,-0.2368640547535689,3.244987884906111,2.611857617180085,1.3734076070554797,1.3201853348333972,0.688997158806784,-1.706241053120062,1.525024803120995,0.06460522866904735,3.1754084829088844,0.8884341457075942,-1024,0.42730774621848056,0.8308680830542352,0.5409332301712656,2.982545356252319,1.1184121055013332,0.10035529040659893,0.0017051012066094174,3.1531622718553978,0.7751599318069777,0.3087589533523372,1.2091065089402933,0.9860241599898071,0.8819130671636397,3.0223793945180772,2.0110649193219308,3.3401216449377555,0.05583213079618227,2.8309325675986194,1.3626345799738362,2.2209495740066556,-0.05675622600168483,0.07664184688843181,1.2202567500885868,3.9225220863374806,0.24087543137438763,1.167114834265444,1.549845580825214,0.1781664355709775,2.5004918069415982,-1.1474338101728476,0.5765580493634577,0.9694769325527856,-0.3812904670377517,1.3443287646041053,3.4452128374033886,2.834164754898349,0.24697418278498123,0.29395887014785,1.42619606832212,0.6926004461803894,0.8528850057494511,0.2732941591581594,0.052232175032401316,0.2856226483136556,-0.9141210984697866,1.9290348620592397,-0.0376387545401876,0.12125273850926331,2.2832514251787375,1.7371068994502756,2.6410719428211835,0.3469436322467122,1.7804783893780711,1.3883690242596571,2.1939773031366956,2.5967273589803517,0.054915422697924675,2.385389938517633,1.1244802689685944,3.318187496543207,1.948657455264232,0.5676374401921671,1.0,GHD
1816,1,1,-0.20407302120854834,-0.36870235030529486,0,0,1,0,1,0,1,1.038751950051966,0.5687776970421596,0.3108280412988823,1.0457825550143804,0.41794574608464696,0.8207172564657197,1.1894525662433495,0.9977277122673185,1.0314777643177309,1.2956864518157765,-0.7333089632862017,0.9853468410600861,0.6883203287587906,0.845276520426509,1.188255724467637,-0.29786398424985194,-0.2285960081606416,0.28016010697533555,0.973986616251154,1.3746436651580214,0.0709988041327442,1.342834684438346,0.5739558978396578,1.9668440507802232,-0.21953146571302143,0.32600623073795665,-0.8053896191676291,0.8415660490839956,0.9161826904217455,1.0225806449104275,0.21517696134171602,0.5101932427403094,0.1523798853588141,-1.6876904984716528,-0.05750973312163257,-0.47087093242104716,0.5221757478253622,1.0460596874770238,0.6651985396914722,1.1556727265010134,0.9797322015618017,0.5138726954303959,0.1726769482457439,1.2289078235060897,-0.7128430175828747,0.9917947535310756,0.7863438093677325,0.6908159355617941,-1.039599163736206,0.37580145989342173,-1.2481315070456696,0.5854135823076146,1.0073124810340945,-0.6285909675263786,0.35943591942130515,-0.016974815802492552,0.3848067682888532,-1.6765735243645168,0.36338200740473187,0.5071121553929852,1.0057975759051976,-1.020865632715016,0.025544995944188822,-0.9054849171566847,0.08235149980702351,-1024,0.7937189902587174,-0.4154550571928363,-0.03244670005941117,0.23848423867851795,1.0891403849855898,-0.019169565213244873,-0.12005204890524368,-1.010956031185327,-1.2390888074988586,0.5471588615907421,0.05705375777625757,0.10282343430725861,-0.1732889538152757,-0.5360756004225117,-0.7520245383048785,-0.5449970680334653,0.0936251695592174,-0.7956307504619158,1.1982047746233042,0.6076254301759137,0.9322402207997429,0.08398035952147945,0.788256592573021,-0.36270171688902686,0.1317473371147266,-1.0571418125215164,0.9515486169511249,-0.02660433423032019,0.639499437480167,2.0391961182457714,0.08375302959185085,0.9303005110671418,0.898216094932727,-1.775985478451779,-0.4020211442621747,0.13407519080017463,0.41768085474456695,0.43581546327891024,0.18212094710772467,0.19985282584935518,-0.32878240881439097,0.22121214203278122,1.0084707643106183,0.29816178055221676,2.008933555911422,-0.2455571968896635,-0.9497084042433029,0.0226974607515922,-1.371151978401034,1.134267705468873,0.32743313859879153,0.5637481140910097,0.5987274713052381,-1.2296543847406205,-0.6850359880146337,-0.0307682705792583,0.7227063421920142,-0.08680986205496895,-0.049287147133499624,-0.3922851007932399,-1.0017901630071484,0.5022269122503366,1.0,INT
1829,1,1,-0.4927718277394934,-0.01935793765725456,1,0,0,1,0,0,0,-0.4057783492146686,-0.3493125021295304,0.3546102144144814,-0.1799726239776793,-0.08872666703822114,0.0380765356281517,-0.3702785325504313,-0.2726161031568754,-0.7344844080596306,-0.41367554700229675,0.18244053167430596,-0.9052525363034487,-0.32547812924089364,-0.3695916167932424,-0.7795769225431128,0.13214980119584077,-0.31662579233019345,-0.4154336500093577,-0.6661386496502804,-0.05222942069538982,0.07215115026772863,0.10910501446116884,0.2294097164094226,0.636289575225523,0.750594308874358,0.009144360822695425,0.6953450870063432,-0.3976104577148212,-0.07727615324553751,-1.0545718747522683,1.2255878199831904,-0.011586609977417164,-0.6418233557123947,0.7392241770232318,0.7887915216425037,-0.5163515694573669,-0.41707523728396445,-0.42190612470524824,-0.08038817590345722,-0.48110052353464283,-0.6579706217557479,-0.7671858535070806,0.21034634081005182,-0.22978063441760715,1.717203464597678,-0.6058584591099335,-0.42839722050270446,-0.21229289437524512,0.8656569038419014,1.162265665087855,-0.4374831032030935,-0.5998027089693645,-0.9571296129380572,-0.9403735678907648,-0.7746290580161392,-0.6225767700354113,-0.8921369313260585,0.6785222041217095,0.15813156676278886,-0.7187892986764228,0.011708806960025225,0.725354742990569,-0.02528845447600751,0.025455757683099565,-0.09209949299668972,-1024,-0.03252840390181565,1.323679889847094,-0.19369745999327959,-1.0415655397568535,-0.7711381370483137,-0.153329628915143,0.0017051012066094174,-0.45410931334033133,0.8650877043172162,-0.8596401179031714,-0.3458109152696715,-0.7471174983225429,0.32566754101792683,-0.7676520543670028,-0.25973656054648214,-0.24257349791274785,0.03587225728417595,-0.39830404915402534,-0.4961063285150915,-0.6327486185522864,-0.6244215200746811,0.07664184688843181,-0.8387411975954976,-0.3673026287055794,0.1348706142955289,0.1577998801864785,-1.0934612867790683,0.4145108888393402,-0.4105475543475782,0.5978855794583336,-0.17144437660503084,-0.20867475448266157,-0.5691908383181462,0.6187873488716883,-0.6928468708226003,-0.3401206672160907,-0.1797173418198485,-0.39295054048014294,-1.0129877347407636,0.18161336215490145,1.1502821505350482,0.3288569209409993,-0.9799209201183413,0.2737500727338437,-0.8786396160841009,-0.1065901477987267,1.908601395891548,-0.05457859782661597,0.7505236955371082,-0.8073604222290038,-0.8890102015025455,-0.7610300041568971,-1.4344918292447442,0.21790696295281872,-0.03000489094883436,-0.43539113428541454,-0.30887099248143846,-1.1497090269671035,-0.5691532591161107,-0.3901194372062999,0.627061417860187,-0.6991346869068474,1.0,INT
1832,0,1,-0.2235054984440219,0.02004026543032409,0,0,1,1,1,1,1,-1.1682595644276041,-1.1481451845636141,-0.6246381689665731,-1.5266483942598332,-1.4538977792657166,-0.09532703391428111,-1.0185960104527798,-0.44366132393745056,-0.9365109830478778,-1.247059751299519,-0.5838399484509683,-1.0422623086261043,-1.0671743167782926,-1.2832945015786779,-0.4319348318791478,-0.7687890797590766,-1.238640241493957,-1.4021598374406468,-0.7857338313092089,-0.3487632791528074,0.07241498167111886,-0.4263519880778237,-0.30292118486138425,-0.4915506846727542,-0.45543222856571824,-1.3895496939641985,-0.1425643166080025,-0.03749830188646494,-1.4687095341048075,-0.6743485109238768,-0.5882777351157061,0.23416118359384422,0.33643238824476857,0.3477333745683164,-0.8264612024447786,0.37771586582542716,0.2654337447995527,-0.8844126399531109,0.6083965506643235,0.9480672571270591,-1.1828332128045211,0.9179561721913883,-0.31512634958796304,0.525308069512478,-0.4670573974507366,-0.8979787470500424,1.3169862410025934,0.1553492201387038,-0.09730648439145508,-1.0195429690280275,0.8800622954133055,-0.2587459014992378,0.3447587706888749,-1.2323868493049976,0.31549744576255045,-0.03188027019339981,0.15175761411755148,-0.19043507548934296,0.8847053916957475,-0.7010234077073537,-0.6614931341138031,-0.2233351620555646,0.14290125237923185,-0.2721253284638621,-0.9738425028879462,-1024,-1.7994178660564941,-0.5620539469836628,-0.1362535844477283,-0.2619304701578917,0.7652443374595828,-0.25635423619862363,-0.22429918718089983,-0.1537067927808271,-0.7132049142106662,0.2748986356675431,-0.23909366721572659,0.5218734571954006,-0.2071710399314778,0.2570181171427768,0.2401413816859781,-0.7101589620438017,0.09095361176629582,0.11081492815212772,0.36697727576875766,0.34059842042513544,0.6083756178161854,0.09018075347559602,-1.6719428333270672,-0.28971405547905915,0.0949774900940628,-0.19192244697905347,0.1582867925228947,-0.5701932793389755,0.21583934123727633,-0.62697306985091,-1.3502660921332477,-1.057271348748708,-0.569484845215092,0.06941197115538236,-0.39697875223651674,0.2934308590075739,0.24326537178369836,0.13136159619216065,0.1954815987692496,0.03732188234400391,-0.7149865770170423,0.1231818462227222,0.343042897664996,0.24571276465804792,-0.7226599956035765,0.09723512030605255,-0.9878992222600479,0.17125764515015582,0.3531872771110754,-0.08091825471734015,-1.0449129011806804,-0.41863677781733016,0.08995729290124944,-0.4329789704886993,0.4506528425617459,-0.3439685336804268,0.23246402187990764,0.09604479596135178,-0.4242683644094822,-0.39267686095165516,-0.35994846889136284,-0.23117761258070907,1.0,INT
1897,1,1,0.12059749190199731,-0.40076109726396525,1,0,0,0,1,0,0,0.25509525009402795,0.6711212755473904,0.4007726938244415,0.45811550909417376,0.9636623909205757,0.31845660184075325,0.37282055716812945,-0.06660384157710775,-0.1179445429922553,0.7845772360770121,0.8627691591423036,0.7193854000529996,0.9492924169692505,1.307425726284326,-0.1913714222949283,0.5756814849163268,1.1447310834397002,0.817087216378045,-0.09519962480949307,-0.2506986060958624,0.07141358851400526,0.307189516967379,-0.5212502772778831,0.7161341635576286,0.6336500881526987,0.9753653529367519,0.5646857633695564,-0.21121899014451512,0.5101751355081756,-0.4548054044606023,0.9644168972562299,0.1533771147054748,-0.1763939022875436,0.3768179223081371,0.7034204835869613,-0.1134789124629598,0.2575041329503894,0.16297601293224837,1.1111032088753214,0.49227686367088713,0.3166988701807862,1.50341948094043,0.41436849554065736,0.42574049442019424,0.9531506474213581,0.06557967903353867,-0.08642280430820708,0.11645198537026462,0.5608638118087479,1.033670603873515,1.2691591198034569,0.9401080202008084,1.21773982575537,1.0433718609608715,0.6871860465611215,0.7723153074140008,1.2446599168827917,0.47076973734252875,0.28522032199908387,0.5956763307576266,-0.47731240913382034,0.7714326735129932,-0.06978118222155452,1.0495494267531622,0.7970581167872308,-1024,0.6949508720460575,0.9617946977461848,0.30877794067610015,0.8473900493191604,0.40417941461325935,0.07236408692011374,0.0017051012066094174,0.7083433359354591,0.8184474395394703,0.4617698864354401,1.0740505461796686,-0.21732470162083045,0.09056073223398133,-0.11703563080893138,0.11382193125448845,0.9491877713491753,0.04129512970870799,1.2064395194449236,0.40839917067729303,0.715452488560864,-0.12932524768397047,0.07664184688843181,0.6792647343390079,0.14077296679598422,0.1348706142955289,0.6628592563789966,0.9720168727221755,0.2724631618113709,0.8333106548974802,0.6818529016898034,0.5883330217434594,0.594785592485516,-0.678967202798539,0.8570293241102306,0.6294539972720911,1.137141061172441,0.20609356740413967,-0.05248554035412518,0.68464921750412,0.4501654816178538,0.9050211440216807,-0.35196815002036025,-0.5655186947726695,0.2498144903034949,-0.7714970464493921,0.15086009945046078,1.0600972109057816,-0.07264595257307004,0.8744528754781099,0.9653450403869889,0.4374859590951972,-0.056200456273227825,1.283368244981867,0.5898262637076035,0.42896321500724344,0.8227134652377986,-0.04473970115485064,-0.42426771215655945,0.05955009116372391,0.7337847073620907,0.9813584656981776,0.4243287561110468,0.0,SZMC
